1772359973
websocket-loadgen-wvtpf             19m    65Mi   
websocket-server-5f4f67c6f4-8g2fl   174m   49Mi   
websocket-server-5f4f67c6f4-dgcgd   197m   48Mi   
1772359978
websocket-loadgen-wvtpf             19m    65Mi   
websocket-server-5f4f67c6f4-8g2fl   174m   49Mi   
websocket-server-5f4f67c6f4-dgcgd   197m   48Mi   
1772359984
websocket-loadgen-wvtpf             19m    65Mi   
websocket-server-5f4f67c6f4-8g2fl   174m   49Mi   
websocket-server-5f4f67c6f4-dgcgd   197m   48Mi   
1772359990
websocket-loadgen-wvtpf             48m    66Mi   
websocket-server-5f4f67c6f4-8g2fl   246m   50Mi   
websocket-server-5f4f67c6f4-dgcgd   244m   48Mi   
1772359995
websocket-loadgen-wvtpf             48m    66Mi   
websocket-server-5f4f67c6f4-8g2fl   246m   50Mi   
websocket-server-5f4f67c6f4-dgcgd   244m   48Mi   
1772360001
websocket-loadgen-wvtpf             48m    66Mi   
websocket-server-5f4f67c6f4-8g2fl   246m   50Mi   
websocket-server-5f4f67c6f4-dgcgd   244m   48Mi   
1772360006
websocket-loadgen-wvtpf             104m   66Mi   
websocket-server-5f4f67c6f4-8g2fl   438m   50Mi   
websocket-server-5f4f67c6f4-dgcgd   499m   49Mi   
1772360011
websocket-loadgen-wvtpf             104m   66Mi   
websocket-server-5f4f67c6f4-8g2fl   438m   50Mi   
websocket-server-5f4f67c6f4-dgcgd   499m   49Mi   
1772360016
websocket-loadgen-wvtpf             77m    67Mi   
websocket-server-5f4f67c6f4-65l82   0m     25Mi   
websocket-server-5f4f67c6f4-87z6g   0m     25Mi   
websocket-server-5f4f67c6f4-8g2fl   497m   51Mi   
websocket-server-5f4f67c6f4-dgcgd   500m   49Mi   
websocket-server-5f4f67c6f4-kfn6d   186m   25Mi   
1772360021
websocket-loadgen-wvtpf             77m    67Mi   
websocket-server-5f4f67c6f4-65l82   0m     25Mi   
websocket-server-5f4f67c6f4-87z6g   0m     25Mi   
websocket-server-5f4f67c6f4-8g2fl   497m   51Mi   
websocket-server-5f4f67c6f4-dgcgd   500m   49Mi   
websocket-server-5f4f67c6f4-kfn6d   186m   25Mi   
1772360026
websocket-loadgen-wvtpf             77m    67Mi   
websocket-server-5f4f67c6f4-65l82   0m     25Mi   
websocket-server-5f4f67c6f4-87z6g   0m     25Mi   
websocket-server-5f4f67c6f4-8g2fl   497m   51Mi   
websocket-server-5f4f67c6f4-dgcgd   500m   49Mi   
websocket-server-5f4f67c6f4-kfn6d   186m   25Mi   
1772360031
websocket-loadgen-wvtpf             48m    68Mi   
websocket-server-5f4f67c6f4-45fb2   0m     25Mi   
websocket-server-5f4f67c6f4-65l82   0m     25Mi   
websocket-server-5f4f67c6f4-87z6g   0m     25Mi   
websocket-server-5f4f67c6f4-8g2fl   500m   50Mi   
websocket-server-5f4f67c6f4-96fbm   20m    25Mi   
websocket-server-5f4f67c6f4-dgcgd   500m   49Mi   
websocket-server-5f4f67c6f4-hd5jb   0m     25Mi   
websocket-server-5f4f67c6f4-kfn6d   0m     25Mi   
1772360037
websocket-loadgen-wvtpf             48m    68Mi   
websocket-server-5f4f67c6f4-45fb2   0m     25Mi   
websocket-server-5f4f67c6f4-65l82   0m     25Mi   
websocket-server-5f4f67c6f4-87z6g   0m     25Mi   
websocket-server-5f4f67c6f4-8g2fl   500m   50Mi   
websocket-server-5f4f67c6f4-96fbm   20m    25Mi   
websocket-server-5f4f67c6f4-dgcgd   500m   49Mi   
websocket-server-5f4f67c6f4-hd5jb   0m     25Mi   
websocket-server-5f4f67c6f4-kfn6d   0m     25Mi   
1772360042
websocket-loadgen-wvtpf             48m    68Mi   
websocket-server-5f4f67c6f4-45fb2   0m     25Mi   
websocket-server-5f4f67c6f4-65l82   0m     25Mi   
websocket-server-5f4f67c6f4-87z6g   0m     25Mi   
websocket-server-5f4f67c6f4-8g2fl   500m   50Mi   
websocket-server-5f4f67c6f4-96fbm   20m    25Mi   
websocket-server-5f4f67c6f4-dgcgd   500m   49Mi   
websocket-server-5f4f67c6f4-hd5jb   0m     25Mi   
websocket-server-5f4f67c6f4-kfn6d   0m     25Mi   
1772360047
websocket-server-5f4f67c6f4-45fb2   0m     25Mi   
websocket-server-5f4f67c6f4-65l82   0m     25Mi   
websocket-server-5f4f67c6f4-87z6g   0m     25Mi   
websocket-server-5f4f67c6f4-8g2fl   402m   50Mi   
websocket-server-5f4f67c6f4-96fbm   0m     25Mi   
websocket-server-5f4f67c6f4-dgcgd   374m   48Mi   
websocket-server-5f4f67c6f4-hd5jb   0m     25Mi   
websocket-server-5f4f67c6f4-kfn6d   23m    32Mi   
1772360052
websocket-server-5f4f67c6f4-45fb2   0m     25Mi   
websocket-server-5f4f67c6f4-65l82   0m     25Mi   
websocket-server-5f4f67c6f4-87z6g   0m     25Mi   
websocket-server-5f4f67c6f4-8g2fl   402m   50Mi   
websocket-server-5f4f67c6f4-96fbm   0m     25Mi   
websocket-server-5f4f67c6f4-dgcgd   374m   48Mi   
websocket-server-5f4f67c6f4-hd5jb   0m     25Mi   
websocket-server-5f4f67c6f4-kfn6d   23m    32Mi   
1772360057
websocket-server-5f4f67c6f4-45fb2   0m     25Mi   
websocket-server-5f4f67c6f4-65l82   0m     25Mi   
websocket-server-5f4f67c6f4-87z6g   0m     25Mi   
websocket-server-5f4f67c6f4-8g2fl   402m   50Mi   
websocket-server-5f4f67c6f4-96fbm   0m     25Mi   
websocket-server-5f4f67c6f4-dgcgd   374m   48Mi   
websocket-server-5f4f67c6f4-hd5jb   0m     25Mi   
websocket-server-5f4f67c6f4-kfn6d   23m    32Mi   
1772360063
websocket-loadgen-97prs             78m    66Mi   
websocket-server-5f4f67c6f4-45fb2   83m    32Mi   
websocket-server-5f4f67c6f4-65l82   157m   32Mi   
websocket-server-5f4f67c6f4-87z6g   203m   31Mi   
websocket-server-5f4f67c6f4-8g2fl   172m   53Mi   
websocket-server-5f4f67c6f4-96fbm   144m   32Mi   
websocket-server-5f4f67c6f4-dgcgd   162m   51Mi   
websocket-server-5f4f67c6f4-hd5jb   42m    31Mi   
websocket-server-5f4f67c6f4-kfn6d   158m   32Mi   
1772360068
websocket-loadgen-97prs             78m    66Mi   
websocket-server-5f4f67c6f4-45fb2   83m    32Mi   
websocket-server-5f4f67c6f4-65l82   157m   32Mi   
websocket-server-5f4f67c6f4-87z6g   203m   31Mi   
websocket-server-5f4f67c6f4-8g2fl   172m   53Mi   
websocket-server-5f4f67c6f4-96fbm   144m   32Mi   
websocket-server-5f4f67c6f4-dgcgd   162m   51Mi   
websocket-server-5f4f67c6f4-hd5jb   42m    31Mi   
websocket-server-5f4f67c6f4-kfn6d   158m   32Mi   
1772360073
websocket-loadgen-97prs             78m    66Mi   
websocket-server-5f4f67c6f4-45fb2   83m    32Mi   
websocket-server-5f4f67c6f4-65l82   157m   32Mi   
websocket-server-5f4f67c6f4-87z6g   203m   31Mi   
websocket-server-5f4f67c6f4-8g2fl   172m   53Mi   
websocket-server-5f4f67c6f4-96fbm   144m   32Mi   
websocket-server-5f4f67c6f4-dgcgd   162m   51Mi   
websocket-server-5f4f67c6f4-hd5jb   42m    31Mi   
websocket-server-5f4f67c6f4-kfn6d   158m   32Mi   
1772360078
websocket-loadgen-97prs             64m    67Mi   
websocket-server-5f4f67c6f4-45fb2   254m   32Mi   
websocket-server-5f4f67c6f4-65l82   182m   31Mi   
websocket-server-5f4f67c6f4-87z6g   177m   31Mi   
websocket-server-5f4f67c6f4-8g2fl   262m   53Mi   
websocket-server-5f4f67c6f4-96fbm   227m   32Mi   
websocket-server-5f4f67c6f4-dgcgd   294m   51Mi   
websocket-server-5f4f67c6f4-hd5jb   254m   30Mi   
websocket-server-5f4f67c6f4-kfn6d   259m   32Mi   
1772360083
websocket-loadgen-97prs             64m    67Mi   
websocket-server-5f4f67c6f4-45fb2   254m   32Mi   
websocket-server-5f4f67c6f4-65l82   182m   31Mi   
websocket-server-5f4f67c6f4-87z6g   177m   31Mi   
websocket-server-5f4f67c6f4-8g2fl   262m   53Mi   
websocket-server-5f4f67c6f4-96fbm   227m   32Mi   
websocket-server-5f4f67c6f4-dgcgd   294m   51Mi   
websocket-server-5f4f67c6f4-hd5jb   254m   30Mi   
websocket-server-5f4f67c6f4-kfn6d   259m   32Mi   
1772360088
websocket-loadgen-97prs             64m    67Mi   
websocket-server-5f4f67c6f4-45fb2   254m   32Mi   
websocket-server-5f4f67c6f4-65l82   182m   31Mi   
websocket-server-5f4f67c6f4-87z6g   177m   31Mi   
websocket-server-5f4f67c6f4-8g2fl   262m   53Mi   
websocket-server-5f4f67c6f4-96fbm   227m   32Mi   
websocket-server-5f4f67c6f4-dgcgd   294m   51Mi   
websocket-server-5f4f67c6f4-hd5jb   254m   30Mi   
websocket-server-5f4f67c6f4-kfn6d   259m   32Mi   
1772360093
websocket-loadgen-97prs             44m    68Mi   
websocket-server-5f4f67c6f4-45fb2   134m   31Mi   
websocket-server-5f4f67c6f4-65l82   137m   31Mi   
websocket-server-5f4f67c6f4-87z6g   130m   31Mi   
websocket-server-5f4f67c6f4-8g2fl   122m   53Mi   
websocket-server-5f4f67c6f4-96fbm   143m   32Mi   
websocket-server-5f4f67c6f4-dgcgd   158m   51Mi   
websocket-server-5f4f67c6f4-hd5jb   121m   30Mi   
websocket-server-5f4f67c6f4-kfn6d   131m   31Mi   
websocket-server-5f4f67c6f4-vrqjr   0m     25Mi   
websocket-server-5f4f67c6f4-xzbwh   0m     25Mi   
1772360098
websocket-loadgen-97prs             44m    68Mi   
websocket-server-5f4f67c6f4-45fb2   134m   31Mi   
websocket-server-5f4f67c6f4-65l82   137m   31Mi   
websocket-server-5f4f67c6f4-87z6g   130m   31Mi   
websocket-server-5f4f67c6f4-8g2fl   122m   53Mi   
websocket-server-5f4f67c6f4-96fbm   143m   32Mi   
websocket-server-5f4f67c6f4-dgcgd   158m   51Mi   
websocket-server-5f4f67c6f4-hd5jb   121m   30Mi   
websocket-server-5f4f67c6f4-kfn6d   131m   31Mi   
websocket-server-5f4f67c6f4-vrqjr   0m     25Mi   
websocket-server-5f4f67c6f4-xzbwh   0m     25Mi   
1772360103
websocket-loadgen-97prs             44m    68Mi   
websocket-server-5f4f67c6f4-45fb2   134m   31Mi   
websocket-server-5f4f67c6f4-65l82   137m   31Mi   
websocket-server-5f4f67c6f4-87z6g   130m   31Mi   
websocket-server-5f4f67c6f4-8g2fl   122m   53Mi   
websocket-server-5f4f67c6f4-96fbm   143m   32Mi   
websocket-server-5f4f67c6f4-dgcgd   158m   51Mi   
websocket-server-5f4f67c6f4-hd5jb   121m   30Mi   
websocket-server-5f4f67c6f4-kfn6d   131m   31Mi   
websocket-server-5f4f67c6f4-vrqjr   0m     25Mi   
websocket-server-5f4f67c6f4-xzbwh   0m     25Mi   
1772360108
websocket-loadgen-97prs             43m    66Mi   
websocket-server-5f4f67c6f4-45fb2   125m   31Mi   
websocket-server-5f4f67c6f4-65l82   157m   32Mi   
websocket-server-5f4f67c6f4-7w5zm   40m    25Mi   
websocket-server-5f4f67c6f4-87z6g   154m   31Mi   
websocket-server-5f4f67c6f4-88jgf   37m    25Mi   
websocket-server-5f4f67c6f4-8g2fl   117m   53Mi   
websocket-server-5f4f67c6f4-96fbm   157m   32Mi   
websocket-server-5f4f67c6f4-dgcgd   122m   52Mi   
websocket-server-5f4f67c6f4-hd5jb   116m   31Mi   
websocket-server-5f4f67c6f4-k82hd   35m    25Mi   
websocket-server-5f4f67c6f4-kfn6d   155m   31Mi   
websocket-server-5f4f67c6f4-vrqjr   0m     25Mi   
websocket-server-5f4f67c6f4-xhx94   49m    25Mi   
websocket-server-5f4f67c6f4-xzbwh   0m     25Mi   
websocket-server-5f4f67c6f4-z5ftb   44m    25Mi   
1772360113
websocket-loadgen-97prs             43m    66Mi   
websocket-server-5f4f67c6f4-45fb2   125m   31Mi   
websocket-server-5f4f67c6f4-65l82   157m   32Mi   
websocket-server-5f4f67c6f4-7w5zm   40m    25Mi   
websocket-server-5f4f67c6f4-87z6g   154m   31Mi   
websocket-server-5f4f67c6f4-88jgf   37m    25Mi   
websocket-server-5f4f67c6f4-8g2fl   117m   53Mi   
websocket-server-5f4f67c6f4-96fbm   157m   32Mi   
websocket-server-5f4f67c6f4-dgcgd   122m   52Mi   
websocket-server-5f4f67c6f4-hd5jb   116m   31Mi   
websocket-server-5f4f67c6f4-k82hd   35m    25Mi   
websocket-server-5f4f67c6f4-kfn6d   155m   31Mi   
websocket-server-5f4f67c6f4-vrqjr   0m     25Mi   
websocket-server-5f4f67c6f4-xhx94   49m    25Mi   
websocket-server-5f4f67c6f4-xzbwh   0m     25Mi   
websocket-server-5f4f67c6f4-z5ftb   44m    25Mi   
1772360119
websocket-loadgen-97prs             43m    66Mi   
websocket-server-5f4f67c6f4-45fb2   125m   31Mi   
websocket-server-5f4f67c6f4-65l82   157m   32Mi   
websocket-server-5f4f67c6f4-7w5zm   40m    25Mi   
websocket-server-5f4f67c6f4-87z6g   154m   31Mi   
websocket-server-5f4f67c6f4-88jgf   37m    25Mi   
websocket-server-5f4f67c6f4-8g2fl   117m   53Mi   
websocket-server-5f4f67c6f4-96fbm   157m   32Mi   
websocket-server-5f4f67c6f4-dgcgd   122m   52Mi   
websocket-server-5f4f67c6f4-hd5jb   116m   31Mi   
websocket-server-5f4f67c6f4-k82hd   35m    25Mi   
websocket-server-5f4f67c6f4-kfn6d   155m   31Mi   
websocket-server-5f4f67c6f4-vrqjr   0m     25Mi   
websocket-server-5f4f67c6f4-xhx94   49m    25Mi   
websocket-server-5f4f67c6f4-xzbwh   0m     25Mi   
websocket-server-5f4f67c6f4-z5ftb   44m    25Mi   
1772360124
websocket-loadgen-97prs             43m    68Mi   
websocket-server-5f4f67c6f4-45fb2   194m   31Mi   
websocket-server-5f4f67c6f4-65l82   163m   31Mi   
websocket-server-5f4f67c6f4-7w5zm   0m     25Mi   
websocket-server-5f4f67c6f4-87z6g   143m   31Mi   
websocket-server-5f4f67c6f4-88jgf   0m     25Mi   
websocket-server-5f4f67c6f4-8g2fl   133m   53Mi   
websocket-server-5f4f67c6f4-96fbm   146m   32Mi   
websocket-server-5f4f67c6f4-dgcgd   113m   51Mi   
websocket-server-5f4f67c6f4-hd5jb   116m   31Mi   
websocket-server-5f4f67c6f4-k82hd   0m     25Mi   
websocket-server-5f4f67c6f4-kfn6d   136m   31Mi   
websocket-server-5f4f67c6f4-vrqjr   0m     25Mi   
websocket-server-5f4f67c6f4-xhx94   0m     25Mi   
websocket-server-5f4f67c6f4-xzbwh   0m     25Mi   
websocket-server-5f4f67c6f4-z5ftb   0m     25Mi   
1772360129
websocket-loadgen-97prs             43m    68Mi   
websocket-server-5f4f67c6f4-45fb2   194m   31Mi   
websocket-server-5f4f67c6f4-65l82   163m   31Mi   
websocket-server-5f4f67c6f4-7w5zm   0m     25Mi   
websocket-server-5f4f67c6f4-87z6g   143m   31Mi   
websocket-server-5f4f67c6f4-88jgf   0m     25Mi   
websocket-server-5f4f67c6f4-8g2fl   133m   53Mi   
websocket-server-5f4f67c6f4-96fbm   146m   32Mi   
websocket-server-5f4f67c6f4-dgcgd   113m   51Mi   
websocket-server-5f4f67c6f4-hd5jb   116m   31Mi   
websocket-server-5f4f67c6f4-k82hd   0m     25Mi   
websocket-server-5f4f67c6f4-kfn6d   136m   31Mi   
websocket-server-5f4f67c6f4-vrqjr   0m     25Mi   
websocket-server-5f4f67c6f4-xhx94   0m     25Mi   
websocket-server-5f4f67c6f4-xzbwh   0m     25Mi   
websocket-server-5f4f67c6f4-z5ftb   0m     25Mi   
1772360134
websocket-server-5f4f67c6f4-45fb2   194m   31Mi   
websocket-server-5f4f67c6f4-65l82   163m   31Mi   
websocket-server-5f4f67c6f4-7w5zm   0m     25Mi   
websocket-server-5f4f67c6f4-87z6g   143m   31Mi   
websocket-server-5f4f67c6f4-88jgf   0m     25Mi   
websocket-server-5f4f67c6f4-8g2fl   133m   53Mi   
websocket-server-5f4f67c6f4-96fbm   146m   32Mi   
websocket-server-5f4f67c6f4-dgcgd   113m   51Mi   
websocket-server-5f4f67c6f4-hd5jb   116m   31Mi   
websocket-server-5f4f67c6f4-k82hd   0m     25Mi   
websocket-server-5f4f67c6f4-kfn6d   136m   31Mi   
websocket-server-5f4f67c6f4-vrqjr   0m     25Mi   
websocket-server-5f4f67c6f4-xhx94   0m     25Mi   
websocket-server-5f4f67c6f4-xzbwh   0m     25Mi   
websocket-server-5f4f67c6f4-z5ftb   0m     25Mi   
1772360139
websocket-server-5f4f67c6f4-45fb2   132m   31Mi   
websocket-server-5f4f67c6f4-65l82   120m   33Mi   
websocket-server-5f4f67c6f4-7w5zm   0m     25Mi   
websocket-server-5f4f67c6f4-87z6g   154m   31Mi   
websocket-server-5f4f67c6f4-88jgf   0m     25Mi   
websocket-server-5f4f67c6f4-8g2fl   133m   53Mi   
websocket-server-5f4f67c6f4-96fbm   145m   32Mi   
websocket-server-5f4f67c6f4-dgcgd   145m   51Mi   
websocket-server-5f4f67c6f4-hd5jb   121m   30Mi   
websocket-server-5f4f67c6f4-k82hd   0m     25Mi   
websocket-server-5f4f67c6f4-kfn6d   133m   31Mi   
websocket-server-5f4f67c6f4-vrqjr   0m     25Mi   
websocket-server-5f4f67c6f4-xhx94   0m     25Mi   
websocket-server-5f4f67c6f4-xzbwh   0m     25Mi   
websocket-server-5f4f67c6f4-z5ftb   0m     25Mi   
1772360144
websocket-server-5f4f67c6f4-45fb2   132m   31Mi   
websocket-server-5f4f67c6f4-65l82   120m   33Mi   
websocket-server-5f4f67c6f4-7w5zm   0m     25Mi   
websocket-server-5f4f67c6f4-87z6g   154m   31Mi   
websocket-server-5f4f67c6f4-88jgf   0m     25Mi   
websocket-server-5f4f67c6f4-8g2fl   133m   53Mi   
websocket-server-5f4f67c6f4-96fbm   145m   32Mi   
websocket-server-5f4f67c6f4-dgcgd   145m   51Mi   
websocket-server-5f4f67c6f4-hd5jb   121m   30Mi   
websocket-server-5f4f67c6f4-k82hd   0m     25Mi   
websocket-server-5f4f67c6f4-kfn6d   133m   31Mi   
websocket-server-5f4f67c6f4-vrqjr   0m     25Mi   
websocket-server-5f4f67c6f4-xhx94   0m     25Mi   
websocket-server-5f4f67c6f4-xzbwh   0m     25Mi   
websocket-server-5f4f67c6f4-z5ftb   0m     25Mi   
1772360149
websocket-server-5f4f67c6f4-45fb2   132m   31Mi   
websocket-server-5f4f67c6f4-65l82   120m   33Mi   
websocket-server-5f4f67c6f4-7w5zm   0m     25Mi   
websocket-server-5f4f67c6f4-87z6g   154m   31Mi   
websocket-server-5f4f67c6f4-88jgf   0m     25Mi   
websocket-server-5f4f67c6f4-8g2fl   133m   53Mi   
websocket-server-5f4f67c6f4-96fbm   145m   32Mi   
websocket-server-5f4f67c6f4-dgcgd   145m   51Mi   
websocket-server-5f4f67c6f4-hd5jb   121m   30Mi   
websocket-server-5f4f67c6f4-k82hd   0m     25Mi   
websocket-server-5f4f67c6f4-kfn6d   133m   31Mi   
websocket-server-5f4f67c6f4-vrqjr   0m     25Mi   
websocket-server-5f4f67c6f4-xhx94   0m     25Mi   
websocket-server-5f4f67c6f4-xzbwh   0m     25Mi   
websocket-server-5f4f67c6f4-z5ftb   0m     25Mi   
1772360154
websocket-loadgen-4kcbz             26m    66Mi   
websocket-server-5f4f67c6f4-45fb2   102m   34Mi   
websocket-server-5f4f67c6f4-65l82   101m   33Mi   
websocket-server-5f4f67c6f4-7w5zm   71m    28Mi   
websocket-server-5f4f67c6f4-87z6g   115m   33Mi   
websocket-server-5f4f67c6f4-88jgf   62m    29Mi   
websocket-server-5f4f67c6f4-8g2fl   122m   55Mi   
websocket-server-5f4f67c6f4-96fbm   103m   33Mi   
websocket-server-5f4f67c6f4-dgcgd   118m   53Mi   
websocket-server-5f4f67c6f4-hd5jb   119m   34Mi   
websocket-server-5f4f67c6f4-k82hd   54m    29Mi   
websocket-server-5f4f67c6f4-kfn6d   106m   33Mi   
websocket-server-5f4f67c6f4-vrqjr   32m    28Mi   
websocket-server-5f4f67c6f4-xhx94   64m    29Mi   
websocket-server-5f4f67c6f4-xzbwh   67m    29Mi   
websocket-server-5f4f67c6f4-z5ftb   55m    28Mi   
1772360159
websocket-loadgen-4kcbz             26m    66Mi   
websocket-server-5f4f67c6f4-45fb2   102m   34Mi   
websocket-server-5f4f67c6f4-65l82   101m   33Mi   
websocket-server-5f4f67c6f4-7w5zm   71m    28Mi   
websocket-server-5f4f67c6f4-87z6g   115m   33Mi   
websocket-server-5f4f67c6f4-88jgf   62m    29Mi   
websocket-server-5f4f67c6f4-8g2fl   122m   55Mi   
websocket-server-5f4f67c6f4-96fbm   103m   33Mi   
websocket-server-5f4f67c6f4-dgcgd   118m   53Mi   
websocket-server-5f4f67c6f4-hd5jb   119m   34Mi   
websocket-server-5f4f67c6f4-k82hd   54m    29Mi   
websocket-server-5f4f67c6f4-kfn6d   106m   33Mi   
websocket-server-5f4f67c6f4-vrqjr   32m    28Mi   
websocket-server-5f4f67c6f4-xhx94   64m    29Mi   
websocket-server-5f4f67c6f4-xzbwh   67m    29Mi   
websocket-server-5f4f67c6f4-z5ftb   55m    28Mi   
1772360164
websocket-loadgen-4kcbz             26m    66Mi   
websocket-server-5f4f67c6f4-45fb2   102m   34Mi   
websocket-server-5f4f67c6f4-65l82   101m   33Mi   
websocket-server-5f4f67c6f4-7w5zm   71m    28Mi   
websocket-server-5f4f67c6f4-87z6g   115m   33Mi   
websocket-server-5f4f67c6f4-88jgf   62m    29Mi   
websocket-server-5f4f67c6f4-8g2fl   122m   55Mi   
websocket-server-5f4f67c6f4-96fbm   103m   33Mi   
websocket-server-5f4f67c6f4-dgcgd   118m   53Mi   
websocket-server-5f4f67c6f4-hd5jb   119m   34Mi   
websocket-server-5f4f67c6f4-k82hd   54m    29Mi   
websocket-server-5f4f67c6f4-kfn6d   106m   33Mi   
websocket-server-5f4f67c6f4-vrqjr   32m    28Mi   
websocket-server-5f4f67c6f4-xhx94   64m    29Mi   
websocket-server-5f4f67c6f4-xzbwh   67m    29Mi   
websocket-server-5f4f67c6f4-z5ftb   55m    28Mi   
1772360169
websocket-loadgen-4kcbz             31m    66Mi   
websocket-server-5f4f67c6f4-45fb2   98m    34Mi   
websocket-server-5f4f67c6f4-65l82   78m    33Mi   
websocket-server-5f4f67c6f4-7w5zm   111m   29Mi   
websocket-server-5f4f67c6f4-87z6g   74m    33Mi   
websocket-server-5f4f67c6f4-88jgf   62m    29Mi   
websocket-server-5f4f67c6f4-8g2fl   72m    55Mi   
websocket-server-5f4f67c6f4-96fbm   78m    33Mi   
websocket-server-5f4f67c6f4-dgcgd   83m    53Mi   
websocket-server-5f4f67c6f4-hd5jb   96m    34Mi   
websocket-server-5f4f67c6f4-k82hd   109m   28Mi   
websocket-server-5f4f67c6f4-kfn6d   89m    33Mi   
websocket-server-5f4f67c6f4-vrqjr   92m    28Mi   
websocket-server-5f4f67c6f4-xhx94   89m    29Mi   
websocket-server-5f4f67c6f4-xzbwh   100m   29Mi   
websocket-server-5f4f67c6f4-z5ftb   71m    28Mi   
1772360175
websocket-loadgen-4kcbz             31m    66Mi   
websocket-server-5f4f67c6f4-45fb2   98m    34Mi   
websocket-server-5f4f67c6f4-65l82   78m    33Mi   
websocket-server-5f4f67c6f4-7w5zm   111m   29Mi   
websocket-server-5f4f67c6f4-87z6g   74m    33Mi   
websocket-server-5f4f67c6f4-88jgf   62m    29Mi   
websocket-server-5f4f67c6f4-8g2fl   72m    55Mi   
websocket-server-5f4f67c6f4-96fbm   78m    33Mi   
websocket-server-5f4f67c6f4-dgcgd   83m    53Mi   
websocket-server-5f4f67c6f4-hd5jb   96m    34Mi   
websocket-server-5f4f67c6f4-k82hd   109m   28Mi   
websocket-server-5f4f67c6f4-kfn6d   89m    33Mi   
websocket-server-5f4f67c6f4-vrqjr   92m    28Mi   
websocket-server-5f4f67c6f4-xhx94   89m    29Mi   
websocket-server-5f4f67c6f4-xzbwh   100m   29Mi   
websocket-server-5f4f67c6f4-z5ftb   71m    28Mi   
1772360180
websocket-loadgen-4kcbz             31m    66Mi   
websocket-server-5f4f67c6f4-45fb2   98m    34Mi   
websocket-server-5f4f67c6f4-65l82   78m    33Mi   
websocket-server-5f4f67c6f4-7w5zm   111m   29Mi   
websocket-server-5f4f67c6f4-87z6g   74m    33Mi   
websocket-server-5f4f67c6f4-88jgf   62m    29Mi   
websocket-server-5f4f67c6f4-8g2fl   72m    55Mi   
websocket-server-5f4f67c6f4-96fbm   78m    33Mi   
websocket-server-5f4f67c6f4-dgcgd   83m    53Mi   
websocket-server-5f4f67c6f4-hd5jb   96m    34Mi   
websocket-server-5f4f67c6f4-k82hd   109m   28Mi   
websocket-server-5f4f67c6f4-kfn6d   89m    33Mi   
websocket-server-5f4f67c6f4-vrqjr   92m    28Mi   
websocket-server-5f4f67c6f4-xhx94   89m    29Mi   
websocket-server-5f4f67c6f4-xzbwh   100m   29Mi   
websocket-server-5f4f67c6f4-z5ftb   71m    28Mi   
1772360185
websocket-loadgen-4kcbz             35m    65Mi   
websocket-server-5f4f67c6f4-45fb2   96m    34Mi   
websocket-server-5f4f67c6f4-65l82   78m    33Mi   
websocket-server-5f4f67c6f4-7w5zm   92m    29Mi   
websocket-server-5f4f67c6f4-87z6g   95m    33Mi   
websocket-server-5f4f67c6f4-88jgf   96m    29Mi   
websocket-server-5f4f67c6f4-8g2fl   87m    55Mi   
websocket-server-5f4f67c6f4-96fbm   95m    33Mi   
websocket-server-5f4f67c6f4-dgcgd   80m    53Mi   
websocket-server-5f4f67c6f4-hd5jb   111m   33Mi   
websocket-server-5f4f67c6f4-k82hd   86m    28Mi   
websocket-server-5f4f67c6f4-kfn6d   88m    33Mi   
websocket-server-5f4f67c6f4-vrqjr   79m    28Mi   
websocket-server-5f4f67c6f4-xhx94   93m    29Mi   
websocket-server-5f4f67c6f4-xzbwh   104m   29Mi   
websocket-server-5f4f67c6f4-z5ftb   79m    28Mi   
1772360190
websocket-loadgen-4kcbz             35m    65Mi   
websocket-server-5f4f67c6f4-45fb2   96m    34Mi   
websocket-server-5f4f67c6f4-65l82   78m    33Mi   
websocket-server-5f4f67c6f4-7w5zm   92m    29Mi   
websocket-server-5f4f67c6f4-87z6g   95m    33Mi   
websocket-server-5f4f67c6f4-88jgf   96m    29Mi   
websocket-server-5f4f67c6f4-8g2fl   87m    55Mi   
websocket-server-5f4f67c6f4-96fbm   95m    33Mi   
websocket-server-5f4f67c6f4-dgcgd   80m    53Mi   
websocket-server-5f4f67c6f4-hd5jb   111m   33Mi   
websocket-server-5f4f67c6f4-k82hd   86m    28Mi   
websocket-server-5f4f67c6f4-kfn6d   88m    33Mi   
websocket-server-5f4f67c6f4-vrqjr   79m    28Mi   
websocket-server-5f4f67c6f4-xhx94   93m    29Mi   
websocket-server-5f4f67c6f4-xzbwh   104m   29Mi   
websocket-server-5f4f67c6f4-z5ftb   79m    28Mi   
1772360195
websocket-loadgen-4kcbz             35m    65Mi   
websocket-server-5f4f67c6f4-45fb2   96m    34Mi   
websocket-server-5f4f67c6f4-65l82   78m    33Mi   
websocket-server-5f4f67c6f4-7w5zm   92m    29Mi   
websocket-server-5f4f67c6f4-87z6g   95m    33Mi   
websocket-server-5f4f67c6f4-88jgf   96m    29Mi   
websocket-server-5f4f67c6f4-8g2fl   87m    55Mi   
websocket-server-5f4f67c6f4-96fbm   95m    33Mi   
websocket-server-5f4f67c6f4-dgcgd   80m    53Mi   
websocket-server-5f4f67c6f4-hd5jb   111m   33Mi   
websocket-server-5f4f67c6f4-k82hd   86m    28Mi   
websocket-server-5f4f67c6f4-kfn6d   88m    33Mi   
websocket-server-5f4f67c6f4-vrqjr   79m    28Mi   
websocket-server-5f4f67c6f4-xhx94   93m    29Mi   
websocket-server-5f4f67c6f4-xzbwh   104m   29Mi   
websocket-server-5f4f67c6f4-z5ftb   79m    28Mi   
1772360200
websocket-loadgen-4kcbz             43m    66Mi   
websocket-server-5f4f67c6f4-45fb2   112m   34Mi   
websocket-server-5f4f67c6f4-65l82   84m    33Mi   
websocket-server-5f4f67c6f4-7w5zm   88m    28Mi   
websocket-server-5f4f67c6f4-87z6g   101m   33Mi   
websocket-server-5f4f67c6f4-88jgf   104m   29Mi   
websocket-server-5f4f67c6f4-8g2fl   72m    55Mi   
websocket-server-5f4f67c6f4-96fbm   97m    34Mi   
websocket-server-5f4f67c6f4-dgcgd   72m    53Mi   
websocket-server-5f4f67c6f4-hd5jb   87m    34Mi   
websocket-server-5f4f67c6f4-k82hd   108m   29Mi   
websocket-server-5f4f67c6f4-kfn6d   91m    33Mi   
websocket-server-5f4f67c6f4-vrqjr   89m    28Mi   
websocket-server-5f4f67c6f4-xhx94   110m   29Mi   
websocket-server-5f4f67c6f4-xzbwh   116m   30Mi   
websocket-server-5f4f67c6f4-z5ftb   80m    28Mi   
1772360205
websocket-loadgen-4kcbz             43m    66Mi   
websocket-server-5f4f67c6f4-45fb2   112m   34Mi   
websocket-server-5f4f67c6f4-65l82   84m    33Mi   
websocket-server-5f4f67c6f4-7w5zm   88m    28Mi   
websocket-server-5f4f67c6f4-87z6g   101m   33Mi   
websocket-server-5f4f67c6f4-88jgf   104m   29Mi   
websocket-server-5f4f67c6f4-8g2fl   72m    55Mi   
websocket-server-5f4f67c6f4-96fbm   97m    34Mi   
websocket-server-5f4f67c6f4-dgcgd   72m    53Mi   
websocket-server-5f4f67c6f4-hd5jb   87m    34Mi   
websocket-server-5f4f67c6f4-k82hd   108m   29Mi   
websocket-server-5f4f67c6f4-kfn6d   91m    33Mi   
websocket-server-5f4f67c6f4-vrqjr   89m    28Mi   
websocket-server-5f4f67c6f4-xhx94   110m   29Mi   
websocket-server-5f4f67c6f4-xzbwh   116m   30Mi   
websocket-server-5f4f67c6f4-z5ftb   80m    28Mi   
1772360210
websocket-loadgen-4kcbz             43m    66Mi   
websocket-server-5f4f67c6f4-45fb2   112m   34Mi   
websocket-server-5f4f67c6f4-65l82   84m    33Mi   
websocket-server-5f4f67c6f4-7w5zm   88m    28Mi   
websocket-server-5f4f67c6f4-87z6g   101m   33Mi   
websocket-server-5f4f67c6f4-88jgf   104m   29Mi   
websocket-server-5f4f67c6f4-8g2fl   72m    55Mi   
websocket-server-5f4f67c6f4-96fbm   97m    34Mi   
websocket-server-5f4f67c6f4-dgcgd   72m    53Mi   
websocket-server-5f4f67c6f4-hd5jb   87m    34Mi   
websocket-server-5f4f67c6f4-k82hd   108m   29Mi   
websocket-server-5f4f67c6f4-kfn6d   91m    33Mi   
websocket-server-5f4f67c6f4-vrqjr   89m    28Mi   
websocket-server-5f4f67c6f4-xhx94   110m   29Mi   
websocket-server-5f4f67c6f4-xzbwh   116m   30Mi   
websocket-server-5f4f67c6f4-z5ftb   80m    28Mi   
1772360215
websocket-loadgen-4kcbz             47m    67Mi   
websocket-server-5f4f67c6f4-45fb2   107m   34Mi   
websocket-server-5f4f67c6f4-65l82   74m    33Mi   
websocket-server-5f4f67c6f4-7w5zm   85m    29Mi   
websocket-server-5f4f67c6f4-87z6g   83m    33Mi   
websocket-server-5f4f67c6f4-88jgf   96m    29Mi   
websocket-server-5f4f67c6f4-8g2fl   93m    55Mi   
websocket-server-5f4f67c6f4-96fbm   108m   34Mi   
websocket-server-5f4f67c6f4-dgcgd   72m    53Mi   
websocket-server-5f4f67c6f4-hd5jb   117m   33Mi   
websocket-server-5f4f67c6f4-k82hd   93m    29Mi   
websocket-server-5f4f67c6f4-kfn6d   87m    33Mi   
websocket-server-5f4f67c6f4-vrqjr   88m    28Mi   
websocket-server-5f4f67c6f4-xhx94   89m    29Mi   
websocket-server-5f4f67c6f4-xzbwh   110m   29Mi   
websocket-server-5f4f67c6f4-z5ftb   81m    28Mi   
1772360221
websocket-loadgen-4kcbz             47m    67Mi   
websocket-server-5f4f67c6f4-45fb2   107m   34Mi   
websocket-server-5f4f67c6f4-65l82   74m    33Mi   
websocket-server-5f4f67c6f4-7w5zm   85m    29Mi   
websocket-server-5f4f67c6f4-87z6g   83m    33Mi   
websocket-server-5f4f67c6f4-88jgf   96m    29Mi   
websocket-server-5f4f67c6f4-8g2fl   93m    55Mi   
websocket-server-5f4f67c6f4-96fbm   108m   34Mi   
websocket-server-5f4f67c6f4-dgcgd   72m    53Mi   
websocket-server-5f4f67c6f4-hd5jb   117m   33Mi   
websocket-server-5f4f67c6f4-k82hd   93m    29Mi   
websocket-server-5f4f67c6f4-kfn6d   87m    33Mi   
websocket-server-5f4f67c6f4-vrqjr   88m    28Mi   
websocket-server-5f4f67c6f4-xhx94   89m    29Mi   
websocket-server-5f4f67c6f4-xzbwh   110m   29Mi   
websocket-server-5f4f67c6f4-z5ftb   81m    28Mi   
1772360226
websocket-server-5f4f67c6f4-45fb2   107m   34Mi   
websocket-server-5f4f67c6f4-65l82   74m    33Mi   
websocket-server-5f4f67c6f4-7w5zm   85m    29Mi   
websocket-server-5f4f67c6f4-87z6g   83m    33Mi   
websocket-server-5f4f67c6f4-88jgf   96m    29Mi   
websocket-server-5f4f67c6f4-8g2fl   93m    55Mi   
websocket-server-5f4f67c6f4-96fbm   108m   34Mi   
websocket-server-5f4f67c6f4-dgcgd   72m    53Mi   
websocket-server-5f4f67c6f4-hd5jb   117m   33Mi   
websocket-server-5f4f67c6f4-k82hd   93m    29Mi   
websocket-server-5f4f67c6f4-kfn6d   87m    33Mi   
websocket-server-5f4f67c6f4-vrqjr   88m    28Mi   
websocket-server-5f4f67c6f4-xhx94   89m    29Mi   
websocket-server-5f4f67c6f4-xzbwh   110m   29Mi   
websocket-server-5f4f67c6f4-z5ftb   81m    28Mi   
1772360231
websocket-server-5f4f67c6f4-45fb2   107m   34Mi   
websocket-server-5f4f67c6f4-65l82   75m    33Mi   
websocket-server-5f4f67c6f4-7w5zm   103m   28Mi   
websocket-server-5f4f67c6f4-87z6g   100m   33Mi   
websocket-server-5f4f67c6f4-88jgf   120m   29Mi   
websocket-server-5f4f67c6f4-8g2fl   70m    55Mi   
websocket-server-5f4f67c6f4-96fbm   95m    34Mi   
websocket-server-5f4f67c6f4-dgcgd   83m    53Mi   
websocket-server-5f4f67c6f4-hd5jb   88m    34Mi   
websocket-server-5f4f67c6f4-k82hd   93m    29Mi   
websocket-server-5f4f67c6f4-kfn6d   93m    33Mi   
websocket-server-5f4f67c6f4-vrqjr   77m    28Mi   
websocket-server-5f4f67c6f4-xhx94   89m    29Mi   
websocket-server-5f4f67c6f4-xzbwh   105m   29Mi   
websocket-server-5f4f67c6f4-z5ftb   90m    28Mi   
1772360236
websocket-server-5f4f67c6f4-45fb2   107m   34Mi   
websocket-server-5f4f67c6f4-65l82   75m    33Mi   
websocket-server-5f4f67c6f4-7w5zm   103m   28Mi   
websocket-server-5f4f67c6f4-87z6g   100m   33Mi   
websocket-server-5f4f67c6f4-88jgf   120m   29Mi   
websocket-server-5f4f67c6f4-8g2fl   70m    55Mi   
websocket-server-5f4f67c6f4-96fbm   95m    34Mi   
websocket-server-5f4f67c6f4-dgcgd   83m    53Mi   
websocket-server-5f4f67c6f4-hd5jb   88m    34Mi   
websocket-server-5f4f67c6f4-k82hd   93m    29Mi   
websocket-server-5f4f67c6f4-kfn6d   93m    33Mi   
websocket-server-5f4f67c6f4-vrqjr   77m    28Mi   
websocket-server-5f4f67c6f4-xhx94   89m    29Mi   
websocket-server-5f4f67c6f4-xzbwh   105m   29Mi   
websocket-server-5f4f67c6f4-z5ftb   90m    28Mi   
1772360241
websocket-loadgen-pbq99             31m    65Mi   
websocket-server-5f4f67c6f4-45fb2   96m    37Mi   
websocket-server-5f4f67c6f4-65l82   102m   37Mi   
websocket-server-5f4f67c6f4-7w5zm   105m   31Mi   
websocket-server-5f4f67c6f4-87z6g   88m    36Mi   
websocket-server-5f4f67c6f4-88jgf   114m   32Mi   
websocket-server-5f4f67c6f4-8g2fl   91m    55Mi   
websocket-server-5f4f67c6f4-96fbm   100m   36Mi   
websocket-server-5f4f67c6f4-dgcgd   86m    54Mi   
websocket-server-5f4f67c6f4-hd5jb   118m   36Mi   
websocket-server-5f4f67c6f4-k82hd   125m   32Mi   
websocket-server-5f4f67c6f4-kfn6d   84m    35Mi   
websocket-server-5f4f67c6f4-vrqjr   77m    28Mi   
websocket-server-5f4f67c6f4-xhx94   109m   31Mi   
websocket-server-5f4f67c6f4-xzbwh   78m    32Mi   
websocket-server-5f4f67c6f4-z5ftb   97m    31Mi   
1772360247
websocket-loadgen-pbq99             31m    65Mi   
websocket-server-5f4f67c6f4-45fb2   96m    37Mi   
websocket-server-5f4f67c6f4-65l82   102m   37Mi   
websocket-server-5f4f67c6f4-7w5zm   105m   31Mi   
websocket-server-5f4f67c6f4-87z6g   88m    36Mi   
websocket-server-5f4f67c6f4-88jgf   114m   32Mi   
websocket-server-5f4f67c6f4-8g2fl   91m    55Mi   
websocket-server-5f4f67c6f4-96fbm   100m   36Mi   
websocket-server-5f4f67c6f4-dgcgd   86m    54Mi   
websocket-server-5f4f67c6f4-hd5jb   118m   36Mi   
websocket-server-5f4f67c6f4-k82hd   125m   32Mi   
websocket-server-5f4f67c6f4-kfn6d   84m    35Mi   
websocket-server-5f4f67c6f4-vrqjr   77m    28Mi   
websocket-server-5f4f67c6f4-xhx94   109m   31Mi   
websocket-server-5f4f67c6f4-xzbwh   78m    32Mi   
websocket-server-5f4f67c6f4-z5ftb   97m    31Mi   
1772360252
websocket-loadgen-pbq99             31m    65Mi   
websocket-server-5f4f67c6f4-45fb2   96m    37Mi   
websocket-server-5f4f67c6f4-65l82   102m   37Mi   
websocket-server-5f4f67c6f4-7w5zm   105m   31Mi   
websocket-server-5f4f67c6f4-87z6g   88m    36Mi   
websocket-server-5f4f67c6f4-88jgf   114m   32Mi   
websocket-server-5f4f67c6f4-8g2fl   91m    55Mi   
websocket-server-5f4f67c6f4-96fbm   100m   36Mi   
websocket-server-5f4f67c6f4-dgcgd   86m    54Mi   
websocket-server-5f4f67c6f4-hd5jb   118m   36Mi   
websocket-server-5f4f67c6f4-k82hd   125m   32Mi   
websocket-server-5f4f67c6f4-kfn6d   84m    35Mi   
websocket-server-5f4f67c6f4-vrqjr   77m    28Mi   
websocket-server-5f4f67c6f4-xhx94   109m   31Mi   
websocket-server-5f4f67c6f4-xzbwh   78m    32Mi   
websocket-server-5f4f67c6f4-z5ftb   97m    31Mi   
1772360257
websocket-loadgen-pbq99             31m    65Mi   
websocket-server-5f4f67c6f4-45fb2   100m   37Mi   
websocket-server-5f4f67c6f4-65l82   123m   37Mi   
websocket-server-5f4f67c6f4-7w5zm   95m    31Mi   
websocket-server-5f4f67c6f4-87z6g   88m    36Mi   
websocket-server-5f4f67c6f4-88jgf   97m    32Mi   
websocket-server-5f4f67c6f4-8g2fl   63m    56Mi   
websocket-server-5f4f67c6f4-96fbm   87m    36Mi   
websocket-server-5f4f67c6f4-dgcgd   65m    54Mi   
websocket-server-5f4f67c6f4-hd5jb   74m    36Mi   
websocket-server-5f4f67c6f4-k82hd   88m    32Mi   
websocket-server-5f4f67c6f4-kfn6d   98m    35Mi   
websocket-server-5f4f67c6f4-vrqjr   92m    31Mi   
websocket-server-5f4f67c6f4-xhx94   84m    31Mi   
websocket-server-5f4f67c6f4-xzbwh   88m    31Mi   
websocket-server-5f4f67c6f4-z5ftb   73m    31Mi   
1772360262
websocket-loadgen-pbq99             31m    65Mi   
websocket-server-5f4f67c6f4-45fb2   100m   37Mi   
websocket-server-5f4f67c6f4-65l82   123m   37Mi   
websocket-server-5f4f67c6f4-7w5zm   95m    31Mi   
websocket-server-5f4f67c6f4-87z6g   88m    36Mi   
websocket-server-5f4f67c6f4-88jgf   97m    32Mi   
websocket-server-5f4f67c6f4-8g2fl   63m    56Mi   
websocket-server-5f4f67c6f4-96fbm   87m    36Mi   
websocket-server-5f4f67c6f4-dgcgd   65m    54Mi   
websocket-server-5f4f67c6f4-hd5jb   74m    36Mi   
websocket-server-5f4f67c6f4-k82hd   88m    32Mi   
websocket-server-5f4f67c6f4-kfn6d   98m    35Mi   
websocket-server-5f4f67c6f4-vrqjr   92m    31Mi   
websocket-server-5f4f67c6f4-xhx94   84m    31Mi   
websocket-server-5f4f67c6f4-xzbwh   88m    31Mi   
websocket-server-5f4f67c6f4-z5ftb   73m    31Mi   
1772360267
websocket-loadgen-pbq99             31m    65Mi   
websocket-server-5f4f67c6f4-45fb2   100m   37Mi   
websocket-server-5f4f67c6f4-65l82   123m   37Mi   
websocket-server-5f4f67c6f4-7w5zm   95m    31Mi   
websocket-server-5f4f67c6f4-87z6g   88m    36Mi   
websocket-server-5f4f67c6f4-88jgf   97m    32Mi   
websocket-server-5f4f67c6f4-8g2fl   63m    56Mi   
websocket-server-5f4f67c6f4-96fbm   87m    36Mi   
websocket-server-5f4f67c6f4-dgcgd   65m    54Mi   
websocket-server-5f4f67c6f4-hd5jb   74m    36Mi   
websocket-server-5f4f67c6f4-k82hd   88m    32Mi   
websocket-server-5f4f67c6f4-kfn6d   98m    35Mi   
websocket-server-5f4f67c6f4-vrqjr   92m    31Mi   
websocket-server-5f4f67c6f4-xhx94   84m    31Mi   
websocket-server-5f4f67c6f4-xzbwh   88m    31Mi   
websocket-server-5f4f67c6f4-z5ftb   73m    31Mi   
1772360272
websocket-loadgen-pbq99             48m    67Mi   
websocket-server-5f4f67c6f4-45fb2   117m   37Mi   
websocket-server-5f4f67c6f4-65l82   162m   37Mi   
websocket-server-5f4f67c6f4-7w5zm   79m    32Mi   
websocket-server-5f4f67c6f4-87z6g   106m   36Mi   
websocket-server-5f4f67c6f4-88jgf   113m   32Mi   
websocket-server-5f4f67c6f4-8g2fl   88m    56Mi   
websocket-server-5f4f67c6f4-96fbm   89m    36Mi   
websocket-server-5f4f67c6f4-dgcgd   59m    54Mi   
websocket-server-5f4f67c6f4-hd5jb   94m    36Mi   
websocket-server-5f4f67c6f4-k82hd   119m   32Mi   
websocket-server-5f4f67c6f4-kfn6d   97m    36Mi   
websocket-server-5f4f67c6f4-vrqjr   96m    31Mi   
websocket-server-5f4f67c6f4-xhx94   72m    32Mi   
websocket-server-5f4f67c6f4-xzbwh   67m    32Mi   
websocket-server-5f4f67c6f4-z5ftb   94m    31Mi   
1772360277
websocket-loadgen-pbq99             48m    67Mi   
websocket-server-5f4f67c6f4-45fb2   117m   37Mi   
websocket-server-5f4f67c6f4-65l82   162m   37Mi   
websocket-server-5f4f67c6f4-7w5zm   79m    32Mi   
websocket-server-5f4f67c6f4-87z6g   106m   36Mi   
websocket-server-5f4f67c6f4-88jgf   113m   32Mi   
websocket-server-5f4f67c6f4-8g2fl   88m    56Mi   
websocket-server-5f4f67c6f4-96fbm   89m    36Mi   
websocket-server-5f4f67c6f4-dgcgd   59m    54Mi   
websocket-server-5f4f67c6f4-hd5jb   94m    36Mi   
websocket-server-5f4f67c6f4-k82hd   119m   32Mi   
websocket-server-5f4f67c6f4-kfn6d   97m    36Mi   
websocket-server-5f4f67c6f4-vrqjr   96m    31Mi   
websocket-server-5f4f67c6f4-xhx94   72m    32Mi   
websocket-server-5f4f67c6f4-xzbwh   67m    32Mi   
websocket-server-5f4f67c6f4-z5ftb   94m    31Mi   
1772360283
websocket-loadgen-pbq99             48m    67Mi   
websocket-server-5f4f67c6f4-45fb2   117m   37Mi   
websocket-server-5f4f67c6f4-65l82   162m   37Mi   
websocket-server-5f4f67c6f4-7w5zm   79m    32Mi   
websocket-server-5f4f67c6f4-87z6g   106m   36Mi   
websocket-server-5f4f67c6f4-88jgf   113m   32Mi   
websocket-server-5f4f67c6f4-8g2fl   88m    56Mi   
websocket-server-5f4f67c6f4-96fbm   89m    36Mi   
websocket-server-5f4f67c6f4-dgcgd   59m    54Mi   
websocket-server-5f4f67c6f4-hd5jb   94m    36Mi   
websocket-server-5f4f67c6f4-k82hd   119m   32Mi   
websocket-server-5f4f67c6f4-kfn6d   97m    36Mi   
websocket-server-5f4f67c6f4-vrqjr   96m    31Mi   
websocket-server-5f4f67c6f4-xhx94   72m    32Mi   
websocket-server-5f4f67c6f4-xzbwh   67m    32Mi   
websocket-server-5f4f67c6f4-z5ftb   94m    31Mi   
1772360288
websocket-loadgen-pbq99             50m    66Mi   
websocket-server-5f4f67c6f4-45fb2   117m   37Mi   
websocket-server-5f4f67c6f4-65l82   122m   37Mi   
websocket-server-5f4f67c6f4-7w5zm   102m   32Mi   
websocket-server-5f4f67c6f4-87z6g   89m    36Mi   
websocket-server-5f4f67c6f4-88jgf   107m   33Mi   
websocket-server-5f4f67c6f4-8g2fl   85m    56Mi   
websocket-server-5f4f67c6f4-96fbm   88m    36Mi   
websocket-server-5f4f67c6f4-dgcgd   67m    54Mi   
websocket-server-5f4f67c6f4-hd5jb   94m    36Mi   
websocket-server-5f4f67c6f4-k82hd   87m    32Mi   
websocket-server-5f4f67c6f4-kfn6d   74m    36Mi   
websocket-server-5f4f67c6f4-vrqjr   85m    31Mi   
websocket-server-5f4f67c6f4-xhx94   89m    31Mi   
websocket-server-5f4f67c6f4-xzbwh   72m    31Mi   
websocket-server-5f4f67c6f4-z5ftb   94m    31Mi   
1772360293
websocket-loadgen-pbq99             50m    66Mi   
websocket-server-5f4f67c6f4-45fb2   117m   37Mi   
websocket-server-5f4f67c6f4-65l82   122m   37Mi   
websocket-server-5f4f67c6f4-7w5zm   102m   32Mi   
websocket-server-5f4f67c6f4-87z6g   89m    36Mi   
websocket-server-5f4f67c6f4-88jgf   107m   33Mi   
websocket-server-5f4f67c6f4-8g2fl   85m    56Mi   
websocket-server-5f4f67c6f4-96fbm   88m    36Mi   
websocket-server-5f4f67c6f4-dgcgd   67m    54Mi   
websocket-server-5f4f67c6f4-hd5jb   94m    36Mi   
websocket-server-5f4f67c6f4-k82hd   87m    32Mi   
websocket-server-5f4f67c6f4-kfn6d   74m    36Mi   
websocket-server-5f4f67c6f4-vrqjr   85m    31Mi   
websocket-server-5f4f67c6f4-xhx94   89m    31Mi   
websocket-server-5f4f67c6f4-xzbwh   72m    31Mi   
websocket-server-5f4f67c6f4-z5ftb   94m    31Mi   
1772360298
websocket-loadgen-pbq99             50m    66Mi   
websocket-server-5f4f67c6f4-45fb2   117m   37Mi   
websocket-server-5f4f67c6f4-65l82   122m   37Mi   
websocket-server-5f4f67c6f4-7w5zm   102m   32Mi   
websocket-server-5f4f67c6f4-87z6g   89m    36Mi   
websocket-server-5f4f67c6f4-88jgf   107m   33Mi   
websocket-server-5f4f67c6f4-8g2fl   85m    56Mi   
websocket-server-5f4f67c6f4-96fbm   88m    36Mi   
websocket-server-5f4f67c6f4-dgcgd   67m    54Mi   
websocket-server-5f4f67c6f4-hd5jb   94m    36Mi   
websocket-server-5f4f67c6f4-k82hd   87m    32Mi   
websocket-server-5f4f67c6f4-kfn6d   74m    36Mi   
websocket-server-5f4f67c6f4-vrqjr   85m    31Mi   
websocket-server-5f4f67c6f4-xhx94   89m    31Mi   
websocket-server-5f4f67c6f4-xzbwh   72m    31Mi   
websocket-server-5f4f67c6f4-z5ftb   94m    31Mi   
1772360303
websocket-loadgen-pbq99             48m    67Mi   
websocket-server-5f4f67c6f4-45fb2   100m   37Mi   
websocket-server-5f4f67c6f4-65l82   129m   37Mi   
websocket-server-5f4f67c6f4-7w5zm   84m    32Mi   
websocket-server-5f4f67c6f4-87z6g   76m    36Mi   
websocket-server-5f4f67c6f4-88jgf   115m   33Mi   
websocket-server-5f4f67c6f4-8g2fl   66m    56Mi   
websocket-server-5f4f67c6f4-96fbm   88m    36Mi   
websocket-server-5f4f67c6f4-dgcgd   65m    54Mi   
websocket-server-5f4f67c6f4-hd5jb   81m    36Mi   
websocket-server-5f4f67c6f4-k82hd   121m   32Mi   
websocket-server-5f4f67c6f4-kfn6d   93m    36Mi   
websocket-server-5f4f67c6f4-vrqjr   85m    31Mi   
websocket-server-5f4f67c6f4-xhx94   73m    32Mi   
websocket-server-5f4f67c6f4-xzbwh   88m    31Mi   
websocket-server-5f4f67c6f4-z5ftb   93m    31Mi   
1772360308
websocket-loadgen-pbq99             48m    67Mi   
websocket-server-5f4f67c6f4-45fb2   100m   37Mi   
websocket-server-5f4f67c6f4-65l82   129m   37Mi   
websocket-server-5f4f67c6f4-7w5zm   84m    32Mi   
websocket-server-5f4f67c6f4-87z6g   76m    36Mi   
websocket-server-5f4f67c6f4-88jgf   115m   33Mi   
websocket-server-5f4f67c6f4-8g2fl   66m    56Mi   
websocket-server-5f4f67c6f4-96fbm   88m    36Mi   
websocket-server-5f4f67c6f4-dgcgd   65m    54Mi   
websocket-server-5f4f67c6f4-hd5jb   81m    36Mi   
websocket-server-5f4f67c6f4-k82hd   121m   32Mi   
websocket-server-5f4f67c6f4-kfn6d   93m    36Mi   
websocket-server-5f4f67c6f4-vrqjr   85m    31Mi   
websocket-server-5f4f67c6f4-xhx94   73m    32Mi   
websocket-server-5f4f67c6f4-xzbwh   88m    31Mi   
websocket-server-5f4f67c6f4-z5ftb   93m    31Mi   
1772360313
websocket-loadgen-pbq99             48m    67Mi   
websocket-server-5f4f67c6f4-45fb2   100m   37Mi   
websocket-server-5f4f67c6f4-65l82   129m   37Mi   
websocket-server-5f4f67c6f4-7w5zm   84m    32Mi   
websocket-server-5f4f67c6f4-87z6g   76m    36Mi   
websocket-server-5f4f67c6f4-88jgf   115m   33Mi   
websocket-server-5f4f67c6f4-8g2fl   66m    56Mi   
websocket-server-5f4f67c6f4-96fbm   88m    36Mi   
websocket-server-5f4f67c6f4-dgcgd   65m    54Mi   
websocket-server-5f4f67c6f4-hd5jb   81m    36Mi   
websocket-server-5f4f67c6f4-k82hd   121m   32Mi   
websocket-server-5f4f67c6f4-kfn6d   93m    36Mi   
websocket-server-5f4f67c6f4-vrqjr   85m    31Mi   
websocket-server-5f4f67c6f4-xhx94   73m    32Mi   
websocket-server-5f4f67c6f4-xzbwh   88m    31Mi   
websocket-server-5f4f67c6f4-z5ftb   93m    31Mi   
1772360318
websocket-server-5f4f67c6f4-45fb2   100m   37Mi   
websocket-server-5f4f67c6f4-65l82   129m   37Mi   
websocket-server-5f4f67c6f4-7w5zm   80m    32Mi   
websocket-server-5f4f67c6f4-87z6g   104m   36Mi   
websocket-server-5f4f67c6f4-88jgf   107m   33Mi   
websocket-server-5f4f67c6f4-8g2fl   73m    56Mi   
websocket-server-5f4f67c6f4-96fbm   105m   36Mi   
websocket-server-5f4f67c6f4-dgcgd   66m    54Mi   
websocket-server-5f4f67c6f4-hd5jb   88m    36Mi   
websocket-server-5f4f67c6f4-k82hd   101m   32Mi   
websocket-server-5f4f67c6f4-kfn6d   91m    36Mi   
websocket-server-5f4f67c6f4-vrqjr   90m    31Mi   
websocket-server-5f4f67c6f4-xhx94   84m    31Mi   
websocket-server-5f4f67c6f4-xzbwh   72m    31Mi   
websocket-server-5f4f67c6f4-z5ftb   103m   31Mi   
1772360323
websocket-server-5f4f67c6f4-45fb2   100m   37Mi   
websocket-server-5f4f67c6f4-65l82   129m   37Mi   
websocket-server-5f4f67c6f4-7w5zm   80m    32Mi   
websocket-server-5f4f67c6f4-87z6g   104m   36Mi   
websocket-server-5f4f67c6f4-88jgf   107m   33Mi   
websocket-server-5f4f67c6f4-8g2fl   73m    56Mi   
websocket-server-5f4f67c6f4-96fbm   105m   36Mi   
websocket-server-5f4f67c6f4-dgcgd   66m    54Mi   
websocket-server-5f4f67c6f4-hd5jb   88m    36Mi   
websocket-server-5f4f67c6f4-k82hd   101m   32Mi   
websocket-server-5f4f67c6f4-kfn6d   91m    36Mi   
websocket-server-5f4f67c6f4-vrqjr   90m    31Mi   
websocket-server-5f4f67c6f4-xhx94   84m    31Mi   
websocket-server-5f4f67c6f4-xzbwh   72m    31Mi   
websocket-server-5f4f67c6f4-z5ftb   103m   31Mi   
1772360329
websocket-server-5f4f67c6f4-45fb2   100m   37Mi   
websocket-server-5f4f67c6f4-65l82   129m   37Mi   
websocket-server-5f4f67c6f4-7w5zm   80m    32Mi   
websocket-server-5f4f67c6f4-87z6g   104m   36Mi   
websocket-server-5f4f67c6f4-88jgf   107m   33Mi   
websocket-server-5f4f67c6f4-8g2fl   73m    56Mi   
websocket-server-5f4f67c6f4-96fbm   105m   36Mi   
websocket-server-5f4f67c6f4-dgcgd   66m    54Mi   
websocket-server-5f4f67c6f4-hd5jb   88m    36Mi   
websocket-server-5f4f67c6f4-k82hd   101m   32Mi   
websocket-server-5f4f67c6f4-kfn6d   91m    36Mi   
websocket-server-5f4f67c6f4-vrqjr   90m    31Mi   
websocket-server-5f4f67c6f4-xhx94   84m    31Mi   
websocket-server-5f4f67c6f4-xzbwh   72m    31Mi   
websocket-server-5f4f67c6f4-z5ftb   103m   31Mi   
1772360334
websocket-loadgen-76fnw             167m   65Mi   
websocket-server-5f4f67c6f4-45fb2   116m   37Mi   
websocket-server-5f4f67c6f4-65l82   142m   40Mi   
websocket-server-5f4f67c6f4-7w5zm   128m   33Mi   
websocket-server-5f4f67c6f4-87z6g   104m   36Mi   
websocket-server-5f4f67c6f4-88jgf   100m   33Mi   
websocket-server-5f4f67c6f4-8g2fl   91m    58Mi   
websocket-server-5f4f67c6f4-96fbm   94m    37Mi   
websocket-server-5f4f67c6f4-dgcgd   79m    56Mi   
websocket-server-5f4f67c6f4-hd5jb   92m    37Mi   
websocket-server-5f4f67c6f4-k82hd   105m   33Mi   
websocket-server-5f4f67c6f4-kfn6d   91m    36Mi   
websocket-server-5f4f67c6f4-vrqjr   122m   32Mi   
websocket-server-5f4f67c6f4-xhx94   84m    33Mi   
websocket-server-5f4f67c6f4-xzbwh   106m   33Mi   
websocket-server-5f4f67c6f4-z5ftb   98m    32Mi   
1772360339
websocket-loadgen-76fnw             167m   65Mi   
websocket-server-5f4f67c6f4-45fb2   116m   37Mi   
websocket-server-5f4f67c6f4-65l82   142m   40Mi   
websocket-server-5f4f67c6f4-7w5zm   128m   33Mi   
websocket-server-5f4f67c6f4-87z6g   104m   36Mi   
websocket-server-5f4f67c6f4-88jgf   100m   33Mi   
websocket-server-5f4f67c6f4-8g2fl   91m    58Mi   
websocket-server-5f4f67c6f4-96fbm   94m    37Mi   
websocket-server-5f4f67c6f4-dgcgd   79m    56Mi   
websocket-server-5f4f67c6f4-hd5jb   92m    37Mi   
websocket-server-5f4f67c6f4-k82hd   105m   33Mi   
websocket-server-5f4f67c6f4-kfn6d   91m    36Mi   
websocket-server-5f4f67c6f4-vrqjr   122m   32Mi   
websocket-server-5f4f67c6f4-xhx94   84m    33Mi   
websocket-server-5f4f67c6f4-xzbwh   106m   33Mi   
websocket-server-5f4f67c6f4-z5ftb   98m    32Mi   
1772360344
websocket-loadgen-76fnw             167m   65Mi   
websocket-server-5f4f67c6f4-45fb2   116m   37Mi   
websocket-server-5f4f67c6f4-65l82   142m   40Mi   
websocket-server-5f4f67c6f4-7w5zm   128m   33Mi   
websocket-server-5f4f67c6f4-87z6g   104m   36Mi   
websocket-server-5f4f67c6f4-88jgf   100m   33Mi   
websocket-server-5f4f67c6f4-8g2fl   91m    58Mi   
websocket-server-5f4f67c6f4-96fbm   94m    37Mi   
websocket-server-5f4f67c6f4-dgcgd   79m    56Mi   
websocket-server-5f4f67c6f4-hd5jb   92m    37Mi   
websocket-server-5f4f67c6f4-k82hd   105m   33Mi   
websocket-server-5f4f67c6f4-kfn6d   91m    36Mi   
websocket-server-5f4f67c6f4-vrqjr   122m   32Mi   
websocket-server-5f4f67c6f4-xhx94   84m    33Mi   
websocket-server-5f4f67c6f4-xzbwh   106m   33Mi   
websocket-server-5f4f67c6f4-z5ftb   98m    32Mi   
1772360349
websocket-loadgen-76fnw             49m    65Mi   
websocket-server-5f4f67c6f4-45fb2   91m    37Mi   
websocket-server-5f4f67c6f4-65l82   90m    40Mi   
websocket-server-5f4f67c6f4-7w5zm   113m   33Mi   
websocket-server-5f4f67c6f4-87z6g   88m    36Mi   
websocket-server-5f4f67c6f4-88jgf   54m    33Mi   
websocket-server-5f4f67c6f4-8g2fl   112m   59Mi   
websocket-server-5f4f67c6f4-96fbm   94m    37Mi   
websocket-server-5f4f67c6f4-dgcgd   80m    56Mi   
websocket-server-5f4f67c6f4-hd5jb   74m    37Mi   
websocket-server-5f4f67c6f4-k82hd   76m    33Mi   
websocket-server-5f4f67c6f4-kfn6d   109m   37Mi   
websocket-server-5f4f67c6f4-vrqjr   78m    32Mi   
websocket-server-5f4f67c6f4-xhx94   60m    33Mi   
websocket-server-5f4f67c6f4-xzbwh   89m    33Mi   
websocket-server-5f4f67c6f4-z5ftb   107m   32Mi   
1772360354
websocket-loadgen-76fnw             49m    65Mi   
websocket-server-5f4f67c6f4-45fb2   91m    37Mi   
websocket-server-5f4f67c6f4-65l82   90m    40Mi   
websocket-server-5f4f67c6f4-7w5zm   113m   33Mi   
websocket-server-5f4f67c6f4-87z6g   88m    36Mi   
websocket-server-5f4f67c6f4-88jgf   54m    33Mi   
websocket-server-5f4f67c6f4-8g2fl   112m   59Mi   
websocket-server-5f4f67c6f4-96fbm   94m    37Mi   
websocket-server-5f4f67c6f4-dgcgd   80m    56Mi   
websocket-server-5f4f67c6f4-hd5jb   74m    37Mi   
websocket-server-5f4f67c6f4-k82hd   76m    33Mi   
websocket-server-5f4f67c6f4-kfn6d   109m   37Mi   
websocket-server-5f4f67c6f4-vrqjr   78m    32Mi   
websocket-server-5f4f67c6f4-xhx94   60m    33Mi   
websocket-server-5f4f67c6f4-xzbwh   89m    33Mi   
websocket-server-5f4f67c6f4-z5ftb   107m   32Mi   
1772360359
websocket-loadgen-76fnw             49m    65Mi   
websocket-server-5f4f67c6f4-45fb2   91m    37Mi   
websocket-server-5f4f67c6f4-65l82   90m    40Mi   
websocket-server-5f4f67c6f4-7w5zm   113m   33Mi   
websocket-server-5f4f67c6f4-87z6g   88m    36Mi   
websocket-server-5f4f67c6f4-88jgf   54m    33Mi   
websocket-server-5f4f67c6f4-8g2fl   112m   59Mi   
websocket-server-5f4f67c6f4-96fbm   94m    37Mi   
websocket-server-5f4f67c6f4-dgcgd   80m    56Mi   
websocket-server-5f4f67c6f4-hd5jb   74m    37Mi   
websocket-server-5f4f67c6f4-k82hd   76m    33Mi   
websocket-server-5f4f67c6f4-kfn6d   109m   37Mi   
websocket-server-5f4f67c6f4-vrqjr   78m    32Mi   
websocket-server-5f4f67c6f4-xhx94   60m    33Mi   
websocket-server-5f4f67c6f4-xzbwh   89m    33Mi   
websocket-server-5f4f67c6f4-z5ftb   107m   32Mi   
1772360364
websocket-loadgen-76fnw             48m    66Mi   
websocket-server-5f4f67c6f4-45fb2   109m   37Mi   
websocket-server-5f4f67c6f4-65l82   123m   40Mi   
websocket-server-5f4f67c6f4-7w5zm   113m   33Mi   
websocket-server-5f4f67c6f4-87z6g   84m    37Mi   
websocket-server-5f4f67c6f4-88jgf   49m    33Mi   
websocket-server-5f4f67c6f4-8g2fl   97m    58Mi   
websocket-server-5f4f67c6f4-96fbm   83m    37Mi   
websocket-server-5f4f67c6f4-dgcgd   82m    56Mi   
websocket-server-5f4f67c6f4-hd5jb   91m    37Mi   
websocket-server-5f4f67c6f4-k82hd   92m    33Mi   
websocket-server-5f4f67c6f4-kfn6d   122m   37Mi   
websocket-server-5f4f67c6f4-vrqjr   93m    32Mi   
websocket-server-5f4f67c6f4-xhx94   57m    33Mi   
websocket-server-5f4f67c6f4-xzbwh   85m    33Mi   
websocket-server-5f4f67c6f4-z5ftb   119m   33Mi   
1772360369
websocket-loadgen-76fnw             48m    66Mi   
websocket-server-5f4f67c6f4-45fb2   109m   37Mi   
websocket-server-5f4f67c6f4-65l82   123m   40Mi   
websocket-server-5f4f67c6f4-7w5zm   113m   33Mi   
websocket-server-5f4f67c6f4-87z6g   84m    37Mi   
websocket-server-5f4f67c6f4-88jgf   49m    33Mi   
websocket-server-5f4f67c6f4-8g2fl   97m    58Mi   
websocket-server-5f4f67c6f4-96fbm   83m    37Mi   
websocket-server-5f4f67c6f4-dgcgd   82m    56Mi   
websocket-server-5f4f67c6f4-hd5jb   91m    37Mi   
websocket-server-5f4f67c6f4-k82hd   92m    33Mi   
websocket-server-5f4f67c6f4-kfn6d   122m   37Mi   
websocket-server-5f4f67c6f4-vrqjr   93m    32Mi   
websocket-server-5f4f67c6f4-xhx94   57m    33Mi   
websocket-server-5f4f67c6f4-xzbwh   85m    33Mi   
websocket-server-5f4f67c6f4-z5ftb   119m   33Mi   
1772360374
websocket-loadgen-76fnw             48m    66Mi   
websocket-server-5f4f67c6f4-45fb2   109m   37Mi   
websocket-server-5f4f67c6f4-65l82   123m   40Mi   
websocket-server-5f4f67c6f4-7w5zm   113m   33Mi   
websocket-server-5f4f67c6f4-87z6g   84m    37Mi   
websocket-server-5f4f67c6f4-88jgf   49m    33Mi   
websocket-server-5f4f67c6f4-8g2fl   97m    58Mi   
websocket-server-5f4f67c6f4-96fbm   83m    37Mi   
websocket-server-5f4f67c6f4-dgcgd   82m    56Mi   
websocket-server-5f4f67c6f4-hd5jb   91m    37Mi   
websocket-server-5f4f67c6f4-k82hd   92m    33Mi   
websocket-server-5f4f67c6f4-kfn6d   122m   37Mi   
websocket-server-5f4f67c6f4-vrqjr   93m    32Mi   
websocket-server-5f4f67c6f4-xhx94   57m    33Mi   
websocket-server-5f4f67c6f4-xzbwh   85m    33Mi   
websocket-server-5f4f67c6f4-z5ftb   119m   33Mi   
1772360380
websocket-loadgen-76fnw             32m    66Mi   
websocket-server-5f4f67c6f4-45fb2   94m    37Mi   
websocket-server-5f4f67c6f4-65l82   84m    40Mi   
websocket-server-5f4f67c6f4-7w5zm   134m   33Mi   
websocket-server-5f4f67c6f4-87z6g   73m    36Mi   
websocket-server-5f4f67c6f4-88jgf   74m    33Mi   
websocket-server-5f4f67c6f4-8g2fl   86m    58Mi   
websocket-server-5f4f67c6f4-96fbm   92m    37Mi   
websocket-server-5f4f67c6f4-dgcgd   79m    56Mi   
websocket-server-5f4f67c6f4-hd5jb   91m    37Mi   
websocket-server-5f4f67c6f4-k82hd   74m    33Mi   
websocket-server-5f4f67c6f4-kfn6d   106m   37Mi   
websocket-server-5f4f67c6f4-vrqjr   93m    32Mi   
websocket-server-5f4f67c6f4-xhx94   57m    33Mi   
websocket-server-5f4f67c6f4-xzbwh   93m    33Mi   
websocket-server-5f4f67c6f4-z5ftb   120m   32Mi   
1772360385
websocket-loadgen-76fnw             32m    66Mi   
websocket-server-5f4f67c6f4-45fb2   94m    37Mi   
websocket-server-5f4f67c6f4-65l82   84m    40Mi   
websocket-server-5f4f67c6f4-7w5zm   134m   33Mi   
websocket-server-5f4f67c6f4-87z6g   73m    36Mi   
websocket-server-5f4f67c6f4-88jgf   74m    33Mi   
websocket-server-5f4f67c6f4-8g2fl   86m    58Mi   
websocket-server-5f4f67c6f4-96fbm   92m    37Mi   
websocket-server-5f4f67c6f4-dgcgd   79m    56Mi   
websocket-server-5f4f67c6f4-hd5jb   91m    37Mi   
websocket-server-5f4f67c6f4-k82hd   74m    33Mi   
websocket-server-5f4f67c6f4-kfn6d   106m   37Mi   
websocket-server-5f4f67c6f4-vrqjr   93m    32Mi   
websocket-server-5f4f67c6f4-xhx94   57m    33Mi   
websocket-server-5f4f67c6f4-xzbwh   93m    33Mi   
websocket-server-5f4f67c6f4-z5ftb   120m   32Mi   
1772360390
websocket-loadgen-76fnw             32m    66Mi   
websocket-server-5f4f67c6f4-45fb2   94m    37Mi   
websocket-server-5f4f67c6f4-65l82   84m    40Mi   
websocket-server-5f4f67c6f4-7w5zm   134m   33Mi   
websocket-server-5f4f67c6f4-87z6g   73m    36Mi   
websocket-server-5f4f67c6f4-88jgf   74m    33Mi   
websocket-server-5f4f67c6f4-8g2fl   86m    58Mi   
websocket-server-5f4f67c6f4-96fbm   92m    37Mi   
websocket-server-5f4f67c6f4-dgcgd   79m    56Mi   
websocket-server-5f4f67c6f4-hd5jb   91m    37Mi   
websocket-server-5f4f67c6f4-k82hd   74m    33Mi   
websocket-server-5f4f67c6f4-kfn6d   106m   37Mi   
websocket-server-5f4f67c6f4-vrqjr   93m    32Mi   
websocket-server-5f4f67c6f4-xhx94   57m    33Mi   
websocket-server-5f4f67c6f4-xzbwh   93m    33Mi   
websocket-server-5f4f67c6f4-z5ftb   120m   32Mi   
1772360395
websocket-loadgen-76fnw             53m    67Mi   
websocket-server-5f4f67c6f4-45fb2   76m    37Mi   
websocket-server-5f4f67c6f4-65l82   111m   40Mi   
websocket-server-5f4f67c6f4-7w5zm   125m   34Mi   
websocket-server-5f4f67c6f4-87z6g   79m    37Mi   
websocket-server-5f4f67c6f4-88jgf   49m    33Mi   
websocket-server-5f4f67c6f4-8g2fl   95m    58Mi   
websocket-server-5f4f67c6f4-96fbm   76m    37Mi   
websocket-server-5f4f67c6f4-dgcgd   79m    56Mi   
websocket-server-5f4f67c6f4-hd5jb   90m    38Mi   
websocket-server-5f4f67c6f4-k82hd   99m    33Mi   
websocket-server-5f4f67c6f4-kfn6d   101m   37Mi   
websocket-server-5f4f67c6f4-vrqjr   90m    32Mi   
websocket-server-5f4f67c6f4-xhx94   68m    33Mi   
websocket-server-5f4f67c6f4-xzbwh   81m    33Mi   
websocket-server-5f4f67c6f4-z5ftb   112m   32Mi   
1772360400
websocket-loadgen-76fnw             53m    67Mi   
websocket-server-5f4f67c6f4-45fb2   76m    37Mi   
websocket-server-5f4f67c6f4-65l82   111m   40Mi   
websocket-server-5f4f67c6f4-7w5zm   125m   34Mi   
websocket-server-5f4f67c6f4-87z6g   79m    37Mi   
websocket-server-5f4f67c6f4-88jgf   49m    33Mi   
websocket-server-5f4f67c6f4-8g2fl   95m    58Mi   
websocket-server-5f4f67c6f4-96fbm   76m    37Mi   
websocket-server-5f4f67c6f4-dgcgd   79m    56Mi   
websocket-server-5f4f67c6f4-hd5jb   90m    38Mi   
websocket-server-5f4f67c6f4-k82hd   99m    33Mi   
websocket-server-5f4f67c6f4-kfn6d   101m   37Mi   
websocket-server-5f4f67c6f4-vrqjr   90m    32Mi   
websocket-server-5f4f67c6f4-xhx94   68m    33Mi   
websocket-server-5f4f67c6f4-xzbwh   81m    33Mi   
websocket-server-5f4f67c6f4-z5ftb   112m   32Mi   
1772360405
websocket-server-5f4f67c6f4-45fb2   76m    37Mi   
websocket-server-5f4f67c6f4-65l82   111m   40Mi   
websocket-server-5f4f67c6f4-7w5zm   125m   34Mi   
websocket-server-5f4f67c6f4-87z6g   79m    37Mi   
websocket-server-5f4f67c6f4-88jgf   49m    33Mi   
websocket-server-5f4f67c6f4-8g2fl   95m    58Mi   
websocket-server-5f4f67c6f4-96fbm   76m    37Mi   
websocket-server-5f4f67c6f4-dgcgd   79m    56Mi   
websocket-server-5f4f67c6f4-hd5jb   90m    38Mi   
websocket-server-5f4f67c6f4-k82hd   99m    33Mi   
websocket-server-5f4f67c6f4-kfn6d   101m   37Mi   
websocket-server-5f4f67c6f4-vrqjr   90m    32Mi   
websocket-server-5f4f67c6f4-xhx94   68m    33Mi   
websocket-server-5f4f67c6f4-xzbwh   81m    33Mi   
websocket-server-5f4f67c6f4-z5ftb   112m   32Mi   
1772360410
websocket-server-5f4f67c6f4-45fb2   97m    37Mi   
websocket-server-5f4f67c6f4-65l82   111m   40Mi   
websocket-server-5f4f67c6f4-7w5zm   115m   33Mi   
websocket-server-5f4f67c6f4-87z6g   82m    36Mi   
websocket-server-5f4f67c6f4-88jgf   65m    33Mi   
websocket-server-5f4f67c6f4-8g2fl   94m    58Mi   
websocket-server-5f4f67c6f4-96fbm   87m    37Mi   
websocket-server-5f4f67c6f4-dgcgd   77m    57Mi   
websocket-server-5f4f67c6f4-hd5jb   89m    37Mi   
websocket-server-5f4f67c6f4-k82hd   82m    33Mi   
websocket-server-5f4f67c6f4-kfn6d   119m   37Mi   
websocket-server-5f4f67c6f4-vrqjr   90m    32Mi   
websocket-server-5f4f67c6f4-xhx94   59m    33Mi   
websocket-server-5f4f67c6f4-xzbwh   100m   33Mi   
websocket-server-5f4f67c6f4-z5ftb   118m   32Mi   
1772360415
websocket-server-5f4f67c6f4-45fb2   97m    37Mi   
websocket-server-5f4f67c6f4-65l82   111m   40Mi   
websocket-server-5f4f67c6f4-7w5zm   115m   33Mi   
websocket-server-5f4f67c6f4-87z6g   82m    36Mi   
websocket-server-5f4f67c6f4-88jgf   65m    33Mi   
websocket-server-5f4f67c6f4-8g2fl   94m    58Mi   
websocket-server-5f4f67c6f4-96fbm   87m    37Mi   
websocket-server-5f4f67c6f4-dgcgd   77m    57Mi   
websocket-server-5f4f67c6f4-hd5jb   89m    37Mi   
websocket-server-5f4f67c6f4-k82hd   82m    33Mi   
websocket-server-5f4f67c6f4-kfn6d   119m   37Mi   
websocket-server-5f4f67c6f4-vrqjr   90m    32Mi   
websocket-server-5f4f67c6f4-xhx94   59m    33Mi   
websocket-server-5f4f67c6f4-xzbwh   100m   33Mi   
websocket-server-5f4f67c6f4-z5ftb   118m   32Mi   
1772360420
websocket-server-5f4f67c6f4-45fb2   97m    37Mi   
websocket-server-5f4f67c6f4-65l82   111m   40Mi   
websocket-server-5f4f67c6f4-7w5zm   115m   33Mi   
websocket-server-5f4f67c6f4-87z6g   82m    36Mi   
websocket-server-5f4f67c6f4-88jgf   65m    33Mi   
websocket-server-5f4f67c6f4-8g2fl   94m    58Mi   
websocket-server-5f4f67c6f4-96fbm   87m    37Mi   
websocket-server-5f4f67c6f4-dgcgd   77m    57Mi   
websocket-server-5f4f67c6f4-hd5jb   89m    37Mi   
websocket-server-5f4f67c6f4-k82hd   82m    33Mi   
websocket-server-5f4f67c6f4-kfn6d   119m   37Mi   
websocket-server-5f4f67c6f4-vrqjr   90m    32Mi   
websocket-server-5f4f67c6f4-xhx94   59m    33Mi   
websocket-server-5f4f67c6f4-xzbwh   100m   33Mi   
websocket-server-5f4f67c6f4-z5ftb   118m   32Mi   
1772360425
websocket-server-5f4f67c6f4-45fb2   54m   37Mi   
websocket-server-5f4f67c6f4-65l82   56m   40Mi   
websocket-server-5f4f67c6f4-7w5zm   55m   33Mi   
websocket-server-5f4f67c6f4-87z6g   47m   36Mi   
websocket-server-5f4f67c6f4-88jgf   33m   33Mi   
websocket-server-5f4f67c6f4-8g2fl   6m    58Mi   
websocket-server-5f4f67c6f4-96fbm   31m   37Mi   
websocket-server-5f4f67c6f4-dgcgd   40m   56Mi   
websocket-server-5f4f67c6f4-hd5jb   5m    37Mi   
websocket-server-5f4f67c6f4-k82hd   68m   32Mi   
websocket-server-5f4f67c6f4-kfn6d   97m   37Mi   
websocket-server-5f4f67c6f4-vrqjr   80m   32Mi   
websocket-server-5f4f67c6f4-xhx94   59m   33Mi   
websocket-server-5f4f67c6f4-xzbwh   67m   32Mi   
websocket-server-5f4f67c6f4-z5ftb   32m   32Mi   
1772360431
websocket-server-5f4f67c6f4-45fb2   54m   37Mi   
websocket-server-5f4f67c6f4-65l82   56m   40Mi   
websocket-server-5f4f67c6f4-7w5zm   55m   33Mi   
websocket-server-5f4f67c6f4-87z6g   47m   36Mi   
websocket-server-5f4f67c6f4-88jgf   33m   33Mi   
websocket-server-5f4f67c6f4-8g2fl   6m    58Mi   
websocket-server-5f4f67c6f4-96fbm   31m   37Mi   
websocket-server-5f4f67c6f4-dgcgd   40m   56Mi   
websocket-server-5f4f67c6f4-k82hd   68m   32Mi   
websocket-server-5f4f67c6f4-kfn6d   97m   37Mi   
websocket-server-5f4f67c6f4-vrqjr   80m   32Mi   
websocket-server-5f4f67c6f4-xzbwh   67m   32Mi   
websocket-server-5f4f67c6f4-z5ftb   32m   32Mi   
1772360436
websocket-server-5f4f67c6f4-45fb2   54m   37Mi   
websocket-server-5f4f67c6f4-65l82   56m   40Mi   
websocket-server-5f4f67c6f4-7w5zm   55m   33Mi   
websocket-server-5f4f67c6f4-87z6g   47m   36Mi   
websocket-server-5f4f67c6f4-88jgf   33m   33Mi   
websocket-server-5f4f67c6f4-8g2fl   6m    58Mi   
websocket-server-5f4f67c6f4-96fbm   31m   37Mi   
websocket-server-5f4f67c6f4-dgcgd   40m   56Mi   
websocket-server-5f4f67c6f4-k82hd   68m   32Mi   
websocket-server-5f4f67c6f4-kfn6d   97m   37Mi   
websocket-server-5f4f67c6f4-vrqjr   80m   32Mi   
websocket-server-5f4f67c6f4-xzbwh   67m   32Mi   
websocket-server-5f4f67c6f4-z5ftb   32m   32Mi   
1772360441
websocket-server-5f4f67c6f4-45fb2   0m    37Mi   
websocket-server-5f4f67c6f4-65l82   0m    40Mi   
websocket-server-5f4f67c6f4-7w5zm   0m    33Mi   
websocket-server-5f4f67c6f4-87z6g   0m    36Mi   
websocket-server-5f4f67c6f4-88jgf   0m    33Mi   
websocket-server-5f4f67c6f4-8g2fl   1m    58Mi   
websocket-server-5f4f67c6f4-96fbm   0m    37Mi   
websocket-server-5f4f67c6f4-dgcgd   0m    56Mi   
websocket-server-5f4f67c6f4-k82hd   0m    32Mi   
websocket-server-5f4f67c6f4-kfn6d   0m    37Mi   
websocket-server-5f4f67c6f4-vrqjr   0m    32Mi   
websocket-server-5f4f67c6f4-xzbwh   0m    32Mi   
websocket-server-5f4f67c6f4-z5ftb   32m   32Mi   
1772360446
websocket-server-5f4f67c6f4-45fb2   0m    37Mi   
websocket-server-5f4f67c6f4-65l82   0m    40Mi   
websocket-server-5f4f67c6f4-7w5zm   0m    33Mi   
websocket-server-5f4f67c6f4-87z6g   0m    36Mi   
websocket-server-5f4f67c6f4-88jgf   0m    33Mi   
websocket-server-5f4f67c6f4-8g2fl   1m    58Mi   
websocket-server-5f4f67c6f4-96fbm   0m    37Mi   
websocket-server-5f4f67c6f4-dgcgd   0m    56Mi   
websocket-server-5f4f67c6f4-k82hd   0m    32Mi   
websocket-server-5f4f67c6f4-kfn6d   0m    37Mi   
websocket-server-5f4f67c6f4-vrqjr   0m    32Mi   
websocket-server-5f4f67c6f4-xzbwh   0m    32Mi   
websocket-server-5f4f67c6f4-z5ftb   32m   32Mi   
1772360451
websocket-server-5f4f67c6f4-45fb2   0m    37Mi   
websocket-server-5f4f67c6f4-65l82   0m    40Mi   
websocket-server-5f4f67c6f4-7w5zm   0m    33Mi   
websocket-server-5f4f67c6f4-87z6g   0m    36Mi   
websocket-server-5f4f67c6f4-88jgf   0m    33Mi   
websocket-server-5f4f67c6f4-8g2fl   1m    58Mi   
websocket-server-5f4f67c6f4-96fbm   0m    37Mi   
websocket-server-5f4f67c6f4-dgcgd   0m    56Mi   
websocket-server-5f4f67c6f4-k82hd   0m    32Mi   
websocket-server-5f4f67c6f4-kfn6d   0m    37Mi   
websocket-server-5f4f67c6f4-vrqjr   0m    32Mi   
websocket-server-5f4f67c6f4-xzbwh   0m    32Mi   
websocket-server-5f4f67c6f4-z5ftb   0m    32Mi   
1772360456
websocket-server-5f4f67c6f4-45fb2   0m    37Mi   
websocket-server-5f4f67c6f4-65l82   0m    40Mi   
websocket-server-5f4f67c6f4-7w5zm   0m    33Mi   
websocket-server-5f4f67c6f4-87z6g   0m    36Mi   
websocket-server-5f4f67c6f4-88jgf   0m    33Mi   
websocket-server-5f4f67c6f4-8g2fl   1m    58Mi   
websocket-server-5f4f67c6f4-96fbm   0m    37Mi   
websocket-server-5f4f67c6f4-dgcgd   0m    56Mi   
websocket-server-5f4f67c6f4-k82hd   0m    32Mi   
websocket-server-5f4f67c6f4-kfn6d   0m    37Mi   
websocket-server-5f4f67c6f4-vrqjr   0m    32Mi   
websocket-server-5f4f67c6f4-xzbwh   0m    32Mi   
websocket-server-5f4f67c6f4-z5ftb   0m    32Mi   
1772360461
websocket-server-5f4f67c6f4-45fb2   0m    37Mi   
websocket-server-5f4f67c6f4-65l82   0m    40Mi   
websocket-server-5f4f67c6f4-7w5zm   0m    33Mi   
websocket-server-5f4f67c6f4-87z6g   0m    36Mi   
websocket-server-5f4f67c6f4-88jgf   0m    33Mi   
websocket-server-5f4f67c6f4-8g2fl   1m    58Mi   
websocket-server-5f4f67c6f4-96fbm   0m    37Mi   
websocket-server-5f4f67c6f4-dgcgd   0m    56Mi   
websocket-server-5f4f67c6f4-k82hd   0m    32Mi   
websocket-server-5f4f67c6f4-kfn6d   0m    37Mi   
websocket-server-5f4f67c6f4-vrqjr   0m    32Mi   
websocket-server-5f4f67c6f4-xzbwh   0m    32Mi   
websocket-server-5f4f67c6f4-z5ftb   0m    32Mi   
1772360466
websocket-server-5f4f67c6f4-45fb2   0m    37Mi   
websocket-server-5f4f67c6f4-65l82   0m    40Mi   
websocket-server-5f4f67c6f4-7w5zm   0m    33Mi   
websocket-server-5f4f67c6f4-87z6g   0m    36Mi   
websocket-server-5f4f67c6f4-88jgf   0m    33Mi   
websocket-server-5f4f67c6f4-8g2fl   1m    58Mi   
websocket-server-5f4f67c6f4-96fbm   0m    37Mi   
websocket-server-5f4f67c6f4-dgcgd   0m    56Mi   
websocket-server-5f4f67c6f4-k82hd   0m    32Mi   
websocket-server-5f4f67c6f4-kfn6d   0m    37Mi   
websocket-server-5f4f67c6f4-vrqjr   0m    32Mi   
websocket-server-5f4f67c6f4-xzbwh   0m    32Mi   
websocket-server-5f4f67c6f4-z5ftb   0m    32Mi   
1772360471
websocket-server-5f4f67c6f4-45fb2   0m    37Mi   
websocket-server-5f4f67c6f4-65l82   0m    40Mi   
websocket-server-5f4f67c6f4-7w5zm   0m    33Mi   
websocket-server-5f4f67c6f4-87z6g   0m    36Mi   
websocket-server-5f4f67c6f4-88jgf   0m    33Mi   
websocket-server-5f4f67c6f4-8g2fl   1m    58Mi   
websocket-server-5f4f67c6f4-96fbm   0m    37Mi   
websocket-server-5f4f67c6f4-dgcgd   0m    56Mi   
websocket-server-5f4f67c6f4-k82hd   0m    32Mi   
websocket-server-5f4f67c6f4-kfn6d   0m    37Mi   
websocket-server-5f4f67c6f4-vrqjr   0m    32Mi   
websocket-server-5f4f67c6f4-xzbwh   0m    32Mi   
websocket-server-5f4f67c6f4-z5ftb   0m    32Mi   
1772360476
websocket-server-5f4f67c6f4-45fb2   0m    37Mi   
websocket-server-5f4f67c6f4-65l82   0m    40Mi   
websocket-server-5f4f67c6f4-7w5zm   0m    33Mi   
websocket-server-5f4f67c6f4-87z6g   0m    36Mi   
websocket-server-5f4f67c6f4-88jgf   0m    33Mi   
websocket-server-5f4f67c6f4-8g2fl   1m    58Mi   
websocket-server-5f4f67c6f4-96fbm   0m    37Mi   
websocket-server-5f4f67c6f4-dgcgd   0m    56Mi   
websocket-server-5f4f67c6f4-k82hd   0m    32Mi   
websocket-server-5f4f67c6f4-kfn6d   0m    37Mi   
websocket-server-5f4f67c6f4-vrqjr   0m    32Mi   
websocket-server-5f4f67c6f4-xzbwh   0m    32Mi   
websocket-server-5f4f67c6f4-z5ftb   0m    32Mi   
1772360482
websocket-server-5f4f67c6f4-45fb2   0m    37Mi   
websocket-server-5f4f67c6f4-65l82   0m    40Mi   
websocket-server-5f4f67c6f4-7w5zm   0m    33Mi   
websocket-server-5f4f67c6f4-87z6g   0m    36Mi   
websocket-server-5f4f67c6f4-88jgf   0m    33Mi   
websocket-server-5f4f67c6f4-8g2fl   1m    58Mi   
websocket-server-5f4f67c6f4-96fbm   0m    37Mi   
websocket-server-5f4f67c6f4-dgcgd   0m    56Mi   
websocket-server-5f4f67c6f4-k82hd   0m    32Mi   
websocket-server-5f4f67c6f4-kfn6d   0m    37Mi   
websocket-server-5f4f67c6f4-vrqjr   0m    32Mi   
websocket-server-5f4f67c6f4-xzbwh   0m    32Mi   
websocket-server-5f4f67c6f4-z5ftb   0m    32Mi   
1772360487
websocket-server-5f4f67c6f4-45fb2   0m    37Mi   
websocket-server-5f4f67c6f4-65l82   0m    40Mi   
websocket-server-5f4f67c6f4-7w5zm   0m    33Mi   
websocket-server-5f4f67c6f4-87z6g   0m    36Mi   
websocket-server-5f4f67c6f4-88jgf   0m    33Mi   
websocket-server-5f4f67c6f4-8g2fl   1m    58Mi   
websocket-server-5f4f67c6f4-96fbm   0m    37Mi   
websocket-server-5f4f67c6f4-dgcgd   0m    56Mi   
websocket-server-5f4f67c6f4-k82hd   0m    32Mi   
websocket-server-5f4f67c6f4-kfn6d   0m    37Mi   
websocket-server-5f4f67c6f4-vrqjr   0m    32Mi   
websocket-server-5f4f67c6f4-xzbwh   0m    32Mi   
websocket-server-5f4f67c6f4-z5ftb   0m    32Mi   
1772360492
websocket-server-5f4f67c6f4-45fb2   0m    37Mi   
websocket-server-5f4f67c6f4-65l82   0m    40Mi   
websocket-server-5f4f67c6f4-7w5zm   0m    33Mi   
websocket-server-5f4f67c6f4-87z6g   0m    36Mi   
websocket-server-5f4f67c6f4-88jgf   0m    33Mi   
websocket-server-5f4f67c6f4-8g2fl   1m    58Mi   
websocket-server-5f4f67c6f4-96fbm   0m    37Mi   
websocket-server-5f4f67c6f4-dgcgd   0m    56Mi   
websocket-server-5f4f67c6f4-k82hd   0m    32Mi   
websocket-server-5f4f67c6f4-kfn6d   0m    37Mi   
websocket-server-5f4f67c6f4-vrqjr   0m    32Mi   
websocket-server-5f4f67c6f4-xzbwh   0m    32Mi   
websocket-server-5f4f67c6f4-z5ftb   0m    32Mi   
1772360497
websocket-server-5f4f67c6f4-45fb2   0m    37Mi   
websocket-server-5f4f67c6f4-65l82   0m    40Mi   
websocket-server-5f4f67c6f4-7w5zm   0m    33Mi   
websocket-server-5f4f67c6f4-87z6g   0m    36Mi   
websocket-server-5f4f67c6f4-88jgf   0m    33Mi   
websocket-server-5f4f67c6f4-8g2fl   1m    58Mi   
websocket-server-5f4f67c6f4-96fbm   0m    37Mi   
websocket-server-5f4f67c6f4-dgcgd   0m    56Mi   
websocket-server-5f4f67c6f4-k82hd   0m    32Mi   
websocket-server-5f4f67c6f4-kfn6d   0m    37Mi   
websocket-server-5f4f67c6f4-vrqjr   0m    32Mi   
websocket-server-5f4f67c6f4-xzbwh   0m    32Mi   
websocket-server-5f4f67c6f4-z5ftb   0m    32Mi   
1772360502
websocket-server-5f4f67c6f4-45fb2   0m    37Mi   
websocket-server-5f4f67c6f4-65l82   0m    40Mi   
websocket-server-5f4f67c6f4-7w5zm   0m    33Mi   
websocket-server-5f4f67c6f4-87z6g   0m    36Mi   
websocket-server-5f4f67c6f4-88jgf   0m    33Mi   
websocket-server-5f4f67c6f4-8g2fl   1m    58Mi   
websocket-server-5f4f67c6f4-96fbm   0m    37Mi   
websocket-server-5f4f67c6f4-dgcgd   0m    56Mi   
websocket-server-5f4f67c6f4-k82hd   0m    32Mi   
websocket-server-5f4f67c6f4-kfn6d   0m    37Mi   
websocket-server-5f4f67c6f4-vrqjr   0m    32Mi   
websocket-server-5f4f67c6f4-xzbwh   0m    32Mi   
websocket-server-5f4f67c6f4-z5ftb   0m    32Mi   
1772360507
websocket-server-5f4f67c6f4-45fb2   0m    37Mi   
websocket-server-5f4f67c6f4-65l82   0m    40Mi   
websocket-server-5f4f67c6f4-7w5zm   0m    33Mi   
websocket-server-5f4f67c6f4-87z6g   0m    36Mi   
websocket-server-5f4f67c6f4-88jgf   0m    33Mi   
websocket-server-5f4f67c6f4-8g2fl   1m    58Mi   
websocket-server-5f4f67c6f4-96fbm   0m    37Mi   
websocket-server-5f4f67c6f4-dgcgd   0m    56Mi   
websocket-server-5f4f67c6f4-k82hd   0m    32Mi   
websocket-server-5f4f67c6f4-kfn6d   0m    37Mi   
websocket-server-5f4f67c6f4-vrqjr   0m    32Mi   
websocket-server-5f4f67c6f4-xzbwh   0m    32Mi   
websocket-server-5f4f67c6f4-z5ftb   0m    32Mi   
1772360512
websocket-server-5f4f67c6f4-45fb2   0m    37Mi   
websocket-server-5f4f67c6f4-65l82   0m    40Mi   
websocket-server-5f4f67c6f4-7w5zm   0m    33Mi   
websocket-server-5f4f67c6f4-87z6g   0m    36Mi   
websocket-server-5f4f67c6f4-88jgf   0m    33Mi   
websocket-server-5f4f67c6f4-8g2fl   1m    58Mi   
websocket-server-5f4f67c6f4-96fbm   0m    37Mi   
websocket-server-5f4f67c6f4-dgcgd   0m    56Mi   
websocket-server-5f4f67c6f4-k82hd   0m    32Mi   
websocket-server-5f4f67c6f4-kfn6d   0m    37Mi   
websocket-server-5f4f67c6f4-vrqjr   0m    32Mi   
websocket-server-5f4f67c6f4-xzbwh   0m    32Mi   
websocket-server-5f4f67c6f4-z5ftb   0m    32Mi   
1772360517
websocket-server-5f4f67c6f4-45fb2   0m    37Mi   
websocket-server-5f4f67c6f4-65l82   0m    40Mi   
websocket-server-5f4f67c6f4-7w5zm   0m    33Mi   
websocket-server-5f4f67c6f4-87z6g   0m    36Mi   
websocket-server-5f4f67c6f4-88jgf   0m    33Mi   
websocket-server-5f4f67c6f4-8g2fl   1m    58Mi   
websocket-server-5f4f67c6f4-96fbm   0m    37Mi   
websocket-server-5f4f67c6f4-dgcgd   0m    56Mi   
websocket-server-5f4f67c6f4-k82hd   0m    32Mi   
websocket-server-5f4f67c6f4-kfn6d   0m    37Mi   
websocket-server-5f4f67c6f4-vrqjr   0m    32Mi   
websocket-server-5f4f67c6f4-xzbwh   0m    32Mi   
websocket-server-5f4f67c6f4-z5ftb   0m    32Mi   
1772360522
websocket-server-5f4f67c6f4-45fb2   0m    37Mi   
websocket-server-5f4f67c6f4-65l82   0m    40Mi   
websocket-server-5f4f67c6f4-7w5zm   0m    33Mi   
websocket-server-5f4f67c6f4-87z6g   0m    36Mi   
websocket-server-5f4f67c6f4-88jgf   0m    33Mi   
websocket-server-5f4f67c6f4-8g2fl   1m    58Mi   
websocket-server-5f4f67c6f4-96fbm   0m    37Mi   
websocket-server-5f4f67c6f4-dgcgd   0m    56Mi   
websocket-server-5f4f67c6f4-k82hd   0m    32Mi   
websocket-server-5f4f67c6f4-kfn6d   0m    37Mi   
websocket-server-5f4f67c6f4-vrqjr   0m    32Mi   
websocket-server-5f4f67c6f4-xzbwh   0m    32Mi   
websocket-server-5f4f67c6f4-z5ftb   0m    32Mi   
1772360528
websocket-server-5f4f67c6f4-45fb2   0m    37Mi   
websocket-server-5f4f67c6f4-65l82   0m    40Mi   
websocket-server-5f4f67c6f4-7w5zm   0m    33Mi   
websocket-server-5f4f67c6f4-87z6g   0m    36Mi   
websocket-server-5f4f67c6f4-88jgf   0m    33Mi   
websocket-server-5f4f67c6f4-8g2fl   1m    58Mi   
websocket-server-5f4f67c6f4-96fbm   0m    37Mi   
websocket-server-5f4f67c6f4-dgcgd   0m    56Mi   
websocket-server-5f4f67c6f4-k82hd   0m    32Mi   
websocket-server-5f4f67c6f4-kfn6d   0m    37Mi   
websocket-server-5f4f67c6f4-vrqjr   0m    32Mi   
websocket-server-5f4f67c6f4-xzbwh   0m    32Mi   
websocket-server-5f4f67c6f4-z5ftb   0m    32Mi   
1772360533
websocket-server-5f4f67c6f4-45fb2   0m    37Mi   
websocket-server-5f4f67c6f4-65l82   0m    40Mi   
websocket-server-5f4f67c6f4-7w5zm   0m    33Mi   
websocket-server-5f4f67c6f4-87z6g   0m    36Mi   
websocket-server-5f4f67c6f4-88jgf   0m    33Mi   
websocket-server-5f4f67c6f4-8g2fl   1m    58Mi   
websocket-server-5f4f67c6f4-96fbm   0m    37Mi   
websocket-server-5f4f67c6f4-dgcgd   0m    56Mi   
websocket-server-5f4f67c6f4-k82hd   0m    32Mi   
websocket-server-5f4f67c6f4-kfn6d   0m    37Mi   
websocket-server-5f4f67c6f4-vrqjr   0m    32Mi   
websocket-server-5f4f67c6f4-xzbwh   0m    32Mi   
websocket-server-5f4f67c6f4-z5ftb   0m    32Mi   
1772360538
websocket-server-5f4f67c6f4-45fb2   0m    37Mi   
websocket-server-5f4f67c6f4-65l82   0m    40Mi   
websocket-server-5f4f67c6f4-7w5zm   0m    33Mi   
websocket-server-5f4f67c6f4-87z6g   0m    36Mi   
websocket-server-5f4f67c6f4-88jgf   0m    33Mi   
websocket-server-5f4f67c6f4-8g2fl   1m    58Mi   
websocket-server-5f4f67c6f4-96fbm   0m    37Mi   
websocket-server-5f4f67c6f4-dgcgd   0m    56Mi   
websocket-server-5f4f67c6f4-k82hd   0m    32Mi   
websocket-server-5f4f67c6f4-kfn6d   0m    37Mi   
websocket-server-5f4f67c6f4-vrqjr   0m    32Mi   
websocket-server-5f4f67c6f4-xzbwh   0m    32Mi   
websocket-server-5f4f67c6f4-z5ftb   0m    32Mi   
1772360543
websocket-server-5f4f67c6f4-45fb2   0m    37Mi   
websocket-server-5f4f67c6f4-65l82   0m    40Mi   
websocket-server-5f4f67c6f4-7w5zm   0m    33Mi   
websocket-server-5f4f67c6f4-87z6g   0m    36Mi   
websocket-server-5f4f67c6f4-88jgf   0m    33Mi   
websocket-server-5f4f67c6f4-8g2fl   1m    58Mi   
websocket-server-5f4f67c6f4-96fbm   0m    37Mi   
websocket-server-5f4f67c6f4-dgcgd   0m    56Mi   
websocket-server-5f4f67c6f4-k82hd   0m    32Mi   
websocket-server-5f4f67c6f4-kfn6d   0m    37Mi   
websocket-server-5f4f67c6f4-vrqjr   0m    32Mi   
websocket-server-5f4f67c6f4-xzbwh   0m    32Mi   
websocket-server-5f4f67c6f4-z5ftb   0m    32Mi   
1772360548
websocket-server-5f4f67c6f4-45fb2   0m    37Mi   
websocket-server-5f4f67c6f4-65l82   0m    40Mi   
websocket-server-5f4f67c6f4-7w5zm   0m    33Mi   
websocket-server-5f4f67c6f4-87z6g   0m    36Mi   
websocket-server-5f4f67c6f4-88jgf   0m    33Mi   
websocket-server-5f4f67c6f4-8g2fl   1m    58Mi   
websocket-server-5f4f67c6f4-96fbm   0m    37Mi   
websocket-server-5f4f67c6f4-dgcgd   0m    56Mi   
websocket-server-5f4f67c6f4-k82hd   0m    32Mi   
websocket-server-5f4f67c6f4-kfn6d   0m    37Mi   
websocket-server-5f4f67c6f4-vrqjr   0m    32Mi   
websocket-server-5f4f67c6f4-xzbwh   0m    32Mi   
websocket-server-5f4f67c6f4-z5ftb   0m    32Mi   
1772360553
websocket-server-5f4f67c6f4-45fb2   0m    37Mi   
websocket-server-5f4f67c6f4-65l82   0m    40Mi   
websocket-server-5f4f67c6f4-7w5zm   0m    33Mi   
websocket-server-5f4f67c6f4-87z6g   0m    36Mi   
websocket-server-5f4f67c6f4-88jgf   0m    33Mi   
websocket-server-5f4f67c6f4-8g2fl   1m    58Mi   
websocket-server-5f4f67c6f4-96fbm   0m    37Mi   
websocket-server-5f4f67c6f4-dgcgd   0m    56Mi   
websocket-server-5f4f67c6f4-k82hd   0m    32Mi   
websocket-server-5f4f67c6f4-kfn6d   0m    37Mi   
websocket-server-5f4f67c6f4-vrqjr   0m    32Mi   
websocket-server-5f4f67c6f4-xzbwh   0m    32Mi   
websocket-server-5f4f67c6f4-z5ftb   0m    32Mi   
1772360558
websocket-server-5f4f67c6f4-45fb2   0m    37Mi   
websocket-server-5f4f67c6f4-65l82   0m    40Mi   
websocket-server-5f4f67c6f4-7w5zm   0m    33Mi   
websocket-server-5f4f67c6f4-87z6g   0m    36Mi   
websocket-server-5f4f67c6f4-88jgf   0m    33Mi   
websocket-server-5f4f67c6f4-8g2fl   1m    58Mi   
websocket-server-5f4f67c6f4-96fbm   0m    37Mi   
websocket-server-5f4f67c6f4-dgcgd   0m    56Mi   
websocket-server-5f4f67c6f4-k82hd   0m    32Mi   
websocket-server-5f4f67c6f4-kfn6d   0m    37Mi   
websocket-server-5f4f67c6f4-vrqjr   0m    32Mi   
websocket-server-5f4f67c6f4-xzbwh   0m    32Mi   
websocket-server-5f4f67c6f4-z5ftb   0m    32Mi   
1772360563
websocket-server-5f4f67c6f4-45fb2   0m    37Mi   
websocket-server-5f4f67c6f4-65l82   0m    40Mi   
websocket-server-5f4f67c6f4-7w5zm   0m    33Mi   
websocket-server-5f4f67c6f4-87z6g   0m    36Mi   
websocket-server-5f4f67c6f4-88jgf   0m    33Mi   
websocket-server-5f4f67c6f4-8g2fl   1m    58Mi   
websocket-server-5f4f67c6f4-96fbm   0m    37Mi   
websocket-server-5f4f67c6f4-dgcgd   0m    56Mi   
websocket-server-5f4f67c6f4-k82hd   0m    32Mi   
websocket-server-5f4f67c6f4-kfn6d   0m    37Mi   
websocket-server-5f4f67c6f4-vrqjr   0m    32Mi   
websocket-server-5f4f67c6f4-xzbwh   0m    32Mi   
websocket-server-5f4f67c6f4-z5ftb   0m    32Mi   
1772360568
websocket-server-5f4f67c6f4-45fb2   0m    37Mi   
websocket-server-5f4f67c6f4-65l82   0m    40Mi   
websocket-server-5f4f67c6f4-7w5zm   0m    33Mi   
websocket-server-5f4f67c6f4-87z6g   0m    36Mi   
websocket-server-5f4f67c6f4-88jgf   0m    33Mi   
websocket-server-5f4f67c6f4-8g2fl   1m    58Mi   
websocket-server-5f4f67c6f4-96fbm   0m    37Mi   
websocket-server-5f4f67c6f4-dgcgd   0m    56Mi   
websocket-server-5f4f67c6f4-k82hd   0m    32Mi   
websocket-server-5f4f67c6f4-kfn6d   0m    37Mi   
websocket-server-5f4f67c6f4-vrqjr   0m    32Mi   
websocket-server-5f4f67c6f4-xzbwh   0m    32Mi   
websocket-server-5f4f67c6f4-z5ftb   0m    32Mi   
1772360573
websocket-server-5f4f67c6f4-45fb2   0m    37Mi   
websocket-server-5f4f67c6f4-65l82   0m    40Mi   
websocket-server-5f4f67c6f4-7w5zm   0m    33Mi   
websocket-server-5f4f67c6f4-87z6g   0m    36Mi   
websocket-server-5f4f67c6f4-88jgf   0m    33Mi   
websocket-server-5f4f67c6f4-8g2fl   1m    58Mi   
websocket-server-5f4f67c6f4-96fbm   0m    37Mi   
websocket-server-5f4f67c6f4-dgcgd   0m    56Mi   
websocket-server-5f4f67c6f4-k82hd   0m    32Mi   
websocket-server-5f4f67c6f4-kfn6d   0m    37Mi   
websocket-server-5f4f67c6f4-vrqjr   0m    32Mi   
websocket-server-5f4f67c6f4-xzbwh   0m    32Mi   
websocket-server-5f4f67c6f4-z5ftb   0m    32Mi   
1772360578
websocket-server-5f4f67c6f4-45fb2   0m    37Mi   
websocket-server-5f4f67c6f4-65l82   0m    40Mi   
websocket-server-5f4f67c6f4-7w5zm   0m    33Mi   
websocket-server-5f4f67c6f4-87z6g   0m    36Mi   
websocket-server-5f4f67c6f4-88jgf   0m    33Mi   
websocket-server-5f4f67c6f4-8g2fl   1m    58Mi   
websocket-server-5f4f67c6f4-96fbm   0m    37Mi   
websocket-server-5f4f67c6f4-dgcgd   0m    56Mi   
websocket-server-5f4f67c6f4-k82hd   0m    32Mi   
websocket-server-5f4f67c6f4-kfn6d   0m    37Mi   
websocket-server-5f4f67c6f4-vrqjr   0m    32Mi   
websocket-server-5f4f67c6f4-xzbwh   0m    32Mi   
websocket-server-5f4f67c6f4-z5ftb   0m    32Mi   
1772360584
websocket-server-5f4f67c6f4-45fb2   0m    37Mi   
websocket-server-5f4f67c6f4-65l82   0m    40Mi   
websocket-server-5f4f67c6f4-7w5zm   0m    33Mi   
websocket-server-5f4f67c6f4-87z6g   0m    36Mi   
websocket-server-5f4f67c6f4-88jgf   0m    33Mi   
websocket-server-5f4f67c6f4-8g2fl   1m    58Mi   
websocket-server-5f4f67c6f4-96fbm   0m    37Mi   
websocket-server-5f4f67c6f4-dgcgd   0m    56Mi   
websocket-server-5f4f67c6f4-k82hd   0m    32Mi   
websocket-server-5f4f67c6f4-kfn6d   0m    37Mi   
websocket-server-5f4f67c6f4-vrqjr   0m    32Mi   
websocket-server-5f4f67c6f4-xzbwh   0m    32Mi   
websocket-server-5f4f67c6f4-z5ftb   0m    32Mi   
1772360589
websocket-server-5f4f67c6f4-45fb2   0m    37Mi   
websocket-server-5f4f67c6f4-65l82   0m    40Mi   
websocket-server-5f4f67c6f4-7w5zm   0m    33Mi   
websocket-server-5f4f67c6f4-87z6g   0m    36Mi   
websocket-server-5f4f67c6f4-88jgf   0m    33Mi   
websocket-server-5f4f67c6f4-8g2fl   1m    58Mi   
websocket-server-5f4f67c6f4-96fbm   0m    37Mi   
websocket-server-5f4f67c6f4-dgcgd   0m    56Mi   
websocket-server-5f4f67c6f4-k82hd   0m    32Mi   
websocket-server-5f4f67c6f4-kfn6d   0m    37Mi   
websocket-server-5f4f67c6f4-vrqjr   0m    32Mi   
websocket-server-5f4f67c6f4-xzbwh   0m    32Mi   
websocket-server-5f4f67c6f4-z5ftb   0m    32Mi   
1772360594
websocket-server-5f4f67c6f4-45fb2   0m    37Mi   
websocket-server-5f4f67c6f4-65l82   0m    40Mi   
websocket-server-5f4f67c6f4-7w5zm   0m    33Mi   
websocket-server-5f4f67c6f4-87z6g   0m    36Mi   
websocket-server-5f4f67c6f4-88jgf   0m    33Mi   
websocket-server-5f4f67c6f4-8g2fl   1m    58Mi   
websocket-server-5f4f67c6f4-96fbm   0m    37Mi   
websocket-server-5f4f67c6f4-dgcgd   0m    56Mi   
websocket-server-5f4f67c6f4-k82hd   0m    32Mi   
websocket-server-5f4f67c6f4-kfn6d   0m    37Mi   
websocket-server-5f4f67c6f4-vrqjr   0m    32Mi   
websocket-server-5f4f67c6f4-xzbwh   0m    32Mi   
websocket-server-5f4f67c6f4-z5ftb   0m    32Mi   
1772360599
websocket-server-5f4f67c6f4-45fb2   0m    37Mi   
websocket-server-5f4f67c6f4-65l82   0m    40Mi   
websocket-server-5f4f67c6f4-7w5zm   0m    33Mi   
websocket-server-5f4f67c6f4-87z6g   0m    36Mi   
websocket-server-5f4f67c6f4-88jgf   0m    33Mi   
websocket-server-5f4f67c6f4-8g2fl   1m    58Mi   
websocket-server-5f4f67c6f4-96fbm   0m    37Mi   
websocket-server-5f4f67c6f4-dgcgd   0m    56Mi   
websocket-server-5f4f67c6f4-k82hd   0m    32Mi   
websocket-server-5f4f67c6f4-kfn6d   0m    37Mi   
websocket-server-5f4f67c6f4-vrqjr   0m    32Mi   
websocket-server-5f4f67c6f4-xzbwh   0m    32Mi   
websocket-server-5f4f67c6f4-z5ftb   0m    32Mi   
1772360604
websocket-server-5f4f67c6f4-45fb2   0m    37Mi   
websocket-server-5f4f67c6f4-65l82   0m    40Mi   
websocket-server-5f4f67c6f4-7w5zm   0m    33Mi   
websocket-server-5f4f67c6f4-87z6g   0m    36Mi   
websocket-server-5f4f67c6f4-88jgf   0m    33Mi   
websocket-server-5f4f67c6f4-8g2fl   1m    58Mi   
websocket-server-5f4f67c6f4-96fbm   0m    37Mi   
websocket-server-5f4f67c6f4-dgcgd   0m    56Mi   
websocket-server-5f4f67c6f4-k82hd   0m    32Mi   
websocket-server-5f4f67c6f4-kfn6d   0m    37Mi   
websocket-server-5f4f67c6f4-vrqjr   0m    32Mi   
websocket-server-5f4f67c6f4-xzbwh   0m    32Mi   
websocket-server-5f4f67c6f4-z5ftb   0m    32Mi   
1772360609
websocket-server-5f4f67c6f4-45fb2   0m    37Mi   
websocket-server-5f4f67c6f4-65l82   0m    40Mi   
websocket-server-5f4f67c6f4-7w5zm   0m    33Mi   
websocket-server-5f4f67c6f4-87z6g   0m    36Mi   
websocket-server-5f4f67c6f4-88jgf   0m    33Mi   
websocket-server-5f4f67c6f4-8g2fl   1m    58Mi   
websocket-server-5f4f67c6f4-96fbm   0m    37Mi   
websocket-server-5f4f67c6f4-dgcgd   0m    56Mi   
websocket-server-5f4f67c6f4-k82hd   0m    32Mi   
websocket-server-5f4f67c6f4-kfn6d   0m    37Mi   
websocket-server-5f4f67c6f4-vrqjr   0m    32Mi   
websocket-server-5f4f67c6f4-xzbwh   0m    32Mi   
websocket-server-5f4f67c6f4-z5ftb   0m    32Mi   
1772360614
websocket-server-5f4f67c6f4-45fb2   0m    37Mi   
websocket-server-5f4f67c6f4-65l82   0m    40Mi   
websocket-server-5f4f67c6f4-7w5zm   0m    33Mi   
websocket-server-5f4f67c6f4-87z6g   0m    36Mi   
websocket-server-5f4f67c6f4-88jgf   0m    33Mi   
websocket-server-5f4f67c6f4-8g2fl   1m    58Mi   
websocket-server-5f4f67c6f4-96fbm   0m    37Mi   
websocket-server-5f4f67c6f4-dgcgd   0m    56Mi   
websocket-server-5f4f67c6f4-k82hd   0m    32Mi   
websocket-server-5f4f67c6f4-kfn6d   0m    37Mi   
websocket-server-5f4f67c6f4-vrqjr   0m    32Mi   
websocket-server-5f4f67c6f4-xzbwh   0m    32Mi   
websocket-server-5f4f67c6f4-z5ftb   0m    32Mi   
1772360619
websocket-server-5f4f67c6f4-45fb2   0m    37Mi   
websocket-server-5f4f67c6f4-65l82   0m    40Mi   
websocket-server-5f4f67c6f4-7w5zm   0m    33Mi   
websocket-server-5f4f67c6f4-87z6g   0m    36Mi   
websocket-server-5f4f67c6f4-88jgf   0m    33Mi   
websocket-server-5f4f67c6f4-8g2fl   1m    58Mi   
websocket-server-5f4f67c6f4-96fbm   0m    37Mi   
websocket-server-5f4f67c6f4-dgcgd   0m    56Mi   
websocket-server-5f4f67c6f4-k82hd   0m    32Mi   
websocket-server-5f4f67c6f4-kfn6d   0m    37Mi   
websocket-server-5f4f67c6f4-vrqjr   0m    32Mi   
websocket-server-5f4f67c6f4-xzbwh   0m    32Mi   
websocket-server-5f4f67c6f4-z5ftb   0m    32Mi   
1772360624
websocket-server-5f4f67c6f4-45fb2   0m    37Mi   
websocket-server-5f4f67c6f4-65l82   0m    40Mi   
websocket-server-5f4f67c6f4-7w5zm   0m    33Mi   
websocket-server-5f4f67c6f4-87z6g   0m    36Mi   
websocket-server-5f4f67c6f4-88jgf   0m    33Mi   
websocket-server-5f4f67c6f4-8g2fl   1m    58Mi   
websocket-server-5f4f67c6f4-96fbm   0m    37Mi   
websocket-server-5f4f67c6f4-dgcgd   0m    56Mi   
websocket-server-5f4f67c6f4-k82hd   0m    32Mi   
websocket-server-5f4f67c6f4-kfn6d   0m    37Mi   
websocket-server-5f4f67c6f4-vrqjr   0m    32Mi   
websocket-server-5f4f67c6f4-xzbwh   0m    32Mi   
websocket-server-5f4f67c6f4-z5ftb   0m    32Mi   
1772360629
websocket-server-5f4f67c6f4-45fb2   0m    37Mi   
websocket-server-5f4f67c6f4-65l82   0m    40Mi   
websocket-server-5f4f67c6f4-7w5zm   0m    33Mi   
websocket-server-5f4f67c6f4-87z6g   0m    36Mi   
websocket-server-5f4f67c6f4-88jgf   0m    33Mi   
websocket-server-5f4f67c6f4-8g2fl   1m    58Mi   
websocket-server-5f4f67c6f4-96fbm   0m    37Mi   
websocket-server-5f4f67c6f4-dgcgd   0m    56Mi   
websocket-server-5f4f67c6f4-k82hd   0m    32Mi   
websocket-server-5f4f67c6f4-kfn6d   0m    37Mi   
websocket-server-5f4f67c6f4-vrqjr   0m    32Mi   
websocket-server-5f4f67c6f4-xzbwh   0m    32Mi   
websocket-server-5f4f67c6f4-z5ftb   0m    32Mi   
1772360635
websocket-server-5f4f67c6f4-45fb2   0m    37Mi   
websocket-server-5f4f67c6f4-65l82   0m    40Mi   
websocket-server-5f4f67c6f4-7w5zm   0m    33Mi   
websocket-server-5f4f67c6f4-87z6g   0m    36Mi   
websocket-server-5f4f67c6f4-88jgf   0m    33Mi   
websocket-server-5f4f67c6f4-8g2fl   1m    58Mi   
websocket-server-5f4f67c6f4-96fbm   0m    37Mi   
websocket-server-5f4f67c6f4-dgcgd   0m    56Mi   
websocket-server-5f4f67c6f4-k82hd   0m    32Mi   
websocket-server-5f4f67c6f4-kfn6d   0m    37Mi   
websocket-server-5f4f67c6f4-vrqjr   0m    32Mi   
websocket-server-5f4f67c6f4-xzbwh   0m    32Mi   
websocket-server-5f4f67c6f4-z5ftb   0m    32Mi   
1772360640
websocket-server-5f4f67c6f4-45fb2   0m    37Mi   
websocket-server-5f4f67c6f4-65l82   0m    40Mi   
websocket-server-5f4f67c6f4-7w5zm   0m    33Mi   
websocket-server-5f4f67c6f4-87z6g   0m    36Mi   
websocket-server-5f4f67c6f4-88jgf   0m    33Mi   
websocket-server-5f4f67c6f4-8g2fl   1m    58Mi   
websocket-server-5f4f67c6f4-96fbm   0m    37Mi   
websocket-server-5f4f67c6f4-dgcgd   0m    56Mi   
websocket-server-5f4f67c6f4-k82hd   0m    32Mi   
websocket-server-5f4f67c6f4-kfn6d   0m    37Mi   
websocket-server-5f4f67c6f4-vrqjr   0m    32Mi   
websocket-server-5f4f67c6f4-xzbwh   0m    32Mi   
websocket-server-5f4f67c6f4-z5ftb   0m    32Mi   
1772360645
websocket-server-5f4f67c6f4-45fb2   0m    37Mi   
websocket-server-5f4f67c6f4-65l82   0m    40Mi   
websocket-server-5f4f67c6f4-7w5zm   0m    33Mi   
websocket-server-5f4f67c6f4-87z6g   0m    36Mi   
websocket-server-5f4f67c6f4-88jgf   0m    33Mi   
websocket-server-5f4f67c6f4-8g2fl   1m    58Mi   
websocket-server-5f4f67c6f4-96fbm   0m    37Mi   
websocket-server-5f4f67c6f4-dgcgd   0m    56Mi   
websocket-server-5f4f67c6f4-k82hd   0m    32Mi   
websocket-server-5f4f67c6f4-kfn6d   0m    37Mi   
websocket-server-5f4f67c6f4-vrqjr   0m    32Mi   
websocket-server-5f4f67c6f4-xzbwh   0m    32Mi   
websocket-server-5f4f67c6f4-z5ftb   0m    32Mi   
1772360650
websocket-server-5f4f67c6f4-45fb2   0m    37Mi   
websocket-server-5f4f67c6f4-65l82   0m    40Mi   
websocket-server-5f4f67c6f4-7w5zm   0m    33Mi   
websocket-server-5f4f67c6f4-87z6g   0m    36Mi   
websocket-server-5f4f67c6f4-88jgf   0m    33Mi   
websocket-server-5f4f67c6f4-8g2fl   1m    58Mi   
websocket-server-5f4f67c6f4-96fbm   0m    37Mi   
websocket-server-5f4f67c6f4-dgcgd   0m    56Mi   
websocket-server-5f4f67c6f4-k82hd   0m    32Mi   
websocket-server-5f4f67c6f4-kfn6d   0m    37Mi   
websocket-server-5f4f67c6f4-vrqjr   0m    32Mi   
websocket-server-5f4f67c6f4-xzbwh   0m    32Mi   
websocket-server-5f4f67c6f4-z5ftb   0m    32Mi   
1772360655
websocket-server-5f4f67c6f4-45fb2   0m    37Mi   
websocket-server-5f4f67c6f4-65l82   0m    40Mi   
websocket-server-5f4f67c6f4-7w5zm   0m    33Mi   
websocket-server-5f4f67c6f4-87z6g   0m    36Mi   
websocket-server-5f4f67c6f4-88jgf   0m    33Mi   
websocket-server-5f4f67c6f4-8g2fl   1m    58Mi   
websocket-server-5f4f67c6f4-96fbm   0m    37Mi   
websocket-server-5f4f67c6f4-dgcgd   0m    56Mi   
websocket-server-5f4f67c6f4-k82hd   0m    32Mi   
websocket-server-5f4f67c6f4-kfn6d   0m    37Mi   
websocket-server-5f4f67c6f4-vrqjr   0m    32Mi   
websocket-server-5f4f67c6f4-xzbwh   0m    32Mi   
websocket-server-5f4f67c6f4-z5ftb   0m    32Mi   
1772360660
websocket-server-5f4f67c6f4-45fb2   0m    37Mi   
websocket-server-5f4f67c6f4-65l82   0m    40Mi   
websocket-server-5f4f67c6f4-7w5zm   0m    33Mi   
websocket-server-5f4f67c6f4-87z6g   0m    36Mi   
websocket-server-5f4f67c6f4-88jgf   0m    33Mi   
websocket-server-5f4f67c6f4-8g2fl   1m    58Mi   
websocket-server-5f4f67c6f4-96fbm   0m    37Mi   
websocket-server-5f4f67c6f4-dgcgd   0m    56Mi   
websocket-server-5f4f67c6f4-k82hd   0m    32Mi   
websocket-server-5f4f67c6f4-kfn6d   0m    37Mi   
websocket-server-5f4f67c6f4-vrqjr   0m    32Mi   
websocket-server-5f4f67c6f4-xzbwh   0m    32Mi   
websocket-server-5f4f67c6f4-z5ftb   0m    32Mi   
1772360665
websocket-server-5f4f67c6f4-45fb2   0m    37Mi   
websocket-server-5f4f67c6f4-65l82   0m    40Mi   
websocket-server-5f4f67c6f4-7w5zm   0m    33Mi   
websocket-server-5f4f67c6f4-87z6g   0m    36Mi   
websocket-server-5f4f67c6f4-88jgf   0m    33Mi   
websocket-server-5f4f67c6f4-8g2fl   1m    58Mi   
websocket-server-5f4f67c6f4-96fbm   0m    37Mi   
websocket-server-5f4f67c6f4-dgcgd   0m    56Mi   
websocket-server-5f4f67c6f4-k82hd   0m    32Mi   
websocket-server-5f4f67c6f4-kfn6d   0m    37Mi   
websocket-server-5f4f67c6f4-vrqjr   0m    32Mi   
websocket-server-5f4f67c6f4-xzbwh   0m    32Mi   
websocket-server-5f4f67c6f4-z5ftb   0m    32Mi   
1772360670
websocket-server-5f4f67c6f4-45fb2   0m    37Mi   
websocket-server-5f4f67c6f4-7w5zm   0m    33Mi   
websocket-server-5f4f67c6f4-87z6g   0m    36Mi   
websocket-server-5f4f67c6f4-88jgf   0m    33Mi   
websocket-server-5f4f67c6f4-8g2fl   1m    58Mi   
websocket-server-5f4f67c6f4-96fbm   0m    37Mi   
websocket-server-5f4f67c6f4-dgcgd   0m    56Mi   
websocket-server-5f4f67c6f4-k82hd   0m    32Mi   
websocket-server-5f4f67c6f4-kfn6d   0m    37Mi   
websocket-server-5f4f67c6f4-vrqjr   0m    32Mi   
websocket-server-5f4f67c6f4-xzbwh   0m    32Mi   
websocket-server-5f4f67c6f4-z5ftb   0m    32Mi   
1772360675
websocket-server-5f4f67c6f4-45fb2   0m    37Mi   
websocket-server-5f4f67c6f4-7w5zm   0m    33Mi   
websocket-server-5f4f67c6f4-87z6g   0m    36Mi   
websocket-server-5f4f67c6f4-88jgf   0m    33Mi   
websocket-server-5f4f67c6f4-8g2fl   1m    58Mi   
websocket-server-5f4f67c6f4-96fbm   0m    37Mi   
websocket-server-5f4f67c6f4-dgcgd   0m    56Mi   
websocket-server-5f4f67c6f4-k82hd   0m    32Mi   
websocket-server-5f4f67c6f4-kfn6d   0m    37Mi   
websocket-server-5f4f67c6f4-vrqjr   0m    32Mi   
websocket-server-5f4f67c6f4-xzbwh   0m    32Mi   
websocket-server-5f4f67c6f4-z5ftb   0m    32Mi   
1772360680
websocket-server-5f4f67c6f4-45fb2   0m    37Mi   
websocket-server-5f4f67c6f4-7w5zm   0m    33Mi   
websocket-server-5f4f67c6f4-87z6g   0m    36Mi   
websocket-server-5f4f67c6f4-88jgf   0m    33Mi   
websocket-server-5f4f67c6f4-8g2fl   1m    58Mi   
websocket-server-5f4f67c6f4-96fbm   0m    37Mi   
websocket-server-5f4f67c6f4-dgcgd   0m    56Mi   
websocket-server-5f4f67c6f4-k82hd   0m    32Mi   
websocket-server-5f4f67c6f4-kfn6d   0m    37Mi   
websocket-server-5f4f67c6f4-vrqjr   0m    32Mi   
websocket-server-5f4f67c6f4-xzbwh   0m    32Mi   
websocket-server-5f4f67c6f4-z5ftb   0m    32Mi   
1772360686
websocket-server-5f4f67c6f4-45fb2   0m    37Mi   
websocket-server-5f4f67c6f4-7w5zm   0m    33Mi   
websocket-server-5f4f67c6f4-87z6g   0m    36Mi   
websocket-server-5f4f67c6f4-88jgf   0m    33Mi   
websocket-server-5f4f67c6f4-8g2fl   1m    58Mi   
websocket-server-5f4f67c6f4-96fbm   0m    37Mi   
websocket-server-5f4f67c6f4-dgcgd   0m    56Mi   
websocket-server-5f4f67c6f4-k82hd   0m    32Mi   
websocket-server-5f4f67c6f4-kfn6d   0m    37Mi   
websocket-server-5f4f67c6f4-vrqjr   0m    32Mi   
websocket-server-5f4f67c6f4-xzbwh   0m    32Mi   
websocket-server-5f4f67c6f4-z5ftb   0m    32Mi   
1772360691
websocket-server-5f4f67c6f4-45fb2   0m    37Mi   
websocket-server-5f4f67c6f4-7w5zm   0m    33Mi   
websocket-server-5f4f67c6f4-87z6g   0m    36Mi   
websocket-server-5f4f67c6f4-88jgf   0m    33Mi   
websocket-server-5f4f67c6f4-8g2fl   1m    58Mi   
websocket-server-5f4f67c6f4-96fbm   0m    37Mi   
websocket-server-5f4f67c6f4-dgcgd   0m    56Mi   
websocket-server-5f4f67c6f4-k82hd   0m    32Mi   
websocket-server-5f4f67c6f4-kfn6d   0m    37Mi   
websocket-server-5f4f67c6f4-vrqjr   0m    32Mi   
websocket-server-5f4f67c6f4-xzbwh   0m    32Mi   
websocket-server-5f4f67c6f4-z5ftb   0m    32Mi   
1772360696
websocket-server-5f4f67c6f4-45fb2   0m    37Mi   
websocket-server-5f4f67c6f4-7w5zm   0m    33Mi   
websocket-server-5f4f67c6f4-87z6g   0m    36Mi   
websocket-server-5f4f67c6f4-88jgf   0m    33Mi   
websocket-server-5f4f67c6f4-8g2fl   1m    58Mi   
websocket-server-5f4f67c6f4-96fbm   0m    37Mi   
websocket-server-5f4f67c6f4-dgcgd   0m    56Mi   
websocket-server-5f4f67c6f4-k82hd   0m    32Mi   
websocket-server-5f4f67c6f4-kfn6d   0m    37Mi   
websocket-server-5f4f67c6f4-vrqjr   0m    32Mi   
websocket-server-5f4f67c6f4-xzbwh   0m    32Mi   
websocket-server-5f4f67c6f4-z5ftb   0m    32Mi   
1772360701
websocket-server-5f4f67c6f4-45fb2   0m    37Mi   
websocket-server-5f4f67c6f4-7w5zm   0m    33Mi   
websocket-server-5f4f67c6f4-87z6g   0m    36Mi   
websocket-server-5f4f67c6f4-88jgf   0m    33Mi   
websocket-server-5f4f67c6f4-8g2fl   1m    58Mi   
websocket-server-5f4f67c6f4-96fbm   0m    37Mi   
websocket-server-5f4f67c6f4-dgcgd   0m    56Mi   
websocket-server-5f4f67c6f4-k82hd   0m    32Mi   
websocket-server-5f4f67c6f4-kfn6d   0m    37Mi   
websocket-server-5f4f67c6f4-vrqjr   0m    32Mi   
websocket-server-5f4f67c6f4-xzbwh   0m    32Mi   
websocket-server-5f4f67c6f4-z5ftb   0m    32Mi   
1772360706
websocket-server-5f4f67c6f4-45fb2   0m    37Mi   
websocket-server-5f4f67c6f4-7w5zm   0m    33Mi   
websocket-server-5f4f67c6f4-87z6g   0m    36Mi   
websocket-server-5f4f67c6f4-88jgf   0m    33Mi   
websocket-server-5f4f67c6f4-8g2fl   1m    58Mi   
websocket-server-5f4f67c6f4-96fbm   0m    37Mi   
websocket-server-5f4f67c6f4-dgcgd   0m    56Mi   
websocket-server-5f4f67c6f4-k82hd   0m    32Mi   
websocket-server-5f4f67c6f4-kfn6d   0m    37Mi   
websocket-server-5f4f67c6f4-vrqjr   0m    32Mi   
websocket-server-5f4f67c6f4-xzbwh   0m    32Mi   
websocket-server-5f4f67c6f4-z5ftb   0m    32Mi   
1772360711
websocket-server-5f4f67c6f4-45fb2   0m    37Mi   
websocket-server-5f4f67c6f4-7w5zm   0m    33Mi   
websocket-server-5f4f67c6f4-87z6g   0m    36Mi   
websocket-server-5f4f67c6f4-88jgf   0m    33Mi   
websocket-server-5f4f67c6f4-8g2fl   1m    58Mi   
websocket-server-5f4f67c6f4-96fbm   0m    37Mi   
websocket-server-5f4f67c6f4-dgcgd   0m    56Mi   
websocket-server-5f4f67c6f4-k82hd   0m    32Mi   
websocket-server-5f4f67c6f4-kfn6d   0m    37Mi   
websocket-server-5f4f67c6f4-vrqjr   0m    32Mi   
websocket-server-5f4f67c6f4-xzbwh   0m    32Mi   
websocket-server-5f4f67c6f4-z5ftb   0m    32Mi   
1772360716
websocket-server-5f4f67c6f4-45fb2   0m    37Mi   
websocket-server-5f4f67c6f4-7w5zm   0m    33Mi   
websocket-server-5f4f67c6f4-88jgf   0m    33Mi   
websocket-server-5f4f67c6f4-8g2fl   1m    58Mi   
websocket-server-5f4f67c6f4-96fbm   0m    37Mi   
websocket-server-5f4f67c6f4-dgcgd   0m    56Mi   
websocket-server-5f4f67c6f4-k82hd   0m    32Mi   
websocket-server-5f4f67c6f4-kfn6d   0m    37Mi   
websocket-server-5f4f67c6f4-vrqjr   0m    32Mi   
websocket-server-5f4f67c6f4-xzbwh   0m    32Mi   
websocket-server-5f4f67c6f4-z5ftb   0m    32Mi   
1772360721
websocket-server-5f4f67c6f4-45fb2   0m    37Mi   
websocket-server-5f4f67c6f4-7w5zm   0m    33Mi   
websocket-server-5f4f67c6f4-88jgf   0m    33Mi   
websocket-server-5f4f67c6f4-8g2fl   1m    58Mi   
websocket-server-5f4f67c6f4-96fbm   0m    37Mi   
websocket-server-5f4f67c6f4-dgcgd   0m    56Mi   
websocket-server-5f4f67c6f4-k82hd   0m    32Mi   
websocket-server-5f4f67c6f4-kfn6d   0m    37Mi   
websocket-server-5f4f67c6f4-vrqjr   0m    32Mi   
websocket-server-5f4f67c6f4-xzbwh   0m    32Mi   
websocket-server-5f4f67c6f4-z5ftb   0m    32Mi   
1772360727
websocket-server-5f4f67c6f4-45fb2   0m    37Mi   
websocket-server-5f4f67c6f4-7w5zm   0m    33Mi   
websocket-server-5f4f67c6f4-88jgf   0m    33Mi   
websocket-server-5f4f67c6f4-8g2fl   1m    58Mi   
websocket-server-5f4f67c6f4-96fbm   0m    37Mi   
websocket-server-5f4f67c6f4-dgcgd   0m    56Mi   
websocket-server-5f4f67c6f4-k82hd   0m    32Mi   
websocket-server-5f4f67c6f4-kfn6d   0m    37Mi   
websocket-server-5f4f67c6f4-vrqjr   0m    32Mi   
websocket-server-5f4f67c6f4-xzbwh   0m    32Mi   
websocket-server-5f4f67c6f4-z5ftb   0m    32Mi   
1772360732
websocket-server-5f4f67c6f4-45fb2   0m    37Mi   
websocket-server-5f4f67c6f4-7w5zm   0m    33Mi   
websocket-server-5f4f67c6f4-88jgf   0m    33Mi   
websocket-server-5f4f67c6f4-8g2fl   1m    58Mi   
websocket-server-5f4f67c6f4-96fbm   0m    37Mi   
websocket-server-5f4f67c6f4-dgcgd   0m    56Mi   
websocket-server-5f4f67c6f4-k82hd   0m    32Mi   
websocket-server-5f4f67c6f4-kfn6d   0m    37Mi   
websocket-server-5f4f67c6f4-vrqjr   0m    32Mi   
websocket-server-5f4f67c6f4-xzbwh   0m    32Mi   
websocket-server-5f4f67c6f4-z5ftb   0m    32Mi   
1772360737
websocket-server-5f4f67c6f4-45fb2   0m    37Mi   
websocket-server-5f4f67c6f4-7w5zm   0m    33Mi   
websocket-server-5f4f67c6f4-88jgf   0m    33Mi   
websocket-server-5f4f67c6f4-8g2fl   1m    58Mi   
websocket-server-5f4f67c6f4-96fbm   0m    37Mi   
websocket-server-5f4f67c6f4-dgcgd   0m    56Mi   
websocket-server-5f4f67c6f4-k82hd   0m    32Mi   
websocket-server-5f4f67c6f4-kfn6d   0m    37Mi   
websocket-server-5f4f67c6f4-vrqjr   0m    32Mi   
websocket-server-5f4f67c6f4-xzbwh   0m    32Mi   
websocket-server-5f4f67c6f4-z5ftb   0m    32Mi   
1772360742
websocket-server-5f4f67c6f4-45fb2   0m    37Mi   
websocket-server-5f4f67c6f4-7w5zm   0m    33Mi   
websocket-server-5f4f67c6f4-88jgf   0m    33Mi   
websocket-server-5f4f67c6f4-8g2fl   1m    58Mi   
websocket-server-5f4f67c6f4-96fbm   0m    37Mi   
websocket-server-5f4f67c6f4-dgcgd   0m    56Mi   
websocket-server-5f4f67c6f4-k82hd   0m    32Mi   
websocket-server-5f4f67c6f4-kfn6d   0m    37Mi   
websocket-server-5f4f67c6f4-vrqjr   0m    32Mi   
websocket-server-5f4f67c6f4-xzbwh   0m    32Mi   
websocket-server-5f4f67c6f4-z5ftb   0m    32Mi   
1772360747
websocket-server-5f4f67c6f4-45fb2   0m    37Mi   
websocket-server-5f4f67c6f4-7w5zm   0m    33Mi   
websocket-server-5f4f67c6f4-88jgf   0m    33Mi   
websocket-server-5f4f67c6f4-8g2fl   1m    58Mi   
websocket-server-5f4f67c6f4-96fbm   0m    37Mi   
websocket-server-5f4f67c6f4-vrqjr   0m    32Mi   
1772360752
websocket-server-5f4f67c6f4-45fb2   0m    37Mi   
websocket-server-5f4f67c6f4-7w5zm   0m    33Mi   
websocket-server-5f4f67c6f4-88jgf   0m    33Mi   
websocket-server-5f4f67c6f4-8g2fl   1m    58Mi   
websocket-server-5f4f67c6f4-96fbm   0m    37Mi   
websocket-server-5f4f67c6f4-vrqjr   0m    32Mi   
1772360757
websocket-server-5f4f67c6f4-45fb2   0m    37Mi   
websocket-server-5f4f67c6f4-7w5zm   0m    33Mi   
websocket-server-5f4f67c6f4-88jgf   0m    33Mi   
websocket-server-5f4f67c6f4-8g2fl   1m    58Mi   
websocket-server-5f4f67c6f4-96fbm   0m    37Mi   
websocket-server-5f4f67c6f4-vrqjr   0m    32Mi   
1782835110
websocket-server-5d44fc8b6-gk5t7   26m   27Mi   
websocket-server-5d44fc8b6-rf95c   23m   27Mi   
1782835115
websocket-server-5d44fc8b6-gk5t7   26m   27Mi   
websocket-server-5d44fc8b6-rf95c   23m   27Mi   
1782835120
websocket-server-5d44fc8b6-gk5t7   26m   27Mi   
websocket-server-5d44fc8b6-rf95c   23m   27Mi   
1782835125
websocket-loadgen-5vxsq            94m   30Mi   
websocket-server-5d44fc8b6-gk5t7   35m   29Mi   
websocket-server-5d44fc8b6-rf95c   23m   27Mi   
1782835130
websocket-loadgen-5vxsq            94m   30Mi   
websocket-server-5d44fc8b6-gk5t7   35m   29Mi   
websocket-server-5d44fc8b6-rf95c   23m   27Mi   
1782835135
websocket-loadgen-5vxsq            94m   30Mi   
websocket-server-5d44fc8b6-gk5t7   35m   29Mi   
websocket-server-5d44fc8b6-rf95c   23m   27Mi   
1782835140
websocket-loadgen-5vxsq            23m   41Mi   
websocket-server-5d44fc8b6-gk5t7   61m   33Mi   
websocket-server-5d44fc8b6-rf95c   39m   31Mi   
1782835145
websocket-loadgen-5vxsq            23m   41Mi   
websocket-server-5d44fc8b6-gk5t7   61m   33Mi   
websocket-server-5d44fc8b6-rf95c   39m   31Mi   
1782835150
websocket-loadgen-5vxsq            23m   41Mi   
websocket-server-5d44fc8b6-gk5t7   61m   33Mi   
websocket-server-5d44fc8b6-rf95c   39m   31Mi   
1782835155
websocket-loadgen-5vxsq            32m   48Mi   
websocket-server-5d44fc8b6-gk5t7   98m   36Mi   
websocket-server-5d44fc8b6-rf95c   83m   36Mi   
1782835160
websocket-loadgen-5vxsq            32m   48Mi   
websocket-server-5d44fc8b6-gk5t7   98m   36Mi   
websocket-server-5d44fc8b6-rf95c   83m   36Mi   
1782835165
websocket-loadgen-5vxsq            32m   48Mi   
websocket-server-5d44fc8b6-gk5t7   98m   36Mi   
websocket-server-5d44fc8b6-rf95c   83m   36Mi   
1782835170
websocket-loadgen-5vxsq            47m    55Mi   
websocket-server-5d44fc8b6-gk5t7   144m   39Mi   
websocket-server-5d44fc8b6-rf95c   147m   41Mi   
1782835175
websocket-loadgen-5vxsq            47m    55Mi   
websocket-server-5d44fc8b6-gk5t7   144m   39Mi   
websocket-server-5d44fc8b6-rf95c   147m   41Mi   
1782835180
websocket-loadgen-5vxsq            47m    55Mi   
websocket-server-5d44fc8b6-gk5t7   144m   39Mi   
websocket-server-5d44fc8b6-rf95c   147m   41Mi   
1782835186
websocket-loadgen-5vxsq            55m    66Mi   
websocket-server-5d44fc8b6-c7f4p   33m    28Mi   
websocket-server-5d44fc8b6-gk5t7   178m   44Mi   
websocket-server-5d44fc8b6-rf95c   183m   44Mi   
1782835191
websocket-server-5d44fc8b6-c7f4p   33m    28Mi   
websocket-server-5d44fc8b6-gk5t7   178m   44Mi   
websocket-server-5d44fc8b6-rf95c   183m   44Mi   
1782835196
websocket-server-5d44fc8b6-c7f4p   33m    28Mi   
websocket-server-5d44fc8b6-gk5t7   178m   44Mi   
websocket-server-5d44fc8b6-rf95c   183m   44Mi   
1782835201
websocket-server-5d44fc8b6-c7f4p   33m    28Mi   
websocket-server-5d44fc8b6-gk5t7   204m   46Mi   
websocket-server-5d44fc8b6-rf95c   207m   47Mi   
1782835206
websocket-server-5d44fc8b6-c7f4p   33m    28Mi   
websocket-server-5d44fc8b6-gk5t7   204m   46Mi   
websocket-server-5d44fc8b6-rf95c   207m   47Mi   
1782835211
websocket-server-5d44fc8b6-c7f4p   33m    28Mi   
websocket-server-5d44fc8b6-gk5t7   204m   46Mi   
websocket-server-5d44fc8b6-rf95c   207m   47Mi   
1782835216
websocket-loadgen-vbmm6            19m   32Mi   
websocket-server-5d44fc8b6-c7f4p   24m   31Mi   
websocket-server-5d44fc8b6-gk5t7   84m   46Mi   
websocket-server-5d44fc8b6-rf95c   87m   49Mi   
websocket-server-5d44fc8b6-twvkr   30m   27Mi   
1782835221
websocket-loadgen-vbmm6            19m   32Mi   
websocket-server-5d44fc8b6-c7f4p   24m   31Mi   
websocket-server-5d44fc8b6-gk5t7   84m   46Mi   
websocket-server-5d44fc8b6-rf95c   87m   49Mi   
websocket-server-5d44fc8b6-twvkr   30m   27Mi   
1782835226
websocket-loadgen-vbmm6            19m   32Mi   
websocket-server-5d44fc8b6-c7f4p   24m   31Mi   
websocket-server-5d44fc8b6-gk5t7   84m   46Mi   
websocket-server-5d44fc8b6-rf95c   87m   49Mi   
websocket-server-5d44fc8b6-twvkr   30m   27Mi   
1782835231
websocket-loadgen-vbmm6            27m   41Mi   
websocket-server-5d44fc8b6-c7f4p   43m   33Mi   
websocket-server-5d44fc8b6-gk5t7   32m   47Mi   
websocket-server-5d44fc8b6-rf95c   39m   50Mi   
websocket-server-5d44fc8b6-twvkr   29m   28Mi   
1782835236
websocket-loadgen-vbmm6            27m   41Mi   
websocket-server-5d44fc8b6-c7f4p   43m   33Mi   
websocket-server-5d44fc8b6-gk5t7   32m   47Mi   
websocket-server-5d44fc8b6-rf95c   39m   50Mi   
websocket-server-5d44fc8b6-twvkr   29m   28Mi   
1782835241
websocket-loadgen-vbmm6            27m   41Mi   
websocket-server-5d44fc8b6-c7f4p   43m   33Mi   
websocket-server-5d44fc8b6-gk5t7   32m   47Mi   
websocket-server-5d44fc8b6-rf95c   39m   50Mi   
websocket-server-5d44fc8b6-twvkr   29m   28Mi   
1782835246
websocket-loadgen-vbmm6            39m   50Mi   
websocket-server-5d44fc8b6-c7f4p   67m   34Mi   
websocket-server-5d44fc8b6-gk5t7   55m   49Mi   
websocket-server-5d44fc8b6-rf95c   70m   53Mi   
websocket-server-5d44fc8b6-twvkr   34m   29Mi   
1782835251
websocket-loadgen-vbmm6            39m   50Mi   
websocket-server-5d44fc8b6-c7f4p   67m   34Mi   
websocket-server-5d44fc8b6-gk5t7   55m   49Mi   
websocket-server-5d44fc8b6-rf95c   70m   53Mi   
websocket-server-5d44fc8b6-twvkr   34m   29Mi   
1782835256
websocket-loadgen-vbmm6            39m   50Mi   
websocket-server-5d44fc8b6-c7f4p   67m   34Mi   
websocket-server-5d44fc8b6-gk5t7   55m   49Mi   
websocket-server-5d44fc8b6-rf95c   70m   53Mi   
websocket-server-5d44fc8b6-twvkr   34m   29Mi   
1782835261
websocket-loadgen-vbmm6            48m   59Mi   
websocket-server-5d44fc8b6-c7f4p   87m   36Mi   
websocket-server-5d44fc8b6-gk5t7   85m   50Mi   
websocket-server-5d44fc8b6-rf95c   87m   54Mi   
websocket-server-5d44fc8b6-twvkr   55m   31Mi   
1782835266
websocket-loadgen-vbmm6            48m   59Mi   
websocket-server-5d44fc8b6-c7f4p   87m   36Mi   
websocket-server-5d44fc8b6-gk5t7   85m   50Mi   
websocket-server-5d44fc8b6-rf95c   87m   54Mi   
websocket-server-5d44fc8b6-twvkr   55m   31Mi   
1782835271
websocket-loadgen-vbmm6            48m   59Mi   
websocket-server-5d44fc8b6-c7f4p   87m   36Mi   
websocket-server-5d44fc8b6-gk5t7   85m   50Mi   
websocket-server-5d44fc8b6-rf95c   87m   54Mi   
websocket-server-5d44fc8b6-twvkr   55m   31Mi   
1782835276
websocket-loadgen-vbmm6            55m    68Mi   
websocket-server-5d44fc8b6-c7f4p   102m   38Mi   
websocket-server-5d44fc8b6-gk5t7   103m   52Mi   
websocket-server-5d44fc8b6-rf95c   111m   57Mi   
websocket-server-5d44fc8b6-twvkr   74m    33Mi   
1782835282
websocket-server-5d44fc8b6-c7f4p   102m   38Mi   
websocket-server-5d44fc8b6-gk5t7   103m   52Mi   
websocket-server-5d44fc8b6-rf95c   111m   57Mi   
websocket-server-5d44fc8b6-twvkr   74m    33Mi   
1782835287
websocket-server-5d44fc8b6-c7f4p   102m   38Mi   
websocket-server-5d44fc8b6-gk5t7   103m   52Mi   
websocket-server-5d44fc8b6-rf95c   111m   57Mi   
websocket-server-5d44fc8b6-twvkr   74m    33Mi   
1782835292
websocket-server-5d44fc8b6-c7f4p   125m   40Mi   
websocket-server-5d44fc8b6-gk5t7   121m   53Mi   
websocket-server-5d44fc8b6-rf95c   106m   57Mi   
websocket-server-5d44fc8b6-twvkr   94m    35Mi   
1782835297
websocket-server-5d44fc8b6-c7f4p   125m   40Mi   
websocket-server-5d44fc8b6-gk5t7   121m   53Mi   
websocket-server-5d44fc8b6-rf95c   106m   57Mi   
websocket-server-5d44fc8b6-twvkr   94m    35Mi   
1782835302
websocket-server-5d44fc8b6-c7f4p   125m   40Mi   
websocket-server-5d44fc8b6-gk5t7   121m   53Mi   
websocket-server-5d44fc8b6-rf95c   106m   57Mi   
websocket-server-5d44fc8b6-twvkr   94m    35Mi   
1782835307
websocket-loadgen-s7gp2            79m   32Mi   
websocket-server-5d44fc8b6-c7f4p   34m   41Mi   
websocket-server-5d44fc8b6-gk5t7   18m   53Mi   
websocket-server-5d44fc8b6-rf95c   16m   59Mi   
websocket-server-5d44fc8b6-twvkr   46m   36Mi   
1782835312
websocket-loadgen-s7gp2            79m   32Mi   
websocket-server-5d44fc8b6-c7f4p   34m   41Mi   
websocket-server-5d44fc8b6-gk5t7   18m   53Mi   
websocket-server-5d44fc8b6-rf95c   16m   59Mi   
websocket-server-5d44fc8b6-twvkr   46m   36Mi   
1782835317
websocket-loadgen-s7gp2            79m   32Mi   
websocket-server-5d44fc8b6-c7f4p   34m   41Mi   
websocket-server-5d44fc8b6-gk5t7   18m   53Mi   
websocket-server-5d44fc8b6-rf95c   16m   59Mi   
websocket-server-5d44fc8b6-twvkr   46m   36Mi   
1782835322
websocket-loadgen-s7gp2            29m   41Mi   
websocket-server-5d44fc8b6-c7f4p   26m   42Mi   
websocket-server-5d44fc8b6-gk5t7   34m   54Mi   
websocket-server-5d44fc8b6-rf95c   38m   60Mi   
websocket-server-5d44fc8b6-twvkr   25m   37Mi   
1782835327
websocket-loadgen-s7gp2            29m   41Mi   
websocket-server-5d44fc8b6-c7f4p   26m   42Mi   
websocket-server-5d44fc8b6-gk5t7   34m   54Mi   
websocket-server-5d44fc8b6-rf95c   38m   60Mi   
websocket-server-5d44fc8b6-twvkr   25m   37Mi   
1782835332
websocket-loadgen-s7gp2            29m   41Mi   
websocket-server-5d44fc8b6-c7f4p   26m   42Mi   
websocket-server-5d44fc8b6-gk5t7   34m   54Mi   
websocket-server-5d44fc8b6-rf95c   38m   60Mi   
websocket-server-5d44fc8b6-twvkr   25m   37Mi   
1782835337
websocket-loadgen-s7gp2            43m   51Mi   
websocket-server-5d44fc8b6-c7f4p   48m   42Mi   
websocket-server-5d44fc8b6-gk5t7   57m   55Mi   
websocket-server-5d44fc8b6-rf95c   59m   62Mi   
websocket-server-5d44fc8b6-twvkr   46m   37Mi   
1782835342
websocket-loadgen-s7gp2            43m   51Mi   
websocket-server-5d44fc8b6-c7f4p   48m   42Mi   
websocket-server-5d44fc8b6-gk5t7   57m   55Mi   
websocket-server-5d44fc8b6-rf95c   59m   62Mi   
websocket-server-5d44fc8b6-twvkr   46m   37Mi   
1782835347
websocket-loadgen-s7gp2            43m   51Mi   
websocket-server-5d44fc8b6-c7f4p   48m   42Mi   
websocket-server-5d44fc8b6-gk5t7   57m   55Mi   
websocket-server-5d44fc8b6-rf95c   59m   62Mi   
websocket-server-5d44fc8b6-twvkr   46m   37Mi   
1782835352
websocket-loadgen-s7gp2            43m   51Mi   
websocket-server-5d44fc8b6-c7f4p   71m   43Mi   
websocket-server-5d44fc8b6-gk5t7   81m   57Mi   
websocket-server-5d44fc8b6-rf95c   84m   63Mi   
websocket-server-5d44fc8b6-twvkr   74m   40Mi   
1782835357
websocket-loadgen-s7gp2            43m   51Mi   
websocket-server-5d44fc8b6-c7f4p   71m   43Mi   
websocket-server-5d44fc8b6-gk5t7   81m   57Mi   
websocket-server-5d44fc8b6-rf95c   84m   63Mi   
websocket-server-5d44fc8b6-twvkr   74m   40Mi   
1782835362
websocket-loadgen-s7gp2            43m   51Mi   
websocket-server-5d44fc8b6-c7f4p   71m   43Mi   
websocket-server-5d44fc8b6-gk5t7   81m   57Mi   
websocket-server-5d44fc8b6-rf95c   84m   63Mi   
websocket-server-5d44fc8b6-twvkr   74m   40Mi   
1782835367
websocket-loadgen-s7gp2            51m    68Mi   
websocket-server-5d44fc8b6-c7f4p   86m    43Mi   
websocket-server-5d44fc8b6-gk5t7   101m   59Mi   
websocket-server-5d44fc8b6-rf95c   98m    65Mi   
websocket-server-5d44fc8b6-twvkr   92m    41Mi   
1782835372
websocket-server-5d44fc8b6-c7f4p   86m    43Mi   
websocket-server-5d44fc8b6-gk5t7   101m   59Mi   
websocket-server-5d44fc8b6-rf95c   98m    65Mi   
websocket-server-5d44fc8b6-twvkr   92m    41Mi   
1782835377
websocket-server-5d44fc8b6-c7f4p   104m   44Mi   
websocket-server-5d44fc8b6-gk5t7   100m   59Mi   
websocket-server-5d44fc8b6-rf95c   114m   67Mi   
websocket-server-5d44fc8b6-twvkr   112m   41Mi   
1782835383
websocket-server-5d44fc8b6-c7f4p   104m   44Mi   
websocket-server-5d44fc8b6-gk5t7   100m   59Mi   
websocket-server-5d44fc8b6-rf95c   114m   67Mi   
websocket-server-5d44fc8b6-twvkr   112m   41Mi   
1782835388
websocket-server-5d44fc8b6-c7f4p   104m   44Mi   
websocket-server-5d44fc8b6-gk5t7   100m   59Mi   
websocket-server-5d44fc8b6-rf95c   114m   67Mi   
websocket-server-5d44fc8b6-twvkr   112m   41Mi   
1782835393
websocket-loadgen-lllmh            21m   34Mi   
websocket-server-5d44fc8b6-c7f4p   46m   43Mi   
websocket-server-5d44fc8b6-gk5t7   15m   61Mi   
websocket-server-5d44fc8b6-rf95c   34m   67Mi   
websocket-server-5d44fc8b6-twvkr   52m   42Mi   
1782835398
websocket-loadgen-lllmh            21m   34Mi   
websocket-server-5d44fc8b6-c7f4p   46m   43Mi   
websocket-server-5d44fc8b6-gk5t7   15m   61Mi   
websocket-server-5d44fc8b6-rf95c   34m   67Mi   
websocket-server-5d44fc8b6-twvkr   52m   42Mi   
1782835403
websocket-loadgen-lllmh            21m   34Mi   
websocket-server-5d44fc8b6-c7f4p   46m   43Mi   
websocket-server-5d44fc8b6-gk5t7   15m   61Mi   
websocket-server-5d44fc8b6-rf95c   34m   67Mi   
websocket-server-5d44fc8b6-twvkr   52m   42Mi   
1782835408
websocket-loadgen-lllmh            32m   43Mi   
websocket-server-5d44fc8b6-c7f4p   35m   43Mi   
websocket-server-5d44fc8b6-gk5t7   15m   61Mi   
websocket-server-5d44fc8b6-rf95c   26m   69Mi   
websocket-server-5d44fc8b6-twvkr   45m   42Mi   
1782835413
websocket-loadgen-lllmh            32m   43Mi   
websocket-server-5d44fc8b6-c7f4p   35m   43Mi   
websocket-server-5d44fc8b6-gk5t7   15m   61Mi   
websocket-server-5d44fc8b6-rf95c   26m   69Mi   
websocket-server-5d44fc8b6-twvkr   45m   42Mi   
1782835418
websocket-loadgen-lllmh            32m   43Mi   
websocket-server-5d44fc8b6-c7f4p   35m   43Mi   
websocket-server-5d44fc8b6-gk5t7   15m   61Mi   
websocket-server-5d44fc8b6-rf95c   26m   69Mi   
websocket-server-5d44fc8b6-twvkr   45m   42Mi   
1782835423
websocket-loadgen-lllmh            32m   43Mi   
websocket-server-5d44fc8b6-c7f4p   60m   44Mi   
websocket-server-5d44fc8b6-gk5t7   35m   62Mi   
websocket-server-5d44fc8b6-rf95c   41m   69Mi   
websocket-server-5d44fc8b6-twvkr   45m   42Mi   
1782835428
websocket-loadgen-lllmh            32m   43Mi   
websocket-server-5d44fc8b6-c7f4p   60m   44Mi   
websocket-server-5d44fc8b6-gk5t7   35m   62Mi   
websocket-server-5d44fc8b6-rf95c   41m   69Mi   
websocket-server-5d44fc8b6-twvkr   45m   42Mi   
1782835433
websocket-loadgen-lllmh            32m   43Mi   
websocket-server-5d44fc8b6-c7f4p   60m   44Mi   
websocket-server-5d44fc8b6-gk5t7   35m   62Mi   
websocket-server-5d44fc8b6-rf95c   41m   69Mi   
websocket-server-5d44fc8b6-twvkr   45m   42Mi   
1782835438
websocket-loadgen-lllmh            43m   52Mi   
websocket-server-5d44fc8b6-c7f4p   80m   44Mi   
websocket-server-5d44fc8b6-gk5t7   63m   63Mi   
websocket-server-5d44fc8b6-rf95c   52m   70Mi   
websocket-server-5d44fc8b6-twvkr   81m   44Mi   
1782835443
websocket-loadgen-lllmh            43m   52Mi   
websocket-server-5d44fc8b6-c7f4p   80m   44Mi   
websocket-server-5d44fc8b6-gk5t7   63m   63Mi   
websocket-server-5d44fc8b6-rf95c   52m   70Mi   
websocket-server-5d44fc8b6-twvkr   81m   44Mi   
1782835448
websocket-loadgen-lllmh            43m   52Mi   
websocket-server-5d44fc8b6-c7f4p   80m   44Mi   
websocket-server-5d44fc8b6-gk5t7   63m   63Mi   
websocket-server-5d44fc8b6-rf95c   52m   70Mi   
websocket-server-5d44fc8b6-twvkr   81m   44Mi   
1782835453
websocket-loadgen-lllmh            50m    62Mi   
websocket-server-5d44fc8b6-c7f4p   102m   46Mi   
websocket-server-5d44fc8b6-gk5t7   96m    67Mi   
websocket-server-5d44fc8b6-rf95c   70m    72Mi   
websocket-server-5d44fc8b6-twvkr   105m   47Mi   
1782835458
websocket-loadgen-lllmh            50m    62Mi   
websocket-server-5d44fc8b6-c7f4p   102m   46Mi   
websocket-server-5d44fc8b6-gk5t7   96m    67Mi   
websocket-server-5d44fc8b6-rf95c   70m    72Mi   
websocket-server-5d44fc8b6-twvkr   105m   47Mi   
1782835463
websocket-server-5d44fc8b6-c7f4p   102m   46Mi   
websocket-server-5d44fc8b6-gk5t7   96m    67Mi   
websocket-server-5d44fc8b6-rf95c   70m    72Mi   
websocket-server-5d44fc8b6-twvkr   105m   47Mi   
1782835468
websocket-server-5d44fc8b6-c7f4p   118m   48Mi   
websocket-server-5d44fc8b6-gk5t7   111m   67Mi   
websocket-server-5d44fc8b6-rf95c   70m    72Mi   
websocket-server-5d44fc8b6-twvkr   128m   47Mi   
1782835473
websocket-server-5d44fc8b6-c7f4p   118m   48Mi   
websocket-server-5d44fc8b6-gk5t7   111m   67Mi   
websocket-server-5d44fc8b6-rf95c   70m    72Mi   
websocket-server-5d44fc8b6-twvkr   128m   47Mi   
1782835478
websocket-server-5d44fc8b6-c7f4p   118m   48Mi   
websocket-server-5d44fc8b6-gk5t7   111m   67Mi   
websocket-server-5d44fc8b6-rf95c   70m    72Mi   
websocket-server-5d44fc8b6-twvkr   128m   47Mi   
1782835483
websocket-loadgen-74dxl            93m   31Mi   
websocket-server-5d44fc8b6-c7f4p   62m   48Mi   
websocket-server-5d44fc8b6-gk5t7   11m   69Mi   
websocket-server-5d44fc8b6-rf95c   43m   74Mi   
websocket-server-5d44fc8b6-twvkr   67m   49Mi   
1782835489
websocket-loadgen-74dxl            93m   31Mi   
websocket-server-5d44fc8b6-c7f4p   62m   48Mi   
websocket-server-5d44fc8b6-gk5t7   11m   69Mi   
websocket-server-5d44fc8b6-rf95c   43m   74Mi   
websocket-server-5d44fc8b6-twvkr   67m   49Mi   
1782835494
websocket-loadgen-74dxl            93m   31Mi   
websocket-server-5d44fc8b6-c7f4p   62m   48Mi   
websocket-server-5d44fc8b6-gk5t7   11m   69Mi   
websocket-server-5d44fc8b6-rf95c   43m   74Mi   
websocket-server-5d44fc8b6-twvkr   67m   49Mi   
1782835499
websocket-loadgen-74dxl            25m   40Mi   
websocket-server-5d44fc8b6-c7f4p   23m   49Mi   
websocket-server-5d44fc8b6-gk5t7   26m   69Mi   
websocket-server-5d44fc8b6-rf95c   35m   74Mi   
websocket-server-5d44fc8b6-twvkr   32m   51Mi   
1782835504
websocket-loadgen-74dxl            25m   40Mi   
websocket-server-5d44fc8b6-c7f4p   23m   49Mi   
websocket-server-5d44fc8b6-gk5t7   26m   69Mi   
websocket-server-5d44fc8b6-rf95c   35m   74Mi   
websocket-server-5d44fc8b6-twvkr   32m   51Mi   
1782835509
websocket-loadgen-74dxl            25m   40Mi   
websocket-server-5d44fc8b6-c7f4p   23m   49Mi   
websocket-server-5d44fc8b6-gk5t7   26m   69Mi   
websocket-server-5d44fc8b6-rf95c   35m   74Mi   
websocket-server-5d44fc8b6-twvkr   32m   51Mi   
1782835514
websocket-loadgen-74dxl            36m   48Mi   
websocket-server-5d44fc8b6-c7f4p   49m   50Mi   
websocket-server-5d44fc8b6-gk5t7   45m   69Mi   
websocket-server-5d44fc8b6-rf95c   55m   75Mi   
websocket-server-5d44fc8b6-twvkr   56m   54Mi   
1782835519
websocket-loadgen-74dxl            36m   48Mi   
websocket-server-5d44fc8b6-c7f4p   49m   50Mi   
websocket-server-5d44fc8b6-gk5t7   45m   69Mi   
websocket-server-5d44fc8b6-rf95c   55m   75Mi   
websocket-server-5d44fc8b6-twvkr   56m   54Mi   
1782835524
websocket-loadgen-74dxl            36m   48Mi   
websocket-server-5d44fc8b6-c7f4p   49m   50Mi   
websocket-server-5d44fc8b6-gk5t7   45m   69Mi   
websocket-server-5d44fc8b6-rf95c   55m   75Mi   
websocket-server-5d44fc8b6-twvkr   56m   54Mi   
1782835529
websocket-loadgen-74dxl            46m   58Mi   
websocket-server-5d44fc8b6-c7f4p   80m   52Mi   
websocket-server-5d44fc8b6-gk5t7   45m   69Mi   
websocket-server-5d44fc8b6-rf95c   72m   76Mi   
websocket-server-5d44fc8b6-twvkr   86m   56Mi   
1782835534
websocket-loadgen-74dxl            46m   58Mi   
websocket-server-5d44fc8b6-c7f4p   80m   52Mi   
websocket-server-5d44fc8b6-gk5t7   45m   69Mi   
websocket-server-5d44fc8b6-rf95c   72m   76Mi   
websocket-server-5d44fc8b6-twvkr   86m   56Mi   
1782835539
websocket-loadgen-74dxl            46m   58Mi   
websocket-server-5d44fc8b6-c7f4p   80m   52Mi   
websocket-server-5d44fc8b6-gk5t7   45m   69Mi   
websocket-server-5d44fc8b6-rf95c   72m   76Mi   
websocket-server-5d44fc8b6-twvkr   86m   56Mi   
1782835544
websocket-loadgen-74dxl            58m    64Mi   
websocket-server-5d44fc8b6-c7f4p   98m    54Mi   
websocket-server-5d44fc8b6-gk5t7   77m    73Mi   
websocket-server-5d44fc8b6-rf95c   90m    77Mi   
websocket-server-5d44fc8b6-twvkr   111m   57Mi   
1782835549
websocket-loadgen-74dxl            58m    64Mi   
websocket-server-5d44fc8b6-c7f4p   98m    54Mi   
websocket-server-5d44fc8b6-gk5t7   77m    73Mi   
websocket-server-5d44fc8b6-rf95c   90m    77Mi   
websocket-server-5d44fc8b6-twvkr   111m   57Mi   
1782835554
websocket-server-5d44fc8b6-c7f4p   98m    54Mi   
websocket-server-5d44fc8b6-gk5t7   77m    73Mi   
websocket-server-5d44fc8b6-rf95c   90m    77Mi   
websocket-server-5d44fc8b6-twvkr   111m   57Mi   
1782835559
websocket-server-5d44fc8b6-c7f4p   113m   55Mi   
websocket-server-5d44fc8b6-gk5t7   109m   73Mi   
websocket-server-5d44fc8b6-rf95c   112m   79Mi   
websocket-server-5d44fc8b6-twvkr   111m   58Mi   
1782835564
websocket-server-5d44fc8b6-c7f4p   113m   55Mi   
websocket-server-5d44fc8b6-gk5t7   109m   73Mi   
websocket-server-5d44fc8b6-rf95c   112m   79Mi   
websocket-server-5d44fc8b6-twvkr   111m   58Mi   
1782835569
websocket-server-5d44fc8b6-c7f4p   113m   55Mi   
websocket-server-5d44fc8b6-gk5t7   109m   73Mi   
websocket-server-5d44fc8b6-rf95c   112m   79Mi   
websocket-server-5d44fc8b6-twvkr   111m   58Mi   
1782835575
websocket-server-5d44fc8b6-c7f4p   0m     55Mi   
websocket-server-5d44fc8b6-gk5t7   1m     73Mi   
websocket-server-5d44fc8b6-rf95c   0m     79Mi   
websocket-server-5d44fc8b6-twvkr   111m   58Mi   
1782835580
websocket-server-5d44fc8b6-c7f4p   0m     55Mi   
websocket-server-5d44fc8b6-gk5t7   1m     73Mi   
websocket-server-5d44fc8b6-rf95c   0m     79Mi   
websocket-server-5d44fc8b6-twvkr   111m   58Mi   
1782835585
websocket-server-5d44fc8b6-c7f4p   0m     55Mi   
websocket-server-5d44fc8b6-gk5t7   1m     73Mi   
websocket-server-5d44fc8b6-rf95c   0m     79Mi   
websocket-server-5d44fc8b6-twvkr   111m   58Mi   
1782835590
websocket-server-5d44fc8b6-c7f4p   0m    55Mi   
websocket-server-5d44fc8b6-gk5t7   1m    73Mi   
websocket-server-5d44fc8b6-rf95c   0m    79Mi   
websocket-server-5d44fc8b6-twvkr   0m    58Mi   
1782835595
websocket-server-5d44fc8b6-c7f4p   0m    55Mi   
websocket-server-5d44fc8b6-gk5t7   1m    73Mi   
websocket-server-5d44fc8b6-rf95c   0m    79Mi   
websocket-server-5d44fc8b6-twvkr   0m    58Mi   
1782835600
websocket-server-5d44fc8b6-c7f4p   0m    55Mi   
websocket-server-5d44fc8b6-gk5t7   1m    73Mi   
websocket-server-5d44fc8b6-rf95c   0m    79Mi   
websocket-server-5d44fc8b6-twvkr   0m    58Mi   
1782835605
websocket-server-5d44fc8b6-c7f4p   0m    55Mi   
websocket-server-5d44fc8b6-gk5t7   1m    73Mi   
websocket-server-5d44fc8b6-rf95c   0m    79Mi   
websocket-server-5d44fc8b6-twvkr   0m    58Mi   
1782835610
websocket-server-5d44fc8b6-c7f4p   0m    55Mi   
websocket-server-5d44fc8b6-gk5t7   1m    73Mi   
websocket-server-5d44fc8b6-rf95c   0m    79Mi   
websocket-server-5d44fc8b6-twvkr   0m    58Mi   
1782835615
websocket-server-5d44fc8b6-c7f4p   0m    55Mi   
websocket-server-5d44fc8b6-gk5t7   1m    73Mi   
websocket-server-5d44fc8b6-rf95c   0m    79Mi   
websocket-server-5d44fc8b6-twvkr   0m    58Mi   
1782835620
websocket-server-5d44fc8b6-c7f4p   0m    55Mi   
websocket-server-5d44fc8b6-gk5t7   1m    73Mi   
websocket-server-5d44fc8b6-rf95c   0m    79Mi   
websocket-server-5d44fc8b6-twvkr   0m    58Mi   
1782835625
websocket-server-5d44fc8b6-c7f4p   0m    55Mi   
websocket-server-5d44fc8b6-gk5t7   1m    73Mi   
websocket-server-5d44fc8b6-rf95c   0m    79Mi   
websocket-server-5d44fc8b6-twvkr   0m    58Mi   
1782835630
websocket-server-5d44fc8b6-c7f4p   0m    55Mi   
websocket-server-5d44fc8b6-gk5t7   1m    73Mi   
websocket-server-5d44fc8b6-rf95c   0m    79Mi   
websocket-server-5d44fc8b6-twvkr   0m    58Mi   
1782835635
websocket-server-5d44fc8b6-c7f4p   0m    55Mi   
websocket-server-5d44fc8b6-gk5t7   1m    73Mi   
websocket-server-5d44fc8b6-rf95c   0m    79Mi   
websocket-server-5d44fc8b6-twvkr   0m    58Mi   
1782835640
websocket-server-5d44fc8b6-c7f4p   0m    55Mi   
websocket-server-5d44fc8b6-gk5t7   1m    73Mi   
websocket-server-5d44fc8b6-rf95c   0m    79Mi   
websocket-server-5d44fc8b6-twvkr   0m    58Mi   
1782835645
websocket-server-5d44fc8b6-c7f4p   0m    55Mi   
websocket-server-5d44fc8b6-gk5t7   1m    73Mi   
websocket-server-5d44fc8b6-rf95c   0m    79Mi   
websocket-server-5d44fc8b6-twvkr   0m    58Mi   
1782835650
websocket-server-5d44fc8b6-c7f4p   0m    55Mi   
websocket-server-5d44fc8b6-gk5t7   1m    73Mi   
websocket-server-5d44fc8b6-rf95c   0m    79Mi   
websocket-server-5d44fc8b6-twvkr   0m    58Mi   
1782835656
websocket-server-5d44fc8b6-c7f4p   0m    55Mi   
websocket-server-5d44fc8b6-gk5t7   1m    73Mi   
websocket-server-5d44fc8b6-rf95c   0m    79Mi   
websocket-server-5d44fc8b6-twvkr   0m    58Mi   
1782835661
websocket-server-5d44fc8b6-c7f4p   0m    55Mi   
websocket-server-5d44fc8b6-gk5t7   1m    73Mi   
websocket-server-5d44fc8b6-rf95c   0m    79Mi   
websocket-server-5d44fc8b6-twvkr   0m    58Mi   
1782835666
websocket-server-5d44fc8b6-c7f4p   0m    55Mi   
websocket-server-5d44fc8b6-gk5t7   1m    73Mi   
websocket-server-5d44fc8b6-rf95c   0m    79Mi   
websocket-server-5d44fc8b6-twvkr   0m    58Mi   
1782835671
websocket-server-5d44fc8b6-c7f4p   0m    55Mi   
websocket-server-5d44fc8b6-gk5t7   1m    73Mi   
websocket-server-5d44fc8b6-rf95c   0m    79Mi   
websocket-server-5d44fc8b6-twvkr   0m    58Mi   
1782835676
websocket-server-5d44fc8b6-c7f4p   0m    55Mi   
websocket-server-5d44fc8b6-gk5t7   1m    73Mi   
websocket-server-5d44fc8b6-rf95c   0m    79Mi   
websocket-server-5d44fc8b6-twvkr   0m    58Mi   
1782835681
websocket-server-5d44fc8b6-c7f4p   0m    55Mi   
websocket-server-5d44fc8b6-gk5t7   1m    73Mi   
websocket-server-5d44fc8b6-rf95c   0m    79Mi   
websocket-server-5d44fc8b6-twvkr   0m    58Mi   
1782835686
websocket-server-5d44fc8b6-c7f4p   0m    55Mi   
websocket-server-5d44fc8b6-gk5t7   1m    73Mi   
websocket-server-5d44fc8b6-rf95c   0m    79Mi   
websocket-server-5d44fc8b6-twvkr   0m    58Mi   
1782835691
websocket-server-5d44fc8b6-c7f4p   0m    55Mi   
websocket-server-5d44fc8b6-gk5t7   1m    73Mi   
websocket-server-5d44fc8b6-rf95c   0m    79Mi   
websocket-server-5d44fc8b6-twvkr   0m    58Mi   
1782835696
websocket-server-5d44fc8b6-c7f4p   0m    55Mi   
websocket-server-5d44fc8b6-gk5t7   1m    73Mi   
websocket-server-5d44fc8b6-rf95c   0m    79Mi   
websocket-server-5d44fc8b6-twvkr   0m    58Mi   
1782835701
websocket-server-5d44fc8b6-c7f4p   0m    55Mi   
websocket-server-5d44fc8b6-gk5t7   1m    73Mi   
websocket-server-5d44fc8b6-rf95c   0m    79Mi   
websocket-server-5d44fc8b6-twvkr   0m    58Mi   
1782835706
websocket-server-5d44fc8b6-c7f4p   0m    55Mi   
websocket-server-5d44fc8b6-gk5t7   1m    73Mi   
websocket-server-5d44fc8b6-rf95c   0m    79Mi   
websocket-server-5d44fc8b6-twvkr   0m    58Mi   
1782835711
websocket-server-5d44fc8b6-c7f4p   0m    55Mi   
websocket-server-5d44fc8b6-gk5t7   1m    73Mi   
websocket-server-5d44fc8b6-rf95c   0m    79Mi   
websocket-server-5d44fc8b6-twvkr   0m    58Mi   
1782835716
websocket-server-5d44fc8b6-c7f4p   0m    55Mi   
websocket-server-5d44fc8b6-gk5t7   1m    73Mi   
websocket-server-5d44fc8b6-rf95c   0m    79Mi   
websocket-server-5d44fc8b6-twvkr   0m    58Mi   
1782835721
websocket-server-5d44fc8b6-c7f4p   0m    55Mi   
websocket-server-5d44fc8b6-gk5t7   1m    73Mi   
websocket-server-5d44fc8b6-rf95c   0m    79Mi   
websocket-server-5d44fc8b6-twvkr   0m    58Mi   
1782835726
websocket-server-5d44fc8b6-c7f4p   0m    55Mi   
websocket-server-5d44fc8b6-gk5t7   1m    73Mi   
websocket-server-5d44fc8b6-rf95c   0m    79Mi   
websocket-server-5d44fc8b6-twvkr   0m    58Mi   
1782835731
websocket-server-5d44fc8b6-c7f4p   0m    55Mi   
websocket-server-5d44fc8b6-gk5t7   1m    73Mi   
websocket-server-5d44fc8b6-rf95c   0m    79Mi   
websocket-server-5d44fc8b6-twvkr   0m    58Mi   
1782835736
websocket-server-5d44fc8b6-c7f4p   0m    55Mi   
websocket-server-5d44fc8b6-gk5t7   1m    73Mi   
websocket-server-5d44fc8b6-rf95c   0m    79Mi   
websocket-server-5d44fc8b6-twvkr   0m    58Mi   
1782835741
websocket-server-5d44fc8b6-c7f4p   0m    55Mi   
websocket-server-5d44fc8b6-gk5t7   1m    73Mi   
websocket-server-5d44fc8b6-rf95c   0m    79Mi   
websocket-server-5d44fc8b6-twvkr   0m    58Mi   
1782835746
websocket-server-5d44fc8b6-c7f4p   0m    55Mi   
websocket-server-5d44fc8b6-gk5t7   1m    73Mi   
websocket-server-5d44fc8b6-rf95c   0m    79Mi   
websocket-server-5d44fc8b6-twvkr   0m    58Mi   
1782835751
websocket-server-5d44fc8b6-c7f4p   0m    55Mi   
websocket-server-5d44fc8b6-gk5t7   1m    73Mi   
websocket-server-5d44fc8b6-rf95c   0m    79Mi   
websocket-server-5d44fc8b6-twvkr   0m    58Mi   
1782835756
websocket-server-5d44fc8b6-c7f4p   0m    55Mi   
websocket-server-5d44fc8b6-gk5t7   1m    74Mi   
websocket-server-5d44fc8b6-rf95c   0m    79Mi   
websocket-server-5d44fc8b6-twvkr   0m    58Mi   
1782835762
websocket-server-5d44fc8b6-c7f4p   0m    55Mi   
websocket-server-5d44fc8b6-gk5t7   1m    74Mi   
websocket-server-5d44fc8b6-rf95c   0m    79Mi   
websocket-server-5d44fc8b6-twvkr   0m    58Mi   
1782835767
websocket-server-5d44fc8b6-c7f4p   0m    55Mi   
websocket-server-5d44fc8b6-gk5t7   1m    74Mi   
websocket-server-5d44fc8b6-rf95c   0m    79Mi   
websocket-server-5d44fc8b6-twvkr   0m    58Mi   
1782835772
websocket-server-5d44fc8b6-c7f4p   0m    55Mi   
websocket-server-5d44fc8b6-gk5t7   1m    74Mi   
websocket-server-5d44fc8b6-rf95c   0m    79Mi   
websocket-server-5d44fc8b6-twvkr   0m    58Mi   
1782835777
websocket-server-5d44fc8b6-c7f4p   0m    55Mi   
websocket-server-5d44fc8b6-gk5t7   1m    74Mi   
websocket-server-5d44fc8b6-rf95c   0m    79Mi   
websocket-server-5d44fc8b6-twvkr   0m    58Mi   
1782835782
websocket-server-5d44fc8b6-c7f4p   0m    55Mi   
websocket-server-5d44fc8b6-gk5t7   1m    74Mi   
websocket-server-5d44fc8b6-rf95c   0m    79Mi   
websocket-server-5d44fc8b6-twvkr   0m    58Mi   
1782835787
websocket-server-5d44fc8b6-c7f4p   0m    55Mi   
websocket-server-5d44fc8b6-gk5t7   1m    73Mi   
websocket-server-5d44fc8b6-rf95c   0m    79Mi   
websocket-server-5d44fc8b6-twvkr   0m    58Mi   
1782835792
websocket-server-5d44fc8b6-c7f4p   0m    55Mi   
websocket-server-5d44fc8b6-gk5t7   1m    73Mi   
websocket-server-5d44fc8b6-rf95c   0m    79Mi   
websocket-server-5d44fc8b6-twvkr   0m    58Mi   
1782835797
websocket-server-5d44fc8b6-c7f4p   0m    55Mi   
websocket-server-5d44fc8b6-gk5t7   1m    73Mi   
websocket-server-5d44fc8b6-rf95c   0m    79Mi   
websocket-server-5d44fc8b6-twvkr   0m    58Mi   
1782835802
websocket-server-5d44fc8b6-c7f4p   0m    55Mi   
websocket-server-5d44fc8b6-gk5t7   1m    73Mi   
websocket-server-5d44fc8b6-rf95c   0m    79Mi   
websocket-server-5d44fc8b6-twvkr   0m    58Mi   
1782835807
websocket-server-5d44fc8b6-c7f4p   0m    55Mi   
websocket-server-5d44fc8b6-gk5t7   1m    73Mi   
websocket-server-5d44fc8b6-rf95c   0m    79Mi   
websocket-server-5d44fc8b6-twvkr   0m    58Mi   
1782835812
websocket-server-5d44fc8b6-c7f4p   0m    55Mi   
websocket-server-5d44fc8b6-gk5t7   1m    73Mi   
websocket-server-5d44fc8b6-rf95c   0m    79Mi   
websocket-server-5d44fc8b6-twvkr   0m    58Mi   
1782835817
websocket-server-5d44fc8b6-c7f4p   0m    55Mi   
websocket-server-5d44fc8b6-gk5t7   1m    74Mi   
websocket-server-5d44fc8b6-rf95c   0m    79Mi   
websocket-server-5d44fc8b6-twvkr   0m    58Mi   
1782835822
websocket-server-5d44fc8b6-c7f4p   0m    55Mi   
websocket-server-5d44fc8b6-gk5t7   1m    74Mi   
websocket-server-5d44fc8b6-rf95c   0m    79Mi   
websocket-server-5d44fc8b6-twvkr   0m    58Mi   
1782835827
websocket-server-5d44fc8b6-c7f4p   0m    55Mi   
websocket-server-5d44fc8b6-gk5t7   1m    74Mi   
websocket-server-5d44fc8b6-rf95c   0m    79Mi   
websocket-server-5d44fc8b6-twvkr   0m    58Mi   
1782835832
websocket-server-5d44fc8b6-c7f4p   0m    55Mi   
websocket-server-5d44fc8b6-gk5t7   1m    73Mi   
websocket-server-5d44fc8b6-rf95c   0m    79Mi   
websocket-server-5d44fc8b6-twvkr   0m    58Mi   
1782835837
websocket-server-5d44fc8b6-c7f4p   0m    55Mi   
websocket-server-5d44fc8b6-gk5t7   1m    73Mi   
websocket-server-5d44fc8b6-rf95c   0m    79Mi   
websocket-server-5d44fc8b6-twvkr   0m    58Mi   
1782835842
websocket-server-5d44fc8b6-c7f4p   0m    55Mi   
websocket-server-5d44fc8b6-gk5t7   1m    73Mi   
websocket-server-5d44fc8b6-rf95c   0m    79Mi   
websocket-server-5d44fc8b6-twvkr   0m    58Mi   
1782835847
websocket-server-5d44fc8b6-c7f4p   0m    55Mi   
websocket-server-5d44fc8b6-gk5t7   1m    73Mi   
websocket-server-5d44fc8b6-rf95c   0m    79Mi   
websocket-server-5d44fc8b6-twvkr   0m    58Mi   
1782835852
websocket-server-5d44fc8b6-c7f4p   0m    55Mi   
websocket-server-5d44fc8b6-gk5t7   1m    73Mi   
websocket-server-5d44fc8b6-rf95c   0m    79Mi   
websocket-server-5d44fc8b6-twvkr   0m    58Mi   
1782835857
websocket-server-5d44fc8b6-c7f4p   0m    55Mi   
websocket-server-5d44fc8b6-gk5t7   1m    73Mi   
websocket-server-5d44fc8b6-rf95c   0m    79Mi   
websocket-server-5d44fc8b6-twvkr   0m    58Mi   
1782835862
websocket-server-5d44fc8b6-c7f4p   0m    55Mi   
websocket-server-5d44fc8b6-gk5t7   1m    73Mi   
websocket-server-5d44fc8b6-rf95c   0m    79Mi   
websocket-server-5d44fc8b6-twvkr   0m    58Mi   
1782835868
websocket-server-5d44fc8b6-c7f4p   0m    55Mi   
websocket-server-5d44fc8b6-gk5t7   1m    73Mi   
websocket-server-5d44fc8b6-rf95c   0m    79Mi   
websocket-server-5d44fc8b6-twvkr   0m    58Mi   
1782835873
websocket-server-5d44fc8b6-c7f4p   0m    55Mi   
websocket-server-5d44fc8b6-gk5t7   1m    74Mi   
websocket-server-5d44fc8b6-rf95c   0m    79Mi   
websocket-server-5d44fc8b6-twvkr   0m    58Mi   
1782835878
websocket-server-5d44fc8b6-c7f4p   0m    55Mi   
websocket-server-5d44fc8b6-gk5t7   1m    74Mi   
websocket-server-5d44fc8b6-rf95c   0m    79Mi   
websocket-server-5d44fc8b6-twvkr   0m    58Mi   
1782835883
websocket-server-5d44fc8b6-c7f4p   0m    55Mi   
websocket-server-5d44fc8b6-gk5t7   1m    74Mi   
websocket-server-5d44fc8b6-rf95c   0m    79Mi   
websocket-server-5d44fc8b6-twvkr   0m    58Mi   
1782835888
websocket-server-5d44fc8b6-c7f4p   0m    55Mi   
websocket-server-5d44fc8b6-gk5t7   1m    73Mi   
websocket-server-5d44fc8b6-rf95c   0m    79Mi   
websocket-server-5d44fc8b6-twvkr   0m    58Mi   
1782835893
websocket-server-5d44fc8b6-c7f4p   0m    55Mi   
websocket-server-5d44fc8b6-rf95c   0m    79Mi   
