
=== STARTING: window30s_gap15s (safe) — Run 1/3 ===

============================================================
  1. Setup — Window=30s, Gap=15s, Run=1
============================================================

============================================================
  2. Creating Fresh Kind Cluster
============================================================
Creating cluster "stateful-exp" ...
 • Ensuring node image (kindest/node:v1.31.6) 🖼  ...
 ✓ Ensuring node image (kindest/node:v1.31.6) 🖼
 • Preparing nodes 📦 📦   ...
 ✓ Preparing nodes 📦 📦
 • Writing configuration 📜  ...
 ✓ Writing configuration 📜
 • Starting control-plane 🕹️  ...
 ✓ Starting control-plane 🕹️
 • Installing CNI 🔌  ...
 ✓ Installing CNI 🔌
 • Installing StorageClass 💾  ...
 ✓ Installing StorageClass 💾
 • Joining worker nodes 🚜  ...
 ✓ Joining worker nodes 🚜
Set kubectl context to "kind-stateful-exp"
You can now use your cluster with:

kubectl cluster-info --context kind-stateful-exp

Thanks for using kind! 😊
[00:22:47] Kind cluster created.

============================================================
  3. Installing Metrics Server
============================================================
serviceaccount/metrics-server created
clusterrole.rbac.authorization.k8s.io/system:aggregated-metrics-reader created
clusterrole.rbac.authorization.k8s.io/system:metrics-server created
rolebinding.rbac.authorization.k8s.io/metrics-server-auth-reader created
clusterrolebinding.rbac.authorization.k8s.io/metrics-server:system:auth-delegator created
clusterrolebinding.rbac.authorization.k8s.io/system:metrics-server created
service/metrics-server created
deployment.apps/metrics-server created
apiservice.apiregistration.k8s.io/v1beta1.metrics.k8s.io created
deployment.apps/metrics-server patched
Waiting for deployment "metrics-server" rollout to finish: 1 old replicas are pending termination...
Waiting for deployment "metrics-server" rollout to finish: 1 old replicas are pending termination...
Waiting for deployment "metrics-server" rollout to finish: 1 old replicas are pending termination...
deployment "metrics-server" successfully rolled out
[00:23:35] Metrics API ready (5s).

============================================================
  4. Deploying Prometheus
============================================================
namespace/monitoring created
serviceaccount/prometheus created
clusterrole.rbac.authorization.k8s.io/prometheus created
clusterrolebinding.rbac.authorization.k8s.io/prometheus created
configmap/prometheus-config created
deployment.apps/prometheus created
service/prometheus created
Waiting for deployment "prometheus" rollout to finish: 0 of 1 updated replicas are available...
deployment "prometheus" successfully rolled out

============================================================
  5. Building Docker Images
============================================================
#0 building with "default" instance using docker driver

#1 [internal] load build definition from Dockerfile
#1 transferring dockerfile: 200B done
#1 DONE 0.0s

#2 [auth] library/python:pull token for registry-1.docker.io
#2 DONE 0.0s

#3 [internal] load metadata for docker.io/library/python:3.11-slim
#3 DONE 1.5s

#4 [internal] load .dockerignore
#4 transferring context: 2B done
#4 DONE 0.0s

#5 [1/4] FROM docker.io/library/python:3.11-slim@sha256:f9fa7f851e38bfb19c9de3afbc4b86ae7176ea7aaf94535c31df5458d5849457
#5 resolve docker.io/library/python:3.11-slim@sha256:f9fa7f851e38bfb19c9de3afbc4b86ae7176ea7aaf94535c31df5458d5849457 0.0s done
#5 DONE 0.0s

#6 [internal] load build context
#6 transferring context: 31B done
#6 DONE 0.0s

#7 [2/4] WORKDIR /app
#7 CACHED

#8 [3/4] COPY server.py .
#8 CACHED

#9 [4/4] RUN pip install websockets aiohttp prometheus_client
#9 CACHED

#10 exporting to image
#10 exporting layers done
#10 exporting manifest sha256:a7b2d10e97d7b680fb34bc9bb14694bf2c786f085aa2dc26043661d531ee9905 done
#10 exporting config sha256:1c40956e18bd23d87f95b5955f137f90265ce679282cb4712ef60c99edc7d33b done
#10 exporting attestation manifest sha256:531ea7aada34e3ed07207aa700736393e1cb51288d9c5820ccad1b7acb2c1b63 0.0s done
#10 exporting manifest list sha256:517dbb3c6bf9ab1c7e090da235f97e453f8d0bbf23f5b17af4873e3057344ec1 done
#10 naming to docker.io/library/websocket-server-instrumented:latest done
#10 unpacking to docker.io/library/websocket-server-instrumented:latest done
#10 DONE 0.1s
Image: "websocket-server-instrumented:latest" with ID "sha256:517dbb3c6bf9ab1c7e090da235f97e453f8d0bbf23f5b17af4873e3057344ec1" not yet present on node "stateful-exp-control-plane", loading...
Image: "websocket-server-instrumented:latest" with ID "sha256:517dbb3c6bf9ab1c7e090da235f97e453f8d0bbf23f5b17af4873e3057344ec1" not yet present on node "stateful-exp-worker", loading...
#0 building with "default" instance using docker driver

#1 [internal] load build definition from Dockerfile
#1 transferring dockerfile: 153B done
#1 DONE 0.0s

#2 [internal] load metadata for docker.io/library/python:3.11-slim
#2 DONE 0.4s

#3 [internal] load .dockerignore
#3 transferring context: 2B done
#3 DONE 0.0s

#4 [1/4] FROM docker.io/library/python:3.11-slim@sha256:f9fa7f851e38bfb19c9de3afbc4b86ae7176ea7aaf94535c31df5458d5849457
#4 resolve docker.io/library/python:3.11-slim@sha256:f9fa7f851e38bfb19c9de3afbc4b86ae7176ea7aaf94535c31df5458d5849457 0.0s done
#4 DONE 0.0s

#5 [internal] load build context
#5 transferring context: 31B done
#5 DONE 0.0s

#6 [2/4] WORKDIR /app
#6 CACHED

#7 [3/4] COPY client.py .
#7 CACHED

#8 [4/4] RUN pip install websockets numpy
#8 CACHED

#9 exporting to image
#9 exporting layers done
#9 exporting manifest sha256:91cfd3317719b5b19e6284fd3d9b3d49da45f045fd4c730032004a0691686ecb done
#9 exporting config sha256:b3bcceff6fed730c57676a791815fbb083c6ac6deb873d9654fcb132a38e2039 done
#9 exporting attestation manifest sha256:37838a9c3d3ea8c63cfcff390e738cbd6bef65949506790a7e6ff0528507b9fe 0.0s done
#9 exporting manifest list sha256:683e3751ff8b65db6242f1af57ba563b46429267d0efebaaaab3685bc93ab3f1 done
#9 naming to docker.io/library/websocket-loadgen:latest done
#9 unpacking to docker.io/library/websocket-loadgen:latest done
#9 DONE 0.1s
Image: "websocket-loadgen:latest" with ID "sha256:683e3751ff8b65db6242f1af57ba563b46429267d0efebaaaab3685bc93ab3f1" not yet present on node "stateful-exp-control-plane", loading...
Image: "websocket-loadgen:latest" with ID "sha256:683e3751ff8b65db6242f1af57ba563b46429267d0efebaaaab3685bc93ab3f1" not yet present on node "stateful-exp-worker", loading...

============================================================
  6. Deploying WebSocket Workload
============================================================
deployment.apps/websocket-server created
service/websocket-service created
pod/websocket-server-8585946c55-pjqj6 condition met
pod/websocket-server-8585946c55-snfwm condition met

============================================================
  7. Applying HPA (scaleDown window: 30s)
============================================================
horizontalpodautoscaler.autoscaling/websocket-hpa created
[00:24:30] HPA applied (scaleDown window: 30s).

============================================================
  8. Waiting for HPA Metrics
============================================================

============================================================
  9. Prometheus Port-Forward
============================================================

============================================================
  10. Starting Metric Collectors
============================================================

============================================================
  11. Running Load Phases
============================================================
[00:25:17] PHASE: CONNECT -- 800 clients, CPU_WORK=1, 120s
job.batch/websocket-loadgen created
[00:25:20]   [CONNECT +0s] replicas=2 cpu=1% connections=0
[00:25:35]   [CONNECT +15s] replicas=2 cpu=1% connections=31
[00:25:50]   [CONNECT +30s] replicas=2 cpu=19% connections=173
[00:26:05]   [CONNECT +45s] replicas=2 cpu=55% connections=307
[00:26:20]   [CONNECT +60s] replicas=2 cpu=89% connections=437
[00:26:35]   [CONNECT +75s] replicas=3 cpu=122% connections=577
[00:26:50]   [CONNECT +90s] replicas=5 cpu=109% connections=718
[00:27:05]   [CONNECT +105s] replicas=5 cpu=78% connections=800
[00:27:20] PHASE: IDLE GAP -- 15s (window=30s)
[00:27:20]   [IDLE_GAP +0s] replicas=7 connections=800
[00:27:50] Result: survived=true loss=0.0% (before=800 after=800)

============================================================
  12. Stopping Collectors
============================================================

============================================================
  13. Running Analysis
============================================================
Parsing experiment-b3 logs...
  Parsed cpu.csv: 34 rows
  Parsed replicas.csv: 34 rows
  Parsed connections.csv: 34 rows
  Wrote summary.csv → /home/abhas/node/STAR/future-work/results/processed/websocket/experiment-b3-tuning/window30s_gap15s/run_1/summary.csv
  Summary: pod_seconds=627.0  scale_up=55.0s  peak_replicas=7.0
Experiment-B3 log parsing complete.

============================================================
  14. Deleting Kind Cluster
============================================================
Deleting cluster "stateful-exp" ...
Deleted nodes: ["stateful-exp-control-plane" "stateful-exp-worker"]

============================================================
  Done — Window=30s Gap=15s Survived=true
============================================================
[CLEANUP] Stopping background processes...

=== STARTING: window30s_gap15s (safe) — Run 2/3 ===

============================================================
  1. Setup — Window=30s, Gap=15s, Run=2
============================================================

============================================================
  2. Creating Fresh Kind Cluster
============================================================
Creating cluster "stateful-exp" ...
 • Ensuring node image (kindest/node:v1.31.6) 🖼  ...
 ✓ Ensuring node image (kindest/node:v1.31.6) 🖼
 • Preparing nodes 📦 📦   ...
 ✓ Preparing nodes 📦 📦
 • Writing configuration 📜  ...
 ✓ Writing configuration 📜
 • Starting control-plane 🕹️  ...
 ✓ Starting control-plane 🕹️
 • Installing CNI 🔌  ...
 ✓ Installing CNI 🔌
 • Installing StorageClass 💾  ...
 ✓ Installing StorageClass 💾
 • Joining worker nodes 🚜  ...
 ✓ Joining worker nodes 🚜
Set kubectl context to "kind-stateful-exp"
You can now use your cluster with:

kubectl cluster-info --context kind-stateful-exp

Have a question, bug, or feature request? Let us know! https://kind.sigs.k8s.io/#community 🙂
[00:28:11] Kind cluster created.

============================================================
  3. Installing Metrics Server
============================================================
serviceaccount/metrics-server created
clusterrole.rbac.authorization.k8s.io/system:aggregated-metrics-reader created
clusterrole.rbac.authorization.k8s.io/system:metrics-server created
rolebinding.rbac.authorization.k8s.io/metrics-server-auth-reader created
clusterrolebinding.rbac.authorization.k8s.io/metrics-server:system:auth-delegator created
clusterrolebinding.rbac.authorization.k8s.io/system:metrics-server created
service/metrics-server created
deployment.apps/metrics-server created
apiservice.apiregistration.k8s.io/v1beta1.metrics.k8s.io created
deployment.apps/metrics-server patched
Waiting for deployment "metrics-server" rollout to finish: 1 old replicas are pending termination...
Waiting for deployment "metrics-server" rollout to finish: 1 old replicas are pending termination...
Waiting for deployment "metrics-server" rollout to finish: 1 old replicas are pending termination...
deployment "metrics-server" successfully rolled out
[00:28:59] Metrics API ready (5s).

============================================================
  4. Deploying Prometheus
============================================================
namespace/monitoring created
serviceaccount/prometheus created
clusterrole.rbac.authorization.k8s.io/prometheus created
clusterrolebinding.rbac.authorization.k8s.io/prometheus created
configmap/prometheus-config created
deployment.apps/prometheus created
service/prometheus created
Waiting for deployment "prometheus" rollout to finish: 0 of 1 updated replicas are available...
deployment "prometheus" successfully rolled out

============================================================
  5. Building Docker Images
============================================================
#0 building with "default" instance using docker driver

#1 [internal] load build definition from Dockerfile
#1 transferring dockerfile: 200B done
#1 DONE 0.0s

#2 [auth] library/python:pull token for registry-1.docker.io
#2 DONE 0.0s

#3 [internal] load metadata for docker.io/library/python:3.11-slim
#3 DONE 1.4s

#4 [internal] load .dockerignore
#4 transferring context: 2B done
#4 DONE 0.0s

#5 [1/4] FROM docker.io/library/python:3.11-slim@sha256:f9fa7f851e38bfb19c9de3afbc4b86ae7176ea7aaf94535c31df5458d5849457
#5 resolve docker.io/library/python:3.11-slim@sha256:f9fa7f851e38bfb19c9de3afbc4b86ae7176ea7aaf94535c31df5458d5849457 0.0s done
#5 DONE 0.0s

#6 [internal] load build context
#6 transferring context: 31B done
#6 DONE 0.0s

#7 [2/4] WORKDIR /app
#7 CACHED

#8 [3/4] COPY server.py .
#8 CACHED

#9 [4/4] RUN pip install websockets aiohttp prometheus_client
#9 CACHED

#10 exporting to image
#10 exporting layers done
#10 exporting manifest sha256:a7b2d10e97d7b680fb34bc9bb14694bf2c786f085aa2dc26043661d531ee9905 done
#10 exporting config sha256:1c40956e18bd23d87f95b5955f137f90265ce679282cb4712ef60c99edc7d33b done
#10 exporting attestation manifest sha256:5d7d0a61416f4731f5b11538b20b8187f01bc66116812b3139ba5a1fb8086a24 0.0s done
#10 exporting manifest list sha256:4940d7e7ed8bda21e9f47925f0b22f95cbdac3687183e04bf98bddb0d481f8f6 done
#10 naming to docker.io/library/websocket-server-instrumented:latest done
#10 unpacking to docker.io/library/websocket-server-instrumented:latest done
#10 DONE 0.1s
Image: "websocket-server-instrumented:latest" with ID "sha256:4940d7e7ed8bda21e9f47925f0b22f95cbdac3687183e04bf98bddb0d481f8f6" not yet present on node "stateful-exp-worker", loading...
Image: "websocket-server-instrumented:latest" with ID "sha256:4940d7e7ed8bda21e9f47925f0b22f95cbdac3687183e04bf98bddb0d481f8f6" not yet present on node "stateful-exp-control-plane", loading...
#0 building with "default" instance using docker driver

#1 [internal] load build definition from Dockerfile
#1 DONE 0.0s

#1 [internal] load build definition from Dockerfile
#1 transferring dockerfile: 153B done
#1 DONE 0.0s

#2 [internal] load metadata for docker.io/library/python:3.11-slim
#2 DONE 0.3s

#3 [internal] load .dockerignore
#3 transferring context: 2B done
#3 DONE 0.0s

#4 [1/4] FROM docker.io/library/python:3.11-slim@sha256:f9fa7f851e38bfb19c9de3afbc4b86ae7176ea7aaf94535c31df5458d5849457
#4 resolve docker.io/library/python:3.11-slim@sha256:f9fa7f851e38bfb19c9de3afbc4b86ae7176ea7aaf94535c31df5458d5849457 0.0s done
#4 DONE 0.0s

#5 [internal] load build context
#5 transferring context: 31B done
#5 DONE 0.0s

#6 [3/4] COPY client.py .
#6 CACHED

#7 [2/4] WORKDIR /app
#7 CACHED

#8 [4/4] RUN pip install websockets numpy
#8 CACHED

#9 exporting to image
#9 exporting layers done
#9 exporting manifest sha256:91cfd3317719b5b19e6284fd3d9b3d49da45f045fd4c730032004a0691686ecb done
#9 exporting config sha256:b3bcceff6fed730c57676a791815fbb083c6ac6deb873d9654fcb132a38e2039 done
#9 exporting attestation manifest sha256:c7216c2eac9a41fef98a828e791497e8bbdce0b54d12470d567a9e8943440b2e 0.0s done
#9 exporting manifest list sha256:0460ee83d096b74cdbc2ebda71b4ab85c4b4c1b70d91ab366496246b5986ddfa done
#9 naming to docker.io/library/websocket-loadgen:latest done
#9 unpacking to docker.io/library/websocket-loadgen:latest done
#9 DONE 0.1s
Image: "websocket-loadgen:latest" with ID "sha256:0460ee83d096b74cdbc2ebda71b4ab85c4b4c1b70d91ab366496246b5986ddfa" not yet present on node "stateful-exp-worker", loading...
Image: "websocket-loadgen:latest" with ID "sha256:0460ee83d096b74cdbc2ebda71b4ab85c4b4c1b70d91ab366496246b5986ddfa" not yet present on node "stateful-exp-control-plane", loading...

============================================================
  6. Deploying WebSocket Workload
============================================================
deployment.apps/websocket-server created
service/websocket-service created
pod/websocket-server-8585946c55-ms6q5 condition met
pod/websocket-server-8585946c55-xlxv5 condition met

============================================================
  7. Applying HPA (scaleDown window: 30s)
============================================================
horizontalpodautoscaler.autoscaling/websocket-hpa created
[00:29:42] HPA applied (scaleDown window: 30s).

============================================================
  8. Waiting for HPA Metrics
============================================================

============================================================
  9. Prometheus Port-Forward
============================================================

============================================================
  10. Starting Metric Collectors
============================================================

============================================================
  11. Running Load Phases
============================================================
[00:30:29] PHASE: CONNECT -- 800 clients, CPU_WORK=1, 120s
job.batch/websocket-loadgen created
[00:30:31]   [CONNECT +0s] replicas=2 cpu=1% connections=0
[00:30:46]   [CONNECT +15s] replicas=2 cpu=1% connections=58
[00:31:02]   [CONNECT +30s] replicas=2 cpu=13% connections=192
[00:31:17]   [CONNECT +45s] replicas=2 cpu=48% connections=334
[00:31:32]   [CONNECT +60s] replicas=2 cpu=65% connections=471
[00:31:47]   [CONNECT +75s] replicas=2 cpu=116% connections=593
[00:32:02]   [CONNECT +90s] replicas=4 cpu=141% connections=726
[00:32:17]   [CONNECT +105s] replicas=5 cpu=97% connections=800
[00:32:32] PHASE: IDLE GAP -- 15s (window=30s)
[00:32:32]   [IDLE_GAP +0s] replicas=7 connections=800
[00:33:02] Result: survived=true loss=0.0% (before=800 after=800)

============================================================
  12. Stopping Collectors
============================================================

============================================================
  13. Running Analysis
============================================================
Parsing experiment-b3 logs...
  Parsed cpu.csv: 34 rows
  Parsed replicas.csv: 34 rows
  Parsed connections.csv: 34 rows
  Wrote summary.csv → /home/abhas/node/STAR/future-work/results/processed/websocket/experiment-b3-tuning/window30s_gap15s/run_2/summary.csv
  Summary: pod_seconds=599.0  scale_up=71.0s  peak_replicas=7.0
Experiment-B3 log parsing complete.

============================================================
  14. Deleting Kind Cluster
============================================================
Deleting cluster "stateful-exp" ...
Deleted nodes: ["stateful-exp-worker" "stateful-exp-control-plane"]

============================================================
  Done — Window=30s Gap=15s Survived=true
============================================================
[CLEANUP] Stopping background processes...

=== STARTING: window30s_gap15s (safe) — Run 3/3 ===

============================================================
  1. Setup — Window=30s, Gap=15s, Run=3
============================================================

============================================================
  2. Creating Fresh Kind Cluster
============================================================
Creating cluster "stateful-exp" ...
 • Ensuring node image (kindest/node:v1.31.6) 🖼  ...
 ✓ Ensuring node image (kindest/node:v1.31.6) 🖼
 • Preparing nodes 📦 📦   ...
 ✓ Preparing nodes 📦 📦
 • Writing configuration 📜  ...
 ✓ Writing configuration 📜
 • Starting control-plane 🕹️  ...
 ✓ Starting control-plane 🕹️
 • Installing CNI 🔌  ...
 ✓ Installing CNI 🔌
 • Installing StorageClass 💾  ...
 ✓ Installing StorageClass 💾
 • Joining worker nodes 🚜  ...
 ✓ Joining worker nodes 🚜
Set kubectl context to "kind-stateful-exp"
You can now use your cluster with:

kubectl cluster-info --context kind-stateful-exp

Have a question, bug, or feature request? Let us know! https://kind.sigs.k8s.io/#community 🙂
[00:33:23] Kind cluster created.

============================================================
  3. Installing Metrics Server
============================================================
serviceaccount/metrics-server created
clusterrole.rbac.authorization.k8s.io/system:aggregated-metrics-reader created
clusterrole.rbac.authorization.k8s.io/system:metrics-server created
rolebinding.rbac.authorization.k8s.io/metrics-server-auth-reader created
clusterrolebinding.rbac.authorization.k8s.io/metrics-server:system:auth-delegator created
clusterrolebinding.rbac.authorization.k8s.io/system:metrics-server created
service/metrics-server created
deployment.apps/metrics-server created
apiservice.apiregistration.k8s.io/v1beta1.metrics.k8s.io created
deployment.apps/metrics-server patched
Waiting for deployment "metrics-server" rollout to finish: 1 old replicas are pending termination...
Waiting for deployment "metrics-server" rollout to finish: 1 old replicas are pending termination...
Waiting for deployment "metrics-server" rollout to finish: 1 old replicas are pending termination...
deployment "metrics-server" successfully rolled out
[00:34:10] Metrics API ready (5s).

============================================================
  4. Deploying Prometheus
============================================================
namespace/monitoring created
serviceaccount/prometheus created
clusterrole.rbac.authorization.k8s.io/prometheus created
clusterrolebinding.rbac.authorization.k8s.io/prometheus created
configmap/prometheus-config created
deployment.apps/prometheus created
service/prometheus created
Waiting for deployment "prometheus" rollout to finish: 0 of 1 updated replicas are available...
deployment "prometheus" successfully rolled out

============================================================
  5. Building Docker Images
============================================================
#0 building with "default" instance using docker driver

#1 [internal] load build definition from Dockerfile
#1 transferring dockerfile: 200B done
#1 DONE 0.0s

#2 [auth] library/python:pull token for registry-1.docker.io
#2 DONE 0.0s

#3 [internal] load metadata for docker.io/library/python:3.11-slim
#3 DONE 1.2s

#4 [internal] load .dockerignore
#4 transferring context: 2B done
#4 DONE 0.0s

#5 [1/4] FROM docker.io/library/python:3.11-slim@sha256:f9fa7f851e38bfb19c9de3afbc4b86ae7176ea7aaf94535c31df5458d5849457
#5 resolve docker.io/library/python:3.11-slim@sha256:f9fa7f851e38bfb19c9de3afbc4b86ae7176ea7aaf94535c31df5458d5849457 0.0s done
#5 DONE 0.0s

#6 [internal] load build context
#6 transferring context: 31B done
#6 DONE 0.0s

#7 [2/4] WORKDIR /app
#7 CACHED

#8 [3/4] COPY server.py .
#8 CACHED

#9 [4/4] RUN pip install websockets aiohttp prometheus_client
#9 CACHED

#10 exporting to image
#10 exporting layers done
#10 exporting manifest sha256:a7b2d10e97d7b680fb34bc9bb14694bf2c786f085aa2dc26043661d531ee9905 done
#10 exporting config sha256:1c40956e18bd23d87f95b5955f137f90265ce679282cb4712ef60c99edc7d33b done
#10 exporting attestation manifest sha256:9fb4b5adea6b6cead9d2e9f61e0faaceca3256939cefc2eccad4f053ef4ef3b4 0.0s done
#10 exporting manifest list sha256:a6aec5b0921dff0404e50925c5f42b231cde43bbf28b95ba19766e66360e207a 0.0s done
#10 naming to docker.io/library/websocket-server-instrumented:latest
#10 naming to docker.io/library/websocket-server-instrumented:latest done
#10 unpacking to docker.io/library/websocket-server-instrumented:latest done
#10 DONE 0.1s
Image: "websocket-server-instrumented:latest" with ID "sha256:a6aec5b0921dff0404e50925c5f42b231cde43bbf28b95ba19766e66360e207a" not yet present on node "stateful-exp-worker", loading...
Image: "websocket-server-instrumented:latest" with ID "sha256:a6aec5b0921dff0404e50925c5f42b231cde43bbf28b95ba19766e66360e207a" not yet present on node "stateful-exp-control-plane", loading...
#0 building with "default" instance using docker driver

#1 [internal] load build definition from Dockerfile
#1 transferring dockerfile: 153B done
#1 DONE 0.0s

#2 [internal] load metadata for docker.io/library/python:3.11-slim
#2 DONE 0.3s

#3 [internal] load .dockerignore
#3 transferring context: 2B done
#3 DONE 0.0s

#4 [1/4] FROM docker.io/library/python:3.11-slim@sha256:f9fa7f851e38bfb19c9de3afbc4b86ae7176ea7aaf94535c31df5458d5849457
#4 resolve docker.io/library/python:3.11-slim@sha256:f9fa7f851e38bfb19c9de3afbc4b86ae7176ea7aaf94535c31df5458d5849457 0.0s done
#4 DONE 0.0s

#5 [internal] load build context
#5 transferring context: 31B done
#5 DONE 0.0s

#6 [2/4] WORKDIR /app
#6 CACHED

#7 [3/4] COPY client.py .
#7 CACHED

#8 [4/4] RUN pip install websockets numpy
#8 CACHED

#9 exporting to image
#9 exporting layers done
#9 exporting manifest sha256:91cfd3317719b5b19e6284fd3d9b3d49da45f045fd4c730032004a0691686ecb done
#9 exporting config sha256:b3bcceff6fed730c57676a791815fbb083c6ac6deb873d9654fcb132a38e2039 done
#9 exporting attestation manifest sha256:7c3cd01aaf40630cc0397e0ac239dddaac3e019366c930ca887574dbde55440d 0.0s done
#9 exporting manifest list sha256:57c77bd49f18af0cada8ce7b831b29687718d646d020355f4455a404e80e9239 0.0s done
#9 naming to docker.io/library/websocket-loadgen:latest done
#9 unpacking to docker.io/library/websocket-loadgen:latest done
#9 DONE 0.1s
Image: "websocket-loadgen:latest" with ID "sha256:57c77bd49f18af0cada8ce7b831b29687718d646d020355f4455a404e80e9239" not yet present on node "stateful-exp-worker", loading...
Image: "websocket-loadgen:latest" with ID "sha256:57c77bd49f18af0cada8ce7b831b29687718d646d020355f4455a404e80e9239" not yet present on node "stateful-exp-control-plane", loading...

============================================================
  6. Deploying WebSocket Workload
============================================================
deployment.apps/websocket-server created
service/websocket-service created
pod/websocket-server-8585946c55-6nzq6 condition met
pod/websocket-server-8585946c55-d78sk condition met

============================================================
  7. Applying HPA (scaleDown window: 30s)
============================================================
horizontalpodautoscaler.autoscaling/websocket-hpa created
[00:34:55] HPA applied (scaleDown window: 30s).

============================================================
  8. Waiting for HPA Metrics
============================================================

============================================================
  9. Prometheus Port-Forward
============================================================

============================================================
  10. Starting Metric Collectors
============================================================

============================================================
  11. Running Load Phases
============================================================
[00:35:32] PHASE: CONNECT -- 800 clients, CPU_WORK=1, 120s
job.batch/websocket-loadgen created
[00:35:34]   [CONNECT +0s] replicas=2 cpu=25% connections=0
[00:35:49]   [CONNECT +15s] replicas=2 cpu=1% connections=49
[00:36:04]   [CONNECT +30s] replicas=2 cpu=4% connections=177
[00:36:19]   [CONNECT +45s] replicas=2 cpu=35% connections=310
[00:36:34]   [CONNECT +60s] replicas=2 cpu=71% connections=447
[00:36:49]   [CONNECT +75s] replicas=3 cpu=108% connections=582
[00:37:04]   [CONNECT +90s] replicas=4 cpu=108% connections=722
[00:37:19]   [CONNECT +105s] replicas=6 cpu=87% connections=800
[00:37:34] PHASE: IDLE GAP -- 15s (window=30s)
[00:37:35]   [IDLE_GAP +0s] replicas=6 connections=800
[00:38:05] Result: survived=true loss=0.0% (before=800 after=800)

============================================================
  12. Stopping Collectors
============================================================

============================================================
  13. Running Analysis
============================================================
Parsing experiment-b3 logs...
  Parsed cpu.csv: 34 rows
  Parsed replicas.csv: 34 rows
  Parsed connections.csv: 34 rows
  Wrote summary.csv → /home/abhas/node/STAR/future-work/results/processed/websocket/experiment-b3-tuning/window30s_gap15s/run_3/summary.csv
  Summary: pod_seconds=632.0  scale_up=51.0s  peak_replicas=7.0
Experiment-B3 log parsing complete.

============================================================
  14. Deleting Kind Cluster
============================================================
Deleting cluster "stateful-exp" ...
Deleted nodes: ["stateful-exp-worker" "stateful-exp-control-plane"]

============================================================
  Done — Window=30s Gap=15s Survived=true
============================================================
[CLEANUP] Stopping background processes...

=== STARTING: window30s_gap90s (fail) — Run 1/3 ===

============================================================
  1. Setup — Window=30s, Gap=90s, Run=1
============================================================

============================================================
  2. Creating Fresh Kind Cluster
============================================================
Creating cluster "stateful-exp" ...
 • Ensuring node image (kindest/node:v1.31.6) 🖼  ...
 ✓ Ensuring node image (kindest/node:v1.31.6) 🖼
 • Preparing nodes 📦 📦   ...
 ✓ Preparing nodes 📦 📦
 • Writing configuration 📜  ...
 ✓ Writing configuration 📜
 • Starting control-plane 🕹️  ...
 ✓ Starting control-plane 🕹️
 • Installing CNI 🔌  ...
 ✓ Installing CNI 🔌
 • Installing StorageClass 💾  ...
 ✓ Installing StorageClass 💾
 • Joining worker nodes 🚜  ...
 ✓ Joining worker nodes 🚜
Set kubectl context to "kind-stateful-exp"
You can now use your cluster with:

kubectl cluster-info --context kind-stateful-exp

Have a nice day! 👋
[00:38:26] Kind cluster created.

============================================================
  3. Installing Metrics Server
============================================================
serviceaccount/metrics-server created
clusterrole.rbac.authorization.k8s.io/system:aggregated-metrics-reader created
clusterrole.rbac.authorization.k8s.io/system:metrics-server created
rolebinding.rbac.authorization.k8s.io/metrics-server-auth-reader created
clusterrolebinding.rbac.authorization.k8s.io/metrics-server:system:auth-delegator created
clusterrolebinding.rbac.authorization.k8s.io/system:metrics-server created
service/metrics-server created
deployment.apps/metrics-server created
apiservice.apiregistration.k8s.io/v1beta1.metrics.k8s.io created
deployment.apps/metrics-server patched
Waiting for deployment "metrics-server" rollout to finish: 1 old replicas are pending termination...
Waiting for deployment "metrics-server" rollout to finish: 1 old replicas are pending termination...
Waiting for deployment "metrics-server" rollout to finish: 1 old replicas are pending termination...
deployment "metrics-server" successfully rolled out
[00:39:14] Metrics API ready (5s).

============================================================
  4. Deploying Prometheus
============================================================
namespace/monitoring created
serviceaccount/prometheus created
clusterrole.rbac.authorization.k8s.io/prometheus created
clusterrolebinding.rbac.authorization.k8s.io/prometheus created
configmap/prometheus-config created
deployment.apps/prometheus created
service/prometheus created
Waiting for deployment "prometheus" rollout to finish: 0 of 1 updated replicas are available...
deployment "prometheus" successfully rolled out

============================================================
  5. Building Docker Images
============================================================
#0 building with "default" instance using docker driver

#1 [internal] load build definition from Dockerfile
#1 DONE 0.0s

#1 [internal] load build definition from Dockerfile
#1 transferring dockerfile: 200B done
#1 DONE 0.0s

#2 [auth] library/python:pull token for registry-1.docker.io
#2 DONE 0.0s

#3 [internal] load metadata for docker.io/library/python:3.11-slim
#3 DONE 1.4s

#4 [internal] load .dockerignore
#4 transferring context: 2B done
#4 DONE 0.0s

#5 [1/4] FROM docker.io/library/python:3.11-slim@sha256:f9fa7f851e38bfb19c9de3afbc4b86ae7176ea7aaf94535c31df5458d5849457
#5 resolve docker.io/library/python:3.11-slim@sha256:f9fa7f851e38bfb19c9de3afbc4b86ae7176ea7aaf94535c31df5458d5849457 0.0s done
#5 DONE 0.0s

#6 [internal] load build context
#6 transferring context: 31B done
#6 DONE 0.0s

#7 [2/4] WORKDIR /app
#7 CACHED

#8 [3/4] COPY server.py .
#8 CACHED

#9 [4/4] RUN pip install websockets aiohttp prometheus_client
#9 CACHED

#10 exporting to image
#10 exporting layers done
#10 exporting manifest sha256:a7b2d10e97d7b680fb34bc9bb14694bf2c786f085aa2dc26043661d531ee9905 done
#10 exporting config sha256:1c40956e18bd23d87f95b5955f137f90265ce679282cb4712ef60c99edc7d33b done
#10 exporting attestation manifest sha256:ec78a478f77c35feb4cf0177dfbd27edf19e9a45f5e34dda4630b9bc4179c85a 0.0s done
#10 exporting manifest list sha256:847f6d95caa55e9eea0900fa9d18a168f9b7c8ad5f5c31dd852dcea9ec0bbbc9 done
#10 naming to docker.io/library/websocket-server-instrumented:latest done
#10 unpacking to docker.io/library/websocket-server-instrumented:latest done
#10 DONE 0.1s
Image: "websocket-server-instrumented:latest" with ID "sha256:847f6d95caa55e9eea0900fa9d18a168f9b7c8ad5f5c31dd852dcea9ec0bbbc9" not yet present on node "stateful-exp-worker", loading...
Image: "websocket-server-instrumented:latest" with ID "sha256:847f6d95caa55e9eea0900fa9d18a168f9b7c8ad5f5c31dd852dcea9ec0bbbc9" not yet present on node "stateful-exp-control-plane", loading...
#0 building with "default" instance using docker driver

#1 [internal] load build definition from Dockerfile
#1 transferring dockerfile: 153B done
#1 DONE 0.0s

#2 [internal] load metadata for docker.io/library/python:3.11-slim
#2 DONE 0.4s

#3 [internal] load .dockerignore
#3 transferring context: 2B done
#3 DONE 0.0s

#4 [1/4] FROM docker.io/library/python:3.11-slim@sha256:f9fa7f851e38bfb19c9de3afbc4b86ae7176ea7aaf94535c31df5458d5849457
#4 resolve docker.io/library/python:3.11-slim@sha256:f9fa7f851e38bfb19c9de3afbc4b86ae7176ea7aaf94535c31df5458d5849457 0.0s done
#4 DONE 0.0s

#5 [internal] load build context
#5 transferring context: 31B done
#5 DONE 0.0s

#6 [2/4] WORKDIR /app
#6 CACHED

#7 [3/4] COPY client.py .
#7 CACHED

#8 [4/4] RUN pip install websockets numpy
#8 CACHED

#9 exporting to image
#9 exporting layers done
#9 exporting manifest sha256:91cfd3317719b5b19e6284fd3d9b3d49da45f045fd4c730032004a0691686ecb done
#9 exporting config sha256:b3bcceff6fed730c57676a791815fbb083c6ac6deb873d9654fcb132a38e2039 done
#9 exporting attestation manifest sha256:00a2e646f4b892f8fa34fe45b516a5011e1d663eec31a54bcbdf1b595041f607 0.0s done
#9 exporting manifest list sha256:e1f061eb804c76f6b902990051ecf31360fb1c25d38ff42b34bfdf018347c9f0 0.0s done
#9 naming to docker.io/library/websocket-loadgen:latest done
#9 unpacking to docker.io/library/websocket-loadgen:latest done
#9 DONE 0.1s
Image: "websocket-loadgen:latest" with ID "sha256:e1f061eb804c76f6b902990051ecf31360fb1c25d38ff42b34bfdf018347c9f0" not yet present on node "stateful-exp-worker", loading...
Image: "websocket-loadgen:latest" with ID "sha256:e1f061eb804c76f6b902990051ecf31360fb1c25d38ff42b34bfdf018347c9f0" not yet present on node "stateful-exp-control-plane", loading...

============================================================
  6. Deploying WebSocket Workload
============================================================
deployment.apps/websocket-server created
service/websocket-service created
pod/websocket-server-8585946c55-jnnl4 condition met
pod/websocket-server-8585946c55-lflhq condition met

============================================================
  7. Applying HPA (scaleDown window: 30s)
============================================================
horizontalpodautoscaler.autoscaling/websocket-hpa created
[00:39:57] HPA applied (scaleDown window: 30s).

============================================================
  8. Waiting for HPA Metrics
============================================================

============================================================
  9. Prometheus Port-Forward
============================================================

============================================================
  10. Starting Metric Collectors
============================================================

============================================================
  11. Running Load Phases
============================================================
[00:40:44] PHASE: CONNECT -- 800 clients, CPU_WORK=1, 120s
job.batch/websocket-loadgen created
[00:40:46]   [CONNECT +0s] replicas=2 cpu=1% connections=0
[00:41:01]   [CONNECT +15s] replicas=2 cpu=1% connections=48
[00:41:16]   [CONNECT +30s] replicas=2 cpu=11% connections=178
[00:41:31]   [CONNECT +45s] replicas=2 cpu=30% connections=304
[00:41:46]   [CONNECT +60s] replicas=2 cpu=81% connections=441
[00:42:01]   [CONNECT +75s] replicas=3 cpu=103% connections=595
[00:42:16]   [CONNECT +90s] replicas=4 cpu=106% connections=739
[00:42:32]   [CONNECT +105s] replicas=6 cpu=90% connections=800
[00:42:47] PHASE: IDLE GAP -- 90s (window=30s)
[00:42:47]   [IDLE_GAP +0s] replicas=6 connections=800
[00:43:02]   [IDLE_GAP +15s] replicas=7 connections=800
[00:43:17]   [IDLE_GAP +30s] replicas=7 connections=800
[00:43:32]   [IDLE_GAP +45s] replicas=7 connections=800
[00:43:47]   [IDLE_GAP +60s] replicas=3 connections=800
[00:44:02]   [IDLE_GAP +75s] replicas=3 connections=800
[00:44:32] Result: survived=false loss=12.1% (before=800 after=703)

============================================================
  12. Stopping Collectors
============================================================

============================================================
  13. Running Analysis
============================================================
Parsing experiment-b3 logs...
  Parsed cpu.csv: 49 rows
  Parsed replicas.csv: 49 rows
  Parsed connections.csv: 49 rows
  Wrote summary.csv → /home/abhas/node/STAR/future-work/results/processed/websocket/experiment-b3-tuning/window30s_gap90s/run_1/summary.csv
  Summary: pod_seconds=935.0  scale_up=51.0s  peak_replicas=7.0
Experiment-B3 log parsing complete.

============================================================
  14. Deleting Kind Cluster
============================================================
Deleting cluster "stateful-exp" ...
Deleted nodes: ["stateful-exp-worker" "stateful-exp-control-plane"]

============================================================
  Done — Window=30s Gap=90s Survived=false
============================================================
[CLEANUP] Stopping background processes...

=== STARTING: window30s_gap90s (fail) — Run 2/3 ===

============================================================
  1. Setup — Window=30s, Gap=90s, Run=2
============================================================

============================================================
  2. Creating Fresh Kind Cluster
============================================================
Creating cluster "stateful-exp" ...
 • Ensuring node image (kindest/node:v1.31.6) 🖼  ...
 ✓ Ensuring node image (kindest/node:v1.31.6) 🖼
 • Preparing nodes 📦 📦   ...
 ✓ Preparing nodes 📦 📦
 • Writing configuration 📜  ...
 ✓ Writing configuration 📜
 • Starting control-plane 🕹️  ...
 ✓ Starting control-plane 🕹️
 • Installing CNI 🔌  ...
 ✓ Installing CNI 🔌
 • Installing StorageClass 💾  ...
 ✓ Installing StorageClass 💾
 • Joining worker nodes 🚜  ...
 ✓ Joining worker nodes 🚜
Set kubectl context to "kind-stateful-exp"
You can now use your cluster with:

kubectl cluster-info --context kind-stateful-exp

Thanks for using kind! 😊
[00:44:53] Kind cluster created.

============================================================
  3. Installing Metrics Server
============================================================
serviceaccount/metrics-server created
clusterrole.rbac.authorization.k8s.io/system:aggregated-metrics-reader created
clusterrole.rbac.authorization.k8s.io/system:metrics-server created
rolebinding.rbac.authorization.k8s.io/metrics-server-auth-reader created
clusterrolebinding.rbac.authorization.k8s.io/metrics-server:system:auth-delegator created
clusterrolebinding.rbac.authorization.k8s.io/system:metrics-server created
service/metrics-server created
deployment.apps/metrics-server created
apiservice.apiregistration.k8s.io/v1beta1.metrics.k8s.io created
deployment.apps/metrics-server patched
Waiting for deployment "metrics-server" rollout to finish: 1 old replicas are pending termination...
Waiting for deployment "metrics-server" rollout to finish: 1 old replicas are pending termination...
Waiting for deployment "metrics-server" rollout to finish: 1 old replicas are pending termination...
deployment "metrics-server" successfully rolled out
[00:45:41] Metrics API ready (5s).

============================================================
  4. Deploying Prometheus
============================================================
namespace/monitoring created
serviceaccount/prometheus created
clusterrole.rbac.authorization.k8s.io/prometheus created
clusterrolebinding.rbac.authorization.k8s.io/prometheus created
configmap/prometheus-config created
deployment.apps/prometheus created
service/prometheus created
Waiting for deployment "prometheus" rollout to finish: 0 of 1 updated replicas are available...
deployment "prometheus" successfully rolled out

============================================================
  5. Building Docker Images
============================================================
#0 building with "default" instance using docker driver

#1 [internal] load build definition from Dockerfile
#1 transferring dockerfile: 200B done
#1 DONE 0.0s

#2 [auth] library/python:pull token for registry-1.docker.io
#2 DONE 0.0s

#3 [internal] load metadata for docker.io/library/python:3.11-slim
#3 DONE 1.3s

#4 [internal] load .dockerignore
#4 transferring context: 2B done
#4 DONE 0.0s

#5 [1/4] FROM docker.io/library/python:3.11-slim@sha256:f9fa7f851e38bfb19c9de3afbc4b86ae7176ea7aaf94535c31df5458d5849457
#5 resolve docker.io/library/python:3.11-slim@sha256:f9fa7f851e38bfb19c9de3afbc4b86ae7176ea7aaf94535c31df5458d5849457 0.0s done
#5 DONE 0.0s

#6 [internal] load build context
#6 transferring context: 31B done
#6 DONE 0.0s

#7 [2/4] WORKDIR /app
#7 CACHED

#8 [3/4] COPY server.py .
#8 CACHED

#9 [4/4] RUN pip install websockets aiohttp prometheus_client
#9 CACHED

#10 exporting to image
#10 exporting layers done
#10 exporting manifest sha256:a7b2d10e97d7b680fb34bc9bb14694bf2c786f085aa2dc26043661d531ee9905 done
#10 exporting config sha256:1c40956e18bd23d87f95b5955f137f90265ce679282cb4712ef60c99edc7d33b done
#10 exporting attestation manifest sha256:240cfb02270989c3a7919d66f43a87a07a16f8f5f90643ab99510f61bb807ce5 0.0s done
#10 exporting manifest list sha256:c923ec5fc8aaf7f846708388397444d1135124cb99f2587227bbca71953a0702 done
#10 naming to docker.io/library/websocket-server-instrumented:latest done
#10 unpacking to docker.io/library/websocket-server-instrumented:latest done
#10 DONE 0.1s
Image: "websocket-server-instrumented:latest" with ID "sha256:c923ec5fc8aaf7f846708388397444d1135124cb99f2587227bbca71953a0702" not yet present on node "stateful-exp-control-plane", loading...
Image: "websocket-server-instrumented:latest" with ID "sha256:c923ec5fc8aaf7f846708388397444d1135124cb99f2587227bbca71953a0702" not yet present on node "stateful-exp-worker", loading...
#0 building with "default" instance using docker driver

#1 [internal] load build definition from Dockerfile
#1 DONE 0.0s

#1 [internal] load build definition from Dockerfile
#1 transferring dockerfile: 153B done
#1 DONE 0.0s

#2 [internal] load metadata for docker.io/library/python:3.11-slim
#2 DONE 0.4s

#3 [internal] load .dockerignore
#3 transferring context: 2B done
#3 DONE 0.0s

#4 [1/4] FROM docker.io/library/python:3.11-slim@sha256:f9fa7f851e38bfb19c9de3afbc4b86ae7176ea7aaf94535c31df5458d5849457
#4 resolve docker.io/library/python:3.11-slim@sha256:f9fa7f851e38bfb19c9de3afbc4b86ae7176ea7aaf94535c31df5458d5849457 0.0s done
#4 DONE 0.0s

#5 [internal] load build context
#5 transferring context: 31B done
#5 DONE 0.0s

#6 [2/4] WORKDIR /app
#6 CACHED

#7 [3/4] COPY client.py .
#7 CACHED

#8 [4/4] RUN pip install websockets numpy
#8 CACHED

#9 exporting to image
#9 exporting layers done
#9 exporting manifest sha256:91cfd3317719b5b19e6284fd3d9b3d49da45f045fd4c730032004a0691686ecb done
#9 exporting config sha256:b3bcceff6fed730c57676a791815fbb083c6ac6deb873d9654fcb132a38e2039 done
#9 exporting attestation manifest sha256:5cfcf60d76c0b79d47c4c5b3c5842eb71b3770edf391c0cfc017e743ceb54752 0.0s done
#9 exporting manifest list sha256:2255a40488145973f4f8926990b4f1e6c637442e09b6a89ae2294fe910d6a7d4 done
#9 naming to docker.io/library/websocket-loadgen:latest done
#9 unpacking to docker.io/library/websocket-loadgen:latest done
#9 DONE 0.1s
Image: "websocket-loadgen:latest" with ID "sha256:2255a40488145973f4f8926990b4f1e6c637442e09b6a89ae2294fe910d6a7d4" not yet present on node "stateful-exp-control-plane", loading...
Image: "websocket-loadgen:latest" with ID "sha256:2255a40488145973f4f8926990b4f1e6c637442e09b6a89ae2294fe910d6a7d4" not yet present on node "stateful-exp-worker", loading...

============================================================
  6. Deploying WebSocket Workload
============================================================
deployment.apps/websocket-server created
service/websocket-service created
pod/websocket-server-8585946c55-q9ml2 condition met
pod/websocket-server-8585946c55-vcm7b condition met

============================================================
  7. Applying HPA (scaleDown window: 30s)
============================================================
horizontalpodautoscaler.autoscaling/websocket-hpa created
[00:46:24] HPA applied (scaleDown window: 30s).

============================================================
  8. Waiting for HPA Metrics
============================================================

============================================================
  9. Prometheus Port-Forward
============================================================

============================================================
  10. Starting Metric Collectors
============================================================

============================================================
  11. Running Load Phases
============================================================
[00:47:11] PHASE: CONNECT -- 800 clients, CPU_WORK=1, 120s
job.batch/websocket-loadgen created
[00:47:13]   [CONNECT +0s] replicas=2 cpu=1% connections=0
[00:47:28]   [CONNECT +15s] replicas=2 cpu=1% connections=33
[00:47:44]   [CONNECT +30s] replicas=2 cpu=11% connections=169
[00:47:59]   [CONNECT +45s] replicas=2 cpu=51% connections=297
[00:48:14]   [CONNECT +60s] replicas=2 cpu=88% connections=434
[00:48:29]   [CONNECT +75s] replicas=3 cpu=125% connections=579
[00:48:44]   [CONNECT +90s] replicas=5 cpu=151% connections=715
[00:48:59]   [CONNECT +105s] replicas=5 cpu=79% connections=800
[00:49:14] PHASE: IDLE GAP -- 90s (window=30s)
[00:49:14]   [IDLE_GAP +0s] replicas=7 connections=800
[00:49:29]   [IDLE_GAP +15s] replicas=7 connections=800
[00:49:44]   [IDLE_GAP +30s] replicas=7 connections=800
[00:49:59]   [IDLE_GAP +45s] replicas=7 connections=800
[00:50:14]   [IDLE_GAP +60s] replicas=6 connections=800
[00:50:29]   [IDLE_GAP +75s] replicas=3 connections=800
[00:50:59] Result: survived=true loss=0.0% (before=800 after=800)

============================================================
  12. Stopping Collectors
============================================================

============================================================
  13. Running Analysis
============================================================
Parsing experiment-b3 logs...
  Parsed cpu.csv: 49 rows
  Parsed replicas.csv: 49 rows
  Parsed connections.csv: 49 rows
  Wrote summary.csv → /home/abhas/node/STAR/future-work/results/processed/websocket/experiment-b3-tuning/window30s_gap90s/run_2/summary.csv
  Summary: pod_seconds=1000.0  scale_up=56.0s  peak_replicas=7.0
Experiment-B3 log parsing complete.

============================================================
  14. Deleting Kind Cluster
============================================================
Deleting cluster "stateful-exp" ...
Deleted nodes: ["stateful-exp-control-plane" "stateful-exp-worker"]

============================================================
  Done — Window=30s Gap=90s Survived=true
============================================================
[CLEANUP] Stopping background processes...

=== STARTING: window30s_gap90s (fail) — Run 3/3 ===

============================================================
  1. Setup — Window=30s, Gap=90s, Run=3
============================================================

============================================================
  2. Creating Fresh Kind Cluster
============================================================
Creating cluster "stateful-exp" ...
 • Ensuring node image (kindest/node:v1.31.6) 🖼  ...
 ✓ Ensuring node image (kindest/node:v1.31.6) 🖼
 • Preparing nodes 📦 📦   ...
 ✓ Preparing nodes 📦 📦
 • Writing configuration 📜  ...
 ✓ Writing configuration 📜
 • Starting control-plane 🕹️  ...
 ✓ Starting control-plane 🕹️
 • Installing CNI 🔌  ...
 ✓ Installing CNI 🔌
 • Installing StorageClass 💾  ...
 ✓ Installing StorageClass 💾
 • Joining worker nodes 🚜  ...
 ✓ Joining worker nodes 🚜
Set kubectl context to "kind-stateful-exp"
You can now use your cluster with:

kubectl cluster-info --context kind-stateful-exp

Have a question, bug, or feature request? Let us know! https://kind.sigs.k8s.io/#community 🙂
[00:51:26] Kind cluster created.

============================================================
  3. Installing Metrics Server
============================================================
serviceaccount/metrics-server created
clusterrole.rbac.authorization.k8s.io/system:aggregated-metrics-reader created
clusterrole.rbac.authorization.k8s.io/system:metrics-server created
rolebinding.rbac.authorization.k8s.io/metrics-server-auth-reader created
clusterrolebinding.rbac.authorization.k8s.io/metrics-server:system:auth-delegator created
clusterrolebinding.rbac.authorization.k8s.io/system:metrics-server created
service/metrics-server created
deployment.apps/metrics-server created
apiservice.apiregistration.k8s.io/v1beta1.metrics.k8s.io created
deployment.apps/metrics-server patched
Waiting for deployment "metrics-server" rollout to finish: 1 old replicas are pending termination...
Waiting for deployment "metrics-server" rollout to finish: 1 old replicas are pending termination...
Waiting for deployment "metrics-server" rollout to finish: 1 old replicas are pending termination...
deployment "metrics-server" successfully rolled out
[00:52:13] Metrics API ready (5s).

============================================================
  4. Deploying Prometheus
============================================================
namespace/monitoring created
serviceaccount/prometheus created
clusterrole.rbac.authorization.k8s.io/prometheus created
clusterrolebinding.rbac.authorization.k8s.io/prometheus created
configmap/prometheus-config created
deployment.apps/prometheus created
service/prometheus created
Waiting for deployment "prometheus" rollout to finish: 0 of 1 updated replicas are available...
deployment "prometheus" successfully rolled out

============================================================
  5. Building Docker Images
============================================================
#0 building with "default" instance using docker driver

#1 [internal] load build definition from Dockerfile
#1 transferring dockerfile: 200B done
#1 DONE 0.0s

#2 [auth] library/python:pull token for registry-1.docker.io
#2 DONE 0.0s

#3 [internal] load metadata for docker.io/library/python:3.11-slim
#3 DONE 1.4s

#4 [internal] load .dockerignore
#4 transferring context: 2B done
#4 DONE 0.0s

#5 [1/4] FROM docker.io/library/python:3.11-slim@sha256:f9fa7f851e38bfb19c9de3afbc4b86ae7176ea7aaf94535c31df5458d5849457
#5 resolve docker.io/library/python:3.11-slim@sha256:f9fa7f851e38bfb19c9de3afbc4b86ae7176ea7aaf94535c31df5458d5849457 0.0s done
#5 DONE 0.0s

#6 [internal] load build context
#6 transferring context: 31B done
#6 DONE 0.0s

#7 [2/4] WORKDIR /app
#7 CACHED

#8 [3/4] COPY server.py .
#8 CACHED

#9 [4/4] RUN pip install websockets aiohttp prometheus_client
#9 CACHED

#10 exporting to image
#10 exporting layers done
#10 exporting manifest sha256:a7b2d10e97d7b680fb34bc9bb14694bf2c786f085aa2dc26043661d531ee9905 done
#10 exporting config sha256:1c40956e18bd23d87f95b5955f137f90265ce679282cb4712ef60c99edc7d33b done
#10 exporting attestation manifest sha256:55a0b20da836ca78dc28b1e3ed5644ce070a2362d0e96297cac262f418b0afc4 0.0s done
#10 exporting manifest list sha256:2966509328142da155f708dd526f56714e96061d2c7a94af6b4b113941f28958 done
#10 naming to docker.io/library/websocket-server-instrumented:latest done
#10 unpacking to docker.io/library/websocket-server-instrumented:latest done
#10 DONE 0.1s
Image: "websocket-server-instrumented:latest" with ID "sha256:2966509328142da155f708dd526f56714e96061d2c7a94af6b4b113941f28958" not yet present on node "stateful-exp-control-plane", loading...
Image: "websocket-server-instrumented:latest" with ID "sha256:2966509328142da155f708dd526f56714e96061d2c7a94af6b4b113941f28958" not yet present on node "stateful-exp-worker", loading...
#0 building with "default" instance using docker driver

#1 [internal] load build definition from Dockerfile
#1 transferring dockerfile: 153B done
#1 DONE 0.0s

#2 [internal] load metadata for docker.io/library/python:3.11-slim
#2 DONE 0.3s

#3 [internal] load .dockerignore
#3 transferring context: 2B done
#3 DONE 0.0s

#4 [1/4] FROM docker.io/library/python:3.11-slim@sha256:f9fa7f851e38bfb19c9de3afbc4b86ae7176ea7aaf94535c31df5458d5849457
#4 resolve docker.io/library/python:3.11-slim@sha256:f9fa7f851e38bfb19c9de3afbc4b86ae7176ea7aaf94535c31df5458d5849457 0.0s done
#4 DONE 0.0s

#5 [internal] load build context
#5 transferring context: 31B done
#5 DONE 0.0s

#6 [2/4] WORKDIR /app
#6 CACHED

#7 [3/4] COPY client.py .
#7 CACHED

#8 [4/4] RUN pip install websockets numpy
#8 CACHED

#9 exporting to image
#9 exporting layers done
#9 exporting manifest sha256:91cfd3317719b5b19e6284fd3d9b3d49da45f045fd4c730032004a0691686ecb done
#9 exporting config sha256:b3bcceff6fed730c57676a791815fbb083c6ac6deb873d9654fcb132a38e2039 done
#9 exporting attestation manifest sha256:722f6d276bd00fa6d3b9be59da3026b0d46d9ce54dcd3140921612a82b50ac40 0.0s done
#9 exporting manifest list sha256:d1c559dbd14782c8f4fef1bdee3d05cdf925f83d0c25e043ef9f02d2c9f2e403 done
#9 naming to docker.io/library/websocket-loadgen:latest done
#9 unpacking to docker.io/library/websocket-loadgen:latest done
#9 DONE 0.1s
Image: "websocket-loadgen:latest" with ID "sha256:d1c559dbd14782c8f4fef1bdee3d05cdf925f83d0c25e043ef9f02d2c9f2e403" not yet present on node "stateful-exp-control-plane", loading...
Image: "websocket-loadgen:latest" with ID "sha256:d1c559dbd14782c8f4fef1bdee3d05cdf925f83d0c25e043ef9f02d2c9f2e403" not yet present on node "stateful-exp-worker", loading...

============================================================
  6. Deploying WebSocket Workload
============================================================
deployment.apps/websocket-server created
service/websocket-service created
pod/websocket-server-8585946c55-mkcf4 condition met
pod/websocket-server-8585946c55-v2mgq condition met

============================================================
  7. Applying HPA (scaleDown window: 30s)
============================================================
horizontalpodautoscaler.autoscaling/websocket-hpa created
[00:52:57] HPA applied (scaleDown window: 30s).

============================================================
  8. Waiting for HPA Metrics
============================================================

============================================================
  9. Prometheus Port-Forward
============================================================

============================================================
  10. Starting Metric Collectors
============================================================

============================================================
  11. Running Load Phases
============================================================
[00:53:44] PHASE: CONNECT -- 800 clients, CPU_WORK=1, 120s
job.batch/websocket-loadgen created
[00:53:46]   [CONNECT +0s] replicas=2 cpu=1% connections=0
[00:54:01]   [CONNECT +15s] replicas=2 cpu=1% connections=68
[00:54:16]   [CONNECT +30s] replicas=2 cpu=19% connections=207
[00:54:31]   [CONNECT +45s] replicas=2 cpu=39% connections=338
[00:54:46]   [CONNECT +60s] replicas=2 cpu=83% connections=470
[00:55:01]   [CONNECT +75s] replicas=3 cpu=122% connections=608
[00:55:16]   [CONNECT +90s] replicas=5 cpu=110% connections=744
[00:55:32]   [CONNECT +105s] replicas=6 cpu=122% connections=800
[00:55:47] PHASE: IDLE GAP -- 90s (window=30s)
[00:55:47]   [IDLE_GAP +0s] replicas=6 connections=800
[00:56:02]   [IDLE_GAP +15s] replicas=8 connections=800
[00:56:17]   [IDLE_GAP +30s] replicas=8 connections=800
[00:56:32]   [IDLE_GAP +45s] replicas=8 connections=800
[00:56:47]   [IDLE_GAP +60s] replicas=5 connections=800
[00:57:02]   [IDLE_GAP +75s] replicas=4 connections=800
[00:57:32] Result: survived=true loss=3.4% (before=800 after=773)

============================================================
  12. Stopping Collectors
============================================================

============================================================
  13. Running Analysis
============================================================
Parsing experiment-b3 logs...
  Parsed cpu.csv: 49 rows
  Parsed replicas.csv: 49 rows
  Parsed connections.csv: 49 rows
  Wrote summary.csv → /home/abhas/node/STAR/future-work/results/processed/websocket/experiment-b3-tuning/window30s_gap90s/run_3/summary.csv
  Summary: pod_seconds=1065.0  scale_up=51.0s  peak_replicas=8.0
Experiment-B3 log parsing complete.

============================================================
  14. Deleting Kind Cluster
============================================================
Deleting cluster "stateful-exp" ...
Deleted nodes: ["stateful-exp-control-plane" "stateful-exp-worker"]

============================================================
  Done — Window=30s Gap=90s Survived=true
============================================================
[CLEANUP] Stopping background processes...

=== STARTING: window60s_gap45s (safe) — Run 1/3 ===

============================================================
  1. Setup — Window=60s, Gap=45s, Run=1
============================================================

============================================================
  2. Creating Fresh Kind Cluster
============================================================
Creating cluster "stateful-exp" ...
 • Ensuring node image (kindest/node:v1.31.6) 🖼  ...
 ✓ Ensuring node image (kindest/node:v1.31.6) 🖼
 • Preparing nodes 📦 📦   ...
 ✓ Preparing nodes 📦 📦
 • Writing configuration 📜  ...
 ✓ Writing configuration 📜
 • Starting control-plane 🕹️  ...
 ✓ Starting control-plane 🕹️
 • Installing CNI 🔌  ...
 ✓ Installing CNI 🔌
 • Installing StorageClass 💾  ...
 ✓ Installing StorageClass 💾
 • Joining worker nodes 🚜  ...
 ✓ Joining worker nodes 🚜
Set kubectl context to "kind-stateful-exp"
You can now use your cluster with:

kubectl cluster-info --context kind-stateful-exp

Have a question, bug, or feature request? Let us know! https://kind.sigs.k8s.io/#community 🙂
[00:57:58] Kind cluster created.

============================================================
  3. Installing Metrics Server
============================================================
serviceaccount/metrics-server created
clusterrole.rbac.authorization.k8s.io/system:aggregated-metrics-reader created
clusterrole.rbac.authorization.k8s.io/system:metrics-server created
rolebinding.rbac.authorization.k8s.io/metrics-server-auth-reader created
clusterrolebinding.rbac.authorization.k8s.io/metrics-server:system:auth-delegator created
clusterrolebinding.rbac.authorization.k8s.io/system:metrics-server created
service/metrics-server created
deployment.apps/metrics-server created
apiservice.apiregistration.k8s.io/v1beta1.metrics.k8s.io created
deployment.apps/metrics-server patched
Waiting for deployment "metrics-server" rollout to finish: 1 old replicas are pending termination...
Waiting for deployment "metrics-server" rollout to finish: 1 old replicas are pending termination...
Waiting for deployment "metrics-server" rollout to finish: 1 old replicas are pending termination...
deployment "metrics-server" successfully rolled out
[00:58:46] Metrics API ready (5s).

============================================================
  4. Deploying Prometheus
============================================================
namespace/monitoring created
serviceaccount/prometheus created
clusterrole.rbac.authorization.k8s.io/prometheus created
clusterrolebinding.rbac.authorization.k8s.io/prometheus created
configmap/prometheus-config created
deployment.apps/prometheus created
service/prometheus created
Waiting for deployment "prometheus" rollout to finish: 0 of 1 updated replicas are available...
deployment "prometheus" successfully rolled out

============================================================
  5. Building Docker Images
============================================================
#0 building with "default" instance using docker driver

#1 [internal] load build definition from Dockerfile
#1 transferring dockerfile: 200B done
#1 DONE 0.0s

#2 [auth] library/python:pull token for registry-1.docker.io
#2 DONE 0.0s

#3 [internal] load metadata for docker.io/library/python:3.11-slim
#3 DONE 1.6s

#4 [internal] load .dockerignore
#4 transferring context: 2B done
#4 DONE 0.0s

#5 [1/4] FROM docker.io/library/python:3.11-slim@sha256:f9fa7f851e38bfb19c9de3afbc4b86ae7176ea7aaf94535c31df5458d5849457
#5 resolve docker.io/library/python:3.11-slim@sha256:f9fa7f851e38bfb19c9de3afbc4b86ae7176ea7aaf94535c31df5458d5849457 0.0s done
#5 DONE 0.0s

#6 [internal] load build context
#6 transferring context: 31B done
#6 DONE 0.0s

#7 [2/4] WORKDIR /app
#7 CACHED

#8 [3/4] COPY server.py .
#8 CACHED

#9 [4/4] RUN pip install websockets aiohttp prometheus_client
#9 CACHED

#10 exporting to image
#10 exporting layers done
#10 exporting manifest sha256:a7b2d10e97d7b680fb34bc9bb14694bf2c786f085aa2dc26043661d531ee9905 done
#10 exporting config sha256:1c40956e18bd23d87f95b5955f137f90265ce679282cb4712ef60c99edc7d33b done
#10 exporting attestation manifest sha256:aae0172d2aa7fd1df491e87ed7501ea8a520212f55b6d2c9dcfe4b396e634f98 0.0s done
#10 exporting manifest list sha256:27581b130ac5c20cfabcb5433e2fdf299f4a07fb55d8bcf59d96233c874f466e done
#10 naming to docker.io/library/websocket-server-instrumented:latest
#10 naming to docker.io/library/websocket-server-instrumented:latest done
#10 unpacking to docker.io/library/websocket-server-instrumented:latest done
#10 DONE 0.1s
Image: "websocket-server-instrumented:latest" with ID "sha256:27581b130ac5c20cfabcb5433e2fdf299f4a07fb55d8bcf59d96233c874f466e" not yet present on node "stateful-exp-worker", loading...
Image: "websocket-server-instrumented:latest" with ID "sha256:27581b130ac5c20cfabcb5433e2fdf299f4a07fb55d8bcf59d96233c874f466e" not yet present on node "stateful-exp-control-plane", loading...
#0 building with "default" instance using docker driver

#1 [internal] load build definition from Dockerfile
#1 DONE 0.0s

#1 [internal] load build definition from Dockerfile
#1 transferring dockerfile: 153B done
#1 DONE 0.0s

#2 [internal] load metadata for docker.io/library/python:3.11-slim
#2 DONE 0.3s

#3 [internal] load .dockerignore
#3 transferring context: 2B done
#3 DONE 0.0s

#4 [1/4] FROM docker.io/library/python:3.11-slim@sha256:f9fa7f851e38bfb19c9de3afbc4b86ae7176ea7aaf94535c31df5458d5849457
#4 resolve docker.io/library/python:3.11-slim@sha256:f9fa7f851e38bfb19c9de3afbc4b86ae7176ea7aaf94535c31df5458d5849457 0.0s done
#4 DONE 0.0s

#5 [internal] load build context
#5 transferring context: 31B done
#5 DONE 0.0s

#6 [2/4] WORKDIR /app
#6 CACHED

#7 [3/4] COPY client.py .
#7 CACHED

#8 [4/4] RUN pip install websockets numpy
#8 CACHED

#9 exporting to image
#9 exporting layers done
#9 exporting manifest sha256:91cfd3317719b5b19e6284fd3d9b3d49da45f045fd4c730032004a0691686ecb done
#9 exporting config sha256:b3bcceff6fed730c57676a791815fbb083c6ac6deb873d9654fcb132a38e2039 done
#9 exporting attestation manifest sha256:9f54280ef49bf45dd9af2039a63edef5d01a5fd12824d865ddca8add7592b1d2 0.0s done
#9 exporting manifest list sha256:a1011135af9e3975428cf4da5543cf3a432e7b1e8574778dbb9af2f3281b594f done
#9 naming to docker.io/library/websocket-loadgen:latest done
#9 unpacking to docker.io/library/websocket-loadgen:latest done
#9 DONE 0.1s
Image: "websocket-loadgen:latest" with ID "sha256:a1011135af9e3975428cf4da5543cf3a432e7b1e8574778dbb9af2f3281b594f" not yet present on node "stateful-exp-worker", loading...
Image: "websocket-loadgen:latest" with ID "sha256:a1011135af9e3975428cf4da5543cf3a432e7b1e8574778dbb9af2f3281b594f" not yet present on node "stateful-exp-control-plane", loading...

============================================================
  6. Deploying WebSocket Workload
============================================================
deployment.apps/websocket-server created
service/websocket-service created
pod/websocket-server-8585946c55-bt2xc condition met
pod/websocket-server-8585946c55-sd5p2 condition met

============================================================
  7. Applying HPA (scaleDown window: 60s)
============================================================
horizontalpodautoscaler.autoscaling/websocket-hpa created
[00:59:29] HPA applied (scaleDown window: 60s).

============================================================
  8. Waiting for HPA Metrics
============================================================

============================================================
  9. Prometheus Port-Forward
============================================================

============================================================
  10. Starting Metric Collectors
============================================================

============================================================
  11. Running Load Phases
============================================================
[01:00:16] PHASE: CONNECT -- 800 clients, CPU_WORK=1, 120s
job.batch/websocket-loadgen created
[01:00:18]   [CONNECT +0s] replicas=2 cpu=1% connections=0
[01:00:33]   [CONNECT +15s] replicas=2 cpu=1% connections=37
[01:00:48]   [CONNECT +30s] replicas=2 cpu=6% connections=174
[01:01:03]   [CONNECT +45s] replicas=2 cpu=47% connections=311
[01:01:19]   [CONNECT +60s] replicas=2 cpu=76% connections=443
[01:01:34]   [CONNECT +75s] replicas=3 cpu=106% connections=562
[01:01:49]   [CONNECT +90s] replicas=4 cpu=93% connections=696
[01:02:04]   [CONNECT +105s] replicas=5 cpu=97% connections=800
[01:02:19] PHASE: IDLE GAP -- 45s (window=60s)
[01:02:19]   [IDLE_GAP +0s] replicas=7 connections=800
[01:02:34]   [IDLE_GAP +15s] replicas=7 connections=800
[01:02:49]   [IDLE_GAP +30s] replicas=7 connections=800
[01:03:19] Result: survived=true loss=0.0% (before=800 after=800)

============================================================
  12. Stopping Collectors
============================================================

============================================================
  13. Running Analysis
============================================================
Parsing experiment-b3 logs...
  Parsed cpu.csv: 40 rows
  Parsed replicas.csv: 40 rows
  Parsed connections.csv: 40 rows
  Wrote summary.csv → /home/abhas/node/STAR/future-work/results/processed/websocket/experiment-b3-tuning/window60s_gap45s/run_1/summary.csv
  Summary: pod_seconds=824.0  scale_up=51.0s  peak_replicas=7.0
Experiment-B3 log parsing complete.

============================================================
  14. Deleting Kind Cluster
============================================================
Deleting cluster "stateful-exp" ...
Deleted nodes: ["stateful-exp-worker" "stateful-exp-control-plane"]

============================================================
  Done — Window=60s Gap=45s Survived=true
============================================================
[CLEANUP] Stopping background processes...

=== STARTING: window60s_gap45s (safe) — Run 2/3 ===

============================================================
  1. Setup — Window=60s, Gap=45s, Run=2
============================================================

============================================================
  2. Creating Fresh Kind Cluster
============================================================
Creating cluster "stateful-exp" ...
 • Ensuring node image (kindest/node:v1.31.6) 🖼  ...
 ✓ Ensuring node image (kindest/node:v1.31.6) 🖼
 • Preparing nodes 📦 📦   ...
 ✓ Preparing nodes 📦 📦
 • Writing configuration 📜  ...
 ✓ Writing configuration 📜
 • Starting control-plane 🕹️  ...
 ✓ Starting control-plane 🕹️
 • Installing CNI 🔌  ...
 ✓ Installing CNI 🔌
 • Installing StorageClass 💾  ...
 ✓ Installing StorageClass 💾
 • Joining worker nodes 🚜  ...
 ✓ Joining worker nodes 🚜
Set kubectl context to "kind-stateful-exp"
You can now use your cluster with:

kubectl cluster-info --context kind-stateful-exp

Not sure what to do next? 😅  Check out https://kind.sigs.k8s.io/docs/user/quick-start/
[01:03:41] Kind cluster created.

============================================================
  3. Installing Metrics Server
============================================================
serviceaccount/metrics-server created
clusterrole.rbac.authorization.k8s.io/system:aggregated-metrics-reader created
clusterrole.rbac.authorization.k8s.io/system:metrics-server created
rolebinding.rbac.authorization.k8s.io/metrics-server-auth-reader created
clusterrolebinding.rbac.authorization.k8s.io/metrics-server:system:auth-delegator created
clusterrolebinding.rbac.authorization.k8s.io/system:metrics-server created
service/metrics-server created
deployment.apps/metrics-server created
apiservice.apiregistration.k8s.io/v1beta1.metrics.k8s.io created
deployment.apps/metrics-server patched
Waiting for deployment "metrics-server" rollout to finish: 1 old replicas are pending termination...
Waiting for deployment "metrics-server" rollout to finish: 1 old replicas are pending termination...
Waiting for deployment "metrics-server" rollout to finish: 1 old replicas are pending termination...
deployment "metrics-server" successfully rolled out
[01:04:28] Metrics API ready (5s).

============================================================
  4. Deploying Prometheus
============================================================
namespace/monitoring created
serviceaccount/prometheus created
clusterrole.rbac.authorization.k8s.io/prometheus created
clusterrolebinding.rbac.authorization.k8s.io/prometheus created
configmap/prometheus-config created
deployment.apps/prometheus created
service/prometheus created
Waiting for deployment "prometheus" rollout to finish: 0 of 1 updated replicas are available...
deployment "prometheus" successfully rolled out

============================================================
  5. Building Docker Images
============================================================
#0 building with "default" instance using docker driver

#1 [internal] load build definition from Dockerfile
#1 DONE 0.0s

#1 [internal] load build definition from Dockerfile
#1 transferring dockerfile: 200B done
#1 DONE 0.0s

#2 [auth] library/python:pull token for registry-1.docker.io
#2 DONE 0.0s

#3 [internal] load metadata for docker.io/library/python:3.11-slim
#3 DONE 1.3s

#4 [internal] load .dockerignore
#4 transferring context: 2B done
#4 DONE 0.0s

#5 [1/4] FROM docker.io/library/python:3.11-slim@sha256:f9fa7f851e38bfb19c9de3afbc4b86ae7176ea7aaf94535c31df5458d5849457
#5 resolve docker.io/library/python:3.11-slim@sha256:f9fa7f851e38bfb19c9de3afbc4b86ae7176ea7aaf94535c31df5458d5849457 0.0s done
#5 DONE 0.0s

#6 [internal] load build context
#6 transferring context: 31B done
#6 DONE 0.0s

#7 [2/4] WORKDIR /app
#7 CACHED

#8 [3/4] COPY server.py .
#8 CACHED

#9 [4/4] RUN pip install websockets aiohttp prometheus_client
#9 CACHED

#10 exporting to image
#10 exporting layers done
#10 exporting manifest sha256:a7b2d10e97d7b680fb34bc9bb14694bf2c786f085aa2dc26043661d531ee9905 done
#10 exporting config sha256:1c40956e18bd23d87f95b5955f137f90265ce679282cb4712ef60c99edc7d33b done
#10 exporting attestation manifest sha256:1f3b1e959fe5ed46c7297024aa8364ce4b473a84287f484c067b4829c2622a92 0.0s done
#10 exporting manifest list sha256:2582b79e3c9a97983cdb182165c61534d08cb926d531e2f7051b3cb3bf1b1b76 0.0s done
#10 naming to docker.io/library/websocket-server-instrumented:latest done
#10 unpacking to docker.io/library/websocket-server-instrumented:latest done
#10 DONE 0.1s
Image: "websocket-server-instrumented:latest" with ID "sha256:2582b79e3c9a97983cdb182165c61534d08cb926d531e2f7051b3cb3bf1b1b76" not yet present on node "stateful-exp-control-plane", loading...
Image: "websocket-server-instrumented:latest" with ID "sha256:2582b79e3c9a97983cdb182165c61534d08cb926d531e2f7051b3cb3bf1b1b76" not yet present on node "stateful-exp-worker", loading...
#0 building with "default" instance using docker driver

#1 [internal] load build definition from Dockerfile
#1 DONE 0.0s

#1 [internal] load build definition from Dockerfile
#1 transferring dockerfile: 153B done
#1 DONE 0.0s

#2 [internal] load metadata for docker.io/library/python:3.11-slim
#2 DONE 0.4s

#3 [internal] load .dockerignore
#3 transferring context: 2B done
#3 DONE 0.0s

#4 [1/4] FROM docker.io/library/python:3.11-slim@sha256:f9fa7f851e38bfb19c9de3afbc4b86ae7176ea7aaf94535c31df5458d5849457
#4 resolve docker.io/library/python:3.11-slim@sha256:f9fa7f851e38bfb19c9de3afbc4b86ae7176ea7aaf94535c31df5458d5849457 0.0s done
#4 DONE 0.0s

#5 [internal] load build context
#5 transferring context: 31B done
#5 DONE 0.0s

#6 [2/4] WORKDIR /app
#6 CACHED

#7 [3/4] COPY client.py .
#7 CACHED

#8 [4/4] RUN pip install websockets numpy
#8 CACHED

#9 exporting to image
#9 exporting layers done
#9 exporting manifest sha256:91cfd3317719b5b19e6284fd3d9b3d49da45f045fd4c730032004a0691686ecb done
#9 exporting config sha256:b3bcceff6fed730c57676a791815fbb083c6ac6deb873d9654fcb132a38e2039 done
#9 exporting attestation manifest sha256:c9c949be6515516ec970c44cd14c6bed4335c2fb76ee6a0df9bbc7ef085827cb 0.0s done
#9 exporting manifest list sha256:02ebfc8aa860e64e3a3401037b493f8121b89a0f76bda8039f32500a4786c6bc done
#9 naming to docker.io/library/websocket-loadgen:latest done
#9 unpacking to docker.io/library/websocket-loadgen:latest done
#9 DONE 0.1s
Image: "websocket-loadgen:latest" with ID "sha256:02ebfc8aa860e64e3a3401037b493f8121b89a0f76bda8039f32500a4786c6bc" not yet present on node "stateful-exp-control-plane", loading...
Image: "websocket-loadgen:latest" with ID "sha256:02ebfc8aa860e64e3a3401037b493f8121b89a0f76bda8039f32500a4786c6bc" not yet present on node "stateful-exp-worker", loading...

============================================================
  6. Deploying WebSocket Workload
============================================================
deployment.apps/websocket-server created
service/websocket-service created
pod/websocket-server-8585946c55-9ls5x condition met
pod/websocket-server-8585946c55-g46vk condition met

============================================================
  7. Applying HPA (scaleDown window: 60s)
============================================================
horizontalpodautoscaler.autoscaling/websocket-hpa created
[01:05:11] HPA applied (scaleDown window: 60s).

============================================================
  8. Waiting for HPA Metrics
============================================================

============================================================
  9. Prometheus Port-Forward
============================================================

============================================================
  10. Starting Metric Collectors
============================================================

============================================================
  11. Running Load Phases
============================================================
[01:05:58] PHASE: CONNECT -- 800 clients, CPU_WORK=1, 120s
job.batch/websocket-loadgen created
[01:06:01]   [CONNECT +0s] replicas=2 cpu=1% connections=0
[01:06:16]   [CONNECT +15s] replicas=2 cpu=1% connections=44
[01:06:31]   [CONNECT +30s] replicas=2 cpu=11% connections=192
[01:06:46]   [CONNECT +45s] replicas=2 cpu=43% connections=325
[01:07:01]   [CONNECT +60s] replicas=2 cpu=80% connections=452
[01:07:16]   [CONNECT +75s] replicas=3 cpu=121% connections=558
[01:07:31]   [CONNECT +90s] replicas=4 cpu=105% connections=726
[01:07:46]   [CONNECT +105s] replicas=6 cpu=122% connections=800
[01:08:01] PHASE: IDLE GAP -- 45s (window=60s)
[01:08:01]   [IDLE_GAP +0s] replicas=6 connections=800
[01:08:16]   [IDLE_GAP +15s] replicas=8 connections=800
[01:08:31]   [IDLE_GAP +30s] replicas=8 connections=800
[01:09:01] Result: survived=true loss=0.0% (before=800 after=800)

============================================================
  12. Stopping Collectors
============================================================

============================================================
  13. Running Analysis
============================================================
Parsing experiment-b3 logs...
  Parsed cpu.csv: 40 rows
  Parsed replicas.csv: 40 rows
  Parsed connections.csv: 40 rows
  Wrote summary.csv → /home/abhas/node/STAR/future-work/results/processed/websocket/experiment-b3-tuning/window60s_gap45s/run_2/summary.csv
  Summary: pod_seconds=870.0  scale_up=55.0s  peak_replicas=8.0
Experiment-B3 log parsing complete.

============================================================
  14. Deleting Kind Cluster
============================================================
Deleting cluster "stateful-exp" ...
Deleted nodes: ["stateful-exp-control-plane" "stateful-exp-worker"]

============================================================
  Done — Window=60s Gap=45s Survived=true
============================================================
[CLEANUP] Stopping background processes...

=== STARTING: window60s_gap45s (safe) — Run 3/3 ===

============================================================
  1. Setup — Window=60s, Gap=45s, Run=3
============================================================

============================================================
  2. Creating Fresh Kind Cluster
============================================================
Creating cluster "stateful-exp" ...
 • Ensuring node image (kindest/node:v1.31.6) 🖼  ...
 ✓ Ensuring node image (kindest/node:v1.31.6) 🖼
 • Preparing nodes 📦 📦   ...
 ✓ Preparing nodes 📦 📦
 • Writing configuration 📜  ...
 ✓ Writing configuration 📜
 • Starting control-plane 🕹️  ...
 ✓ Starting control-plane 🕹️
 • Installing CNI 🔌  ...
 ✓ Installing CNI 🔌
 • Installing StorageClass 💾  ...
 ✓ Installing StorageClass 💾
 • Joining worker nodes 🚜  ...
 ✓ Joining worker nodes 🚜
Set kubectl context to "kind-stateful-exp"
You can now use your cluster with:

kubectl cluster-info --context kind-stateful-exp

Have a nice day! 👋
[01:09:27] Kind cluster created.

============================================================
  3. Installing Metrics Server
============================================================
serviceaccount/metrics-server created
clusterrole.rbac.authorization.k8s.io/system:aggregated-metrics-reader created
clusterrole.rbac.authorization.k8s.io/system:metrics-server created
rolebinding.rbac.authorization.k8s.io/metrics-server-auth-reader created
clusterrolebinding.rbac.authorization.k8s.io/metrics-server:system:auth-delegator created
clusterrolebinding.rbac.authorization.k8s.io/system:metrics-server created
service/metrics-server created
deployment.apps/metrics-server created
apiservice.apiregistration.k8s.io/v1beta1.metrics.k8s.io created
deployment.apps/metrics-server patched
Waiting for deployment "metrics-server" rollout to finish: 1 old replicas are pending termination...
Waiting for deployment "metrics-server" rollout to finish: 1 old replicas are pending termination...
Waiting for deployment "metrics-server" rollout to finish: 1 old replicas are pending termination...
deployment "metrics-server" successfully rolled out
[01:10:14] Metrics API ready (5s).

============================================================
  4. Deploying Prometheus
============================================================
namespace/monitoring created
serviceaccount/prometheus created
clusterrole.rbac.authorization.k8s.io/prometheus created
clusterrolebinding.rbac.authorization.k8s.io/prometheus created
configmap/prometheus-config created
deployment.apps/prometheus created
service/prometheus created
Waiting for deployment "prometheus" rollout to finish: 0 of 1 updated replicas are available...
deployment "prometheus" successfully rolled out

============================================================
  5. Building Docker Images
============================================================
#0 building with "default" instance using docker driver

#1 [internal] load build definition from Dockerfile
#1 transferring dockerfile: 200B done
#1 DONE 0.0s

#2 [auth] library/python:pull token for registry-1.docker.io
#2 DONE 0.0s

#3 [internal] load metadata for docker.io/library/python:3.11-slim
#3 DONE 1.3s

#4 [internal] load .dockerignore
#4 transferring context: 2B done
#4 DONE 0.0s

#5 [1/4] FROM docker.io/library/python:3.11-slim@sha256:f9fa7f851e38bfb19c9de3afbc4b86ae7176ea7aaf94535c31df5458d5849457
#5 resolve docker.io/library/python:3.11-slim@sha256:f9fa7f851e38bfb19c9de3afbc4b86ae7176ea7aaf94535c31df5458d5849457 0.0s done
#5 DONE 0.0s

#6 [internal] load build context
#6 transferring context: 31B done
#6 DONE 0.0s

#7 [2/4] WORKDIR /app
#7 CACHED

#8 [3/4] COPY server.py .
#8 CACHED

#9 [4/4] RUN pip install websockets aiohttp prometheus_client
#9 CACHED

#10 exporting to image
#10 exporting layers done
#10 exporting manifest sha256:a7b2d10e97d7b680fb34bc9bb14694bf2c786f085aa2dc26043661d531ee9905 done
#10 exporting config sha256:1c40956e18bd23d87f95b5955f137f90265ce679282cb4712ef60c99edc7d33b done
#10 exporting attestation manifest sha256:691648c39efa4ca36a89b4d62e6543c24359114425153c22ce77414161f512c9 0.0s done
#10 exporting manifest list sha256:53ab6ebf72a46d82757c3fb277bf5f4df5eafd5e36a0f8ed083e9c728db9927b done
#10 naming to docker.io/library/websocket-server-instrumented:latest
#10 naming to docker.io/library/websocket-server-instrumented:latest done
#10 unpacking to docker.io/library/websocket-server-instrumented:latest done
#10 DONE 0.1s
Image: "websocket-server-instrumented:latest" with ID "sha256:53ab6ebf72a46d82757c3fb277bf5f4df5eafd5e36a0f8ed083e9c728db9927b" not yet present on node "stateful-exp-worker", loading...
Image: "websocket-server-instrumented:latest" with ID "sha256:53ab6ebf72a46d82757c3fb277bf5f4df5eafd5e36a0f8ed083e9c728db9927b" not yet present on node "stateful-exp-control-plane", loading...
#0 building with "default" instance using docker driver

#1 [internal] load build definition from Dockerfile
#1 DONE 0.0s

#1 [internal] load build definition from Dockerfile
#1 transferring dockerfile: 153B done
#1 DONE 0.0s

#2 [internal] load metadata for docker.io/library/python:3.11-slim
#2 DONE 0.3s

#3 [internal] load .dockerignore
#3 transferring context: 2B done
#3 DONE 0.0s

#4 [1/4] FROM docker.io/library/python:3.11-slim@sha256:f9fa7f851e38bfb19c9de3afbc4b86ae7176ea7aaf94535c31df5458d5849457
#4 resolve docker.io/library/python:3.11-slim@sha256:f9fa7f851e38bfb19c9de3afbc4b86ae7176ea7aaf94535c31df5458d5849457 0.0s done
#4 DONE 0.0s

#5 [internal] load build context
#5 transferring context: 31B done
#5 DONE 0.0s

#6 [2/4] WORKDIR /app
#6 CACHED

#7 [3/4] COPY client.py .
#7 CACHED

#8 [4/4] RUN pip install websockets numpy
#8 CACHED

#9 exporting to image
#9 exporting layers done
#9 exporting manifest sha256:91cfd3317719b5b19e6284fd3d9b3d49da45f045fd4c730032004a0691686ecb done
#9 exporting config sha256:b3bcceff6fed730c57676a791815fbb083c6ac6deb873d9654fcb132a38e2039 done
#9 exporting attestation manifest sha256:85dd2045201405e85fa961bbeaddf3cbcb39e2d9b36b218ed6580c84d6282f74 0.0s done
#9 exporting manifest list sha256:1f17c0ed840b63f6fc322def64270809c5888d2ee6811eedbb196ccb614aced7 done
#9 naming to docker.io/library/websocket-loadgen:latest done
#9 unpacking to docker.io/library/websocket-loadgen:latest done
#9 DONE 0.1s
Image: "websocket-loadgen:latest" with ID "sha256:1f17c0ed840b63f6fc322def64270809c5888d2ee6811eedbb196ccb614aced7" not yet present on node "stateful-exp-worker", loading...
Image: "websocket-loadgen:latest" with ID "sha256:1f17c0ed840b63f6fc322def64270809c5888d2ee6811eedbb196ccb614aced7" not yet present on node "stateful-exp-control-plane", loading...

============================================================
  6. Deploying WebSocket Workload
============================================================
deployment.apps/websocket-server created
service/websocket-service created
pod/websocket-server-8585946c55-7h9jz condition met
pod/websocket-server-8585946c55-gkdhl condition met

============================================================
  7. Applying HPA (scaleDown window: 60s)
============================================================
horizontalpodautoscaler.autoscaling/websocket-hpa created
[01:11:15] HPA applied (scaleDown window: 60s).

============================================================
  8. Waiting for HPA Metrics
============================================================

============================================================
  9. Prometheus Port-Forward
============================================================

============================================================
  10. Starting Metric Collectors
============================================================

============================================================
  11. Running Load Phases
============================================================
[01:11:52] PHASE: CONNECT -- 800 clients, CPU_WORK=1, 120s
job.batch/websocket-loadgen created
[01:11:54]   [CONNECT +0s] replicas=2 cpu=17% connections=0
[01:12:09]   [CONNECT +15s] replicas=2 cpu=1% connections=48
[01:12:24]   [CONNECT +30s] replicas=2 cpu=4% connections=182
[01:12:39]   [CONNECT +45s] replicas=2 cpu=30% connections=321
[01:12:54]   [CONNECT +60s] replicas=2 cpu=68% connections=460
[01:13:09]   [CONNECT +75s] replicas=3 cpu=89% connections=601
[01:13:24]   [CONNECT +90s] replicas=3 cpu=98% connections=736
[01:13:40]   [CONNECT +105s] replicas=5 cpu=118% connections=800
[01:13:55] PHASE: IDLE GAP -- 45s (window=60s)
[01:13:55]   [IDLE_GAP +0s] replicas=6 connections=800
[01:14:10]   [IDLE_GAP +15s] replicas=7 connections=800
[01:14:25]   [IDLE_GAP +30s] replicas=7 connections=800
[01:14:55] Result: survived=true loss=0.0% (before=800 after=800)

============================================================
  12. Stopping Collectors
============================================================

============================================================
  13. Running Analysis
============================================================
Parsing experiment-b3 logs...
  Parsed cpu.csv: 40 rows
  Parsed replicas.csv: 40 rows
  Parsed connections.csv: 40 rows
  Wrote summary.csv → /home/abhas/node/STAR/future-work/results/processed/websocket/experiment-b3-tuning/window60s_gap45s/run_3/summary.csv
  Summary: pod_seconds=819.0  scale_up=46.0s  peak_replicas=7.0
Experiment-B3 log parsing complete.

============================================================
  14. Deleting Kind Cluster
============================================================
Deleting cluster "stateful-exp" ...
Deleted nodes: ["stateful-exp-worker" "stateful-exp-control-plane"]

============================================================
  Done — Window=60s Gap=45s Survived=true
============================================================
[CLEANUP] Stopping background processes...

=== STARTING: window60s_gap120s (fail) — Run 1/3 ===

============================================================
  1. Setup — Window=60s, Gap=120s, Run=1
============================================================

============================================================
  2. Creating Fresh Kind Cluster
============================================================
Creating cluster "stateful-exp" ...
 • Ensuring node image (kindest/node:v1.31.6) 🖼  ...
 ✓ Ensuring node image (kindest/node:v1.31.6) 🖼
 • Preparing nodes 📦 📦   ...
 ✓ Preparing nodes 📦 📦
 • Writing configuration 📜  ...
 ✓ Writing configuration 📜
 • Starting control-plane 🕹️  ...
 ✓ Starting control-plane 🕹️
 • Installing CNI 🔌  ...
 ✓ Installing CNI 🔌
 • Installing StorageClass 💾  ...
 ✓ Installing StorageClass 💾
 • Joining worker nodes 🚜  ...
 ✓ Joining worker nodes 🚜
Set kubectl context to "kind-stateful-exp"
You can now use your cluster with:

kubectl cluster-info --context kind-stateful-exp

Thanks for using kind! 😊
[01:15:16] Kind cluster created.

============================================================
  3. Installing Metrics Server
============================================================
serviceaccount/metrics-server created
clusterrole.rbac.authorization.k8s.io/system:aggregated-metrics-reader created
clusterrole.rbac.authorization.k8s.io/system:metrics-server created
rolebinding.rbac.authorization.k8s.io/metrics-server-auth-reader created
clusterrolebinding.rbac.authorization.k8s.io/metrics-server:system:auth-delegator created
clusterrolebinding.rbac.authorization.k8s.io/system:metrics-server created
service/metrics-server created
deployment.apps/metrics-server created
apiservice.apiregistration.k8s.io/v1beta1.metrics.k8s.io created
deployment.apps/metrics-server patched
Waiting for deployment "metrics-server" rollout to finish: 1 old replicas are pending termination...
Waiting for deployment "metrics-server" rollout to finish: 1 old replicas are pending termination...
Waiting for deployment "metrics-server" rollout to finish: 1 old replicas are pending termination...
deployment "metrics-server" successfully rolled out
[01:16:04] Metrics API ready (5s).

============================================================
  4. Deploying Prometheus
============================================================
namespace/monitoring created
serviceaccount/prometheus created
clusterrole.rbac.authorization.k8s.io/prometheus created
clusterrolebinding.rbac.authorization.k8s.io/prometheus created
configmap/prometheus-config created
deployment.apps/prometheus created
service/prometheus created
Waiting for deployment "prometheus" rollout to finish: 0 of 1 updated replicas are available...
deployment "prometheus" successfully rolled out

============================================================
  5. Building Docker Images
============================================================
#0 building with "default" instance using docker driver

#1 [internal] load build definition from Dockerfile
#1 transferring dockerfile: 200B done
#1 DONE 0.0s

#2 [auth] library/python:pull token for registry-1.docker.io
#2 DONE 0.0s

#3 [internal] load metadata for docker.io/library/python:3.11-slim
#3 DONE 1.4s

#4 [internal] load .dockerignore
#4 transferring context: 2B done
#4 DONE 0.0s

#5 [1/4] FROM docker.io/library/python:3.11-slim@sha256:f9fa7f851e38bfb19c9de3afbc4b86ae7176ea7aaf94535c31df5458d5849457
#5 resolve docker.io/library/python:3.11-slim@sha256:f9fa7f851e38bfb19c9de3afbc4b86ae7176ea7aaf94535c31df5458d5849457 0.0s done
#5 DONE 0.0s

#6 [internal] load build context
#6 transferring context: 31B done
#6 DONE 0.0s

#7 [2/4] WORKDIR /app
#7 CACHED

#8 [3/4] COPY server.py .
#8 CACHED

#9 [4/4] RUN pip install websockets aiohttp prometheus_client
#9 CACHED

#10 exporting to image
#10 exporting layers done
#10 exporting manifest sha256:a7b2d10e97d7b680fb34bc9bb14694bf2c786f085aa2dc26043661d531ee9905 done
#10 exporting config sha256:1c40956e18bd23d87f95b5955f137f90265ce679282cb4712ef60c99edc7d33b done
#10 exporting attestation manifest sha256:8914c49fe99ca4d1299af4d71ac8499010efbfcf80f74d060d64dd3a36b3e0d2 0.0s done
#10 exporting manifest list sha256:c7191203f1b96618100d5bbc691087ea3bb3f95206990632291eb24187811aaa 0.0s done
#10 naming to docker.io/library/websocket-server-instrumented:latest done
#10 unpacking to docker.io/library/websocket-server-instrumented:latest
#10 unpacking to docker.io/library/websocket-server-instrumented:latest done
#10 DONE 0.1s
Image: "websocket-server-instrumented:latest" with ID "sha256:c7191203f1b96618100d5bbc691087ea3bb3f95206990632291eb24187811aaa" not yet present on node "stateful-exp-worker", loading...
Image: "websocket-server-instrumented:latest" with ID "sha256:c7191203f1b96618100d5bbc691087ea3bb3f95206990632291eb24187811aaa" not yet present on node "stateful-exp-control-plane", loading...
#0 building with "default" instance using docker driver

#1 [internal] load build definition from Dockerfile
#1 DONE 0.0s

#1 [internal] load build definition from Dockerfile
#1 transferring dockerfile: 153B done
#1 DONE 0.0s

#2 [internal] load metadata for docker.io/library/python:3.11-slim
#2 DONE 0.4s

#3 [internal] load .dockerignore
#3 transferring context: 2B done
#3 DONE 0.0s

#4 [1/4] FROM docker.io/library/python:3.11-slim@sha256:f9fa7f851e38bfb19c9de3afbc4b86ae7176ea7aaf94535c31df5458d5849457
#4 resolve docker.io/library/python:3.11-slim@sha256:f9fa7f851e38bfb19c9de3afbc4b86ae7176ea7aaf94535c31df5458d5849457 0.0s done
#4 DONE 0.0s

#5 [internal] load build context
#5 transferring context: 31B done
#5 DONE 0.0s

#6 [3/4] COPY client.py .
#6 CACHED

#7 [2/4] WORKDIR /app
#7 CACHED

#8 [4/4] RUN pip install websockets numpy
#8 CACHED

#9 exporting to image
#9 exporting layers done
#9 exporting manifest sha256:91cfd3317719b5b19e6284fd3d9b3d49da45f045fd4c730032004a0691686ecb done
#9 exporting config sha256:b3bcceff6fed730c57676a791815fbb083c6ac6deb873d9654fcb132a38e2039 done
#9 exporting attestation manifest sha256:fe0cb2a6224c2595fa93681d5dfeb5ebabde5ac72cf2399243717cc4b8b57489 0.0s done
#9 exporting manifest list sha256:28ea35da7cf834c1ea2766a565a72ccf038fe48c1f520666b8310f3ef1e50632 done
#9 naming to docker.io/library/websocket-loadgen:latest done
#9 unpacking to docker.io/library/websocket-loadgen:latest done
#9 DONE 0.1s
Image: "websocket-loadgen:latest" with ID "sha256:28ea35da7cf834c1ea2766a565a72ccf038fe48c1f520666b8310f3ef1e50632" not yet present on node "stateful-exp-worker", loading...
Image: "websocket-loadgen:latest" with ID "sha256:28ea35da7cf834c1ea2766a565a72ccf038fe48c1f520666b8310f3ef1e50632" not yet present on node "stateful-exp-control-plane", loading...

============================================================
  6. Deploying WebSocket Workload
============================================================
deployment.apps/websocket-server created
service/websocket-service created
pod/websocket-server-8585946c55-4s7wr condition met
pod/websocket-server-8585946c55-925vp condition met

============================================================
  7. Applying HPA (scaleDown window: 60s)
============================================================
horizontalpodautoscaler.autoscaling/websocket-hpa created
[01:16:47] HPA applied (scaleDown window: 60s).

============================================================
  8. Waiting for HPA Metrics
============================================================

============================================================
  9. Prometheus Port-Forward
============================================================

============================================================
  10. Starting Metric Collectors
============================================================

============================================================
  11. Running Load Phases
============================================================
[01:17:34] PHASE: CONNECT -- 800 clients, CPU_WORK=1, 120s
job.batch/websocket-loadgen created
[01:17:36]   [CONNECT +0s] replicas=2 cpu=0% connections=0
[01:17:51]   [CONNECT +15s] replicas=2 cpu=1% connections=108
[01:18:06]   [CONNECT +30s] replicas=2 cpu=16% connections=240
[01:18:21]   [CONNECT +45s] replicas=2 cpu=46% connections=367
[01:18:37]   [CONNECT +60s] replicas=2 cpu=81% connections=504
[01:18:52]   [CONNECT +75s] replicas=3 cpu=121% connections=612
[01:19:07]   [CONNECT +90s] replicas=5 cpu=148% connections=760
[01:19:22]   [CONNECT +105s] replicas=5 cpu=77% connections=800
[01:19:37] PHASE: IDLE GAP -- 120s (window=60s)
[01:19:37]   [IDLE_GAP +0s] replicas=7 connections=800
[01:19:52]   [IDLE_GAP +15s] replicas=7 connections=800
[01:20:07]   [IDLE_GAP +30s] replicas=7 connections=800
[01:20:22]   [IDLE_GAP +45s] replicas=7 connections=800
[01:20:37]   [IDLE_GAP +60s] replicas=7 connections=800
[01:20:52]   [IDLE_GAP +75s] replicas=7 connections=800
[01:21:07]   [IDLE_GAP +90s] replicas=4 connections=800
[01:21:22]   [IDLE_GAP +105s] replicas=3 connections=800
[01:21:52] Result: survived=false loss=18.4% (before=800 after=653)

============================================================
  12. Stopping Collectors
============================================================

============================================================
  13. Running Analysis
============================================================
Parsing experiment-b3 logs...
  Parsed cpu.csv: 55 rows
  Parsed replicas.csv: 55 rows
  Parsed connections.csv: 55 rows
  Wrote summary.csv → /home/abhas/node/STAR/future-work/results/processed/websocket/experiment-b3-tuning/window60s_gap120s/run_1/summary.csv
  Summary: pod_seconds=1179.0  scale_up=56.0s  peak_replicas=7.0
Experiment-B3 log parsing complete.

============================================================
  14. Deleting Kind Cluster
============================================================
Deleting cluster "stateful-exp" ...
Deleted nodes: ["stateful-exp-worker" "stateful-exp-control-plane"]

============================================================
  Done — Window=60s Gap=120s Survived=false
============================================================
[CLEANUP] Stopping background processes...

=== STARTING: window60s_gap120s (fail) — Run 2/3 ===

============================================================
  1. Setup — Window=60s, Gap=120s, Run=2
============================================================

============================================================
  2. Creating Fresh Kind Cluster
============================================================
Creating cluster "stateful-exp" ...
 • Ensuring node image (kindest/node:v1.31.6) 🖼  ...
 ✓ Ensuring node image (kindest/node:v1.31.6) 🖼
 • Preparing nodes 📦 📦   ...
 ✓ Preparing nodes 📦 📦
 • Writing configuration 📜  ...
 ✓ Writing configuration 📜
 • Starting control-plane 🕹️  ...
 ✓ Starting control-plane 🕹️
 • Installing CNI 🔌  ...
 ✓ Installing CNI 🔌
 • Installing StorageClass 💾  ...
 ✓ Installing StorageClass 💾
 • Joining worker nodes 🚜  ...
 ✓ Joining worker nodes 🚜
Set kubectl context to "kind-stateful-exp"
You can now use your cluster with:

kubectl cluster-info --context kind-stateful-exp

Have a question, bug, or feature request? Let us know! https://kind.sigs.k8s.io/#community 🙂
[01:22:14] Kind cluster created.

============================================================
  3. Installing Metrics Server
============================================================
serviceaccount/metrics-server created
clusterrole.rbac.authorization.k8s.io/system:aggregated-metrics-reader created
clusterrole.rbac.authorization.k8s.io/system:metrics-server created
rolebinding.rbac.authorization.k8s.io/metrics-server-auth-reader created
clusterrolebinding.rbac.authorization.k8s.io/metrics-server:system:auth-delegator created
clusterrolebinding.rbac.authorization.k8s.io/system:metrics-server created
service/metrics-server created
deployment.apps/metrics-server created
apiservice.apiregistration.k8s.io/v1beta1.metrics.k8s.io created
deployment.apps/metrics-server patched
Waiting for deployment "metrics-server" rollout to finish: 1 old replicas are pending termination...
Waiting for deployment "metrics-server" rollout to finish: 1 old replicas are pending termination...
Waiting for deployment "metrics-server" rollout to finish: 1 old replicas are pending termination...
deployment "metrics-server" successfully rolled out
[01:23:02] Metrics API ready (5s).

============================================================
  4. Deploying Prometheus
============================================================
namespace/monitoring created
serviceaccount/prometheus created
clusterrole.rbac.authorization.k8s.io/prometheus created
clusterrolebinding.rbac.authorization.k8s.io/prometheus created
configmap/prometheus-config created
deployment.apps/prometheus created
service/prometheus created
Waiting for deployment "prometheus" rollout to finish: 0 of 1 updated replicas are available...
deployment "prometheus" successfully rolled out

============================================================
  5. Building Docker Images
============================================================
#0 building with "default" instance using docker driver

#1 [internal] load build definition from Dockerfile
#1 transferring dockerfile: 200B done
#1 DONE 0.0s

#2 [auth] library/python:pull token for registry-1.docker.io
#2 DONE 0.0s

#3 [internal] load metadata for docker.io/library/python:3.11-slim
#3 DONE 1.6s

#4 [internal] load .dockerignore
#4 transferring context: 2B done
#4 DONE 0.0s

#5 [1/4] FROM docker.io/library/python:3.11-slim@sha256:f9fa7f851e38bfb19c9de3afbc4b86ae7176ea7aaf94535c31df5458d5849457
#5 resolve docker.io/library/python:3.11-slim@sha256:f9fa7f851e38bfb19c9de3afbc4b86ae7176ea7aaf94535c31df5458d5849457 0.0s done
#5 DONE 0.0s

#6 [internal] load build context
#6 transferring context: 31B done
#6 DONE 0.0s

#7 [2/4] WORKDIR /app
#7 CACHED

#8 [3/4] COPY server.py .
#8 CACHED

#9 [4/4] RUN pip install websockets aiohttp prometheus_client
#9 CACHED

#10 exporting to image
#10 exporting layers done
#10 exporting manifest sha256:a7b2d10e97d7b680fb34bc9bb14694bf2c786f085aa2dc26043661d531ee9905 done
#10 exporting config sha256:1c40956e18bd23d87f95b5955f137f90265ce679282cb4712ef60c99edc7d33b done
#10 exporting attestation manifest sha256:685abbfc1c1442828fb9369fc5d150c359225335611e667914a7cabe53cb78ee 0.0s done
#10 exporting manifest list sha256:317c30e190d50f15ad290dc75a549d4dbd1509fe6574aaa49955f98ec47ac7ca 0.0s done
#10 naming to docker.io/library/websocket-server-instrumented:latest done
#10 unpacking to docker.io/library/websocket-server-instrumented:latest done
#10 DONE 0.1s
Image: "websocket-server-instrumented:latest" with ID "sha256:317c30e190d50f15ad290dc75a549d4dbd1509fe6574aaa49955f98ec47ac7ca" not yet present on node "stateful-exp-worker", loading...
Image: "websocket-server-instrumented:latest" with ID "sha256:317c30e190d50f15ad290dc75a549d4dbd1509fe6574aaa49955f98ec47ac7ca" not yet present on node "stateful-exp-control-plane", loading...
#0 building with "default" instance using docker driver

#1 [internal] load build definition from Dockerfile
#1 transferring dockerfile: 153B done
#1 DONE 0.0s

#2 [internal] load metadata for docker.io/library/python:3.11-slim
#2 DONE 0.3s

#3 [internal] load .dockerignore
#3 transferring context: 2B done
#3 DONE 0.0s

#4 [1/4] FROM docker.io/library/python:3.11-slim@sha256:f9fa7f851e38bfb19c9de3afbc4b86ae7176ea7aaf94535c31df5458d5849457
#4 resolve docker.io/library/python:3.11-slim@sha256:f9fa7f851e38bfb19c9de3afbc4b86ae7176ea7aaf94535c31df5458d5849457 0.0s done
#4 DONE 0.0s

#5 [internal] load build context
#5 transferring context: 31B done
#5 DONE 0.0s

#6 [2/4] WORKDIR /app
#6 CACHED

#7 [3/4] COPY client.py .
#7 CACHED

#8 [4/4] RUN pip install websockets numpy
#8 CACHED

#9 exporting to image
#9 exporting layers done
#9 exporting manifest sha256:91cfd3317719b5b19e6284fd3d9b3d49da45f045fd4c730032004a0691686ecb done
#9 exporting config sha256:b3bcceff6fed730c57676a791815fbb083c6ac6deb873d9654fcb132a38e2039 done
#9 exporting attestation manifest sha256:eb8e35bb2c4b2ff41f331dd90339c1674fda1703fb09a8f786dd38ee3dc05732 0.0s done
#9 exporting manifest list sha256:21d80de52e646db86b25553a690c1b2575a3a8f152b38a03aa87a4b21ac11ebe done
#9 naming to docker.io/library/websocket-loadgen:latest done
#9 unpacking to docker.io/library/websocket-loadgen:latest done
#9 DONE 0.1s
Image: "websocket-loadgen:latest" with ID "sha256:21d80de52e646db86b25553a690c1b2575a3a8f152b38a03aa87a4b21ac11ebe" not yet present on node "stateful-exp-worker", loading...
Image: "websocket-loadgen:latest" with ID "sha256:21d80de52e646db86b25553a690c1b2575a3a8f152b38a03aa87a4b21ac11ebe" not yet present on node "stateful-exp-control-plane", loading...

============================================================
  6. Deploying WebSocket Workload
============================================================
deployment.apps/websocket-server created
service/websocket-service created
pod/websocket-server-8585946c55-2f7s6 condition met
pod/websocket-server-8585946c55-nwcq6 condition met

============================================================
  7. Applying HPA (scaleDown window: 60s)
============================================================
horizontalpodautoscaler.autoscaling/websocket-hpa created
[01:23:45] HPA applied (scaleDown window: 60s).

============================================================
  8. Waiting for HPA Metrics
============================================================

============================================================
  9. Prometheus Port-Forward
============================================================

============================================================
  10. Starting Metric Collectors
============================================================

============================================================
  11. Running Load Phases
============================================================
[01:24:32] PHASE: CONNECT -- 800 clients, CPU_WORK=1, 120s
job.batch/websocket-loadgen created
[01:24:34]   [CONNECT +0s] replicas=2 cpu=1% connections=0
[01:24:49]   [CONNECT +15s] replicas=2 cpu=1% connections=9
[01:25:04]   [CONNECT +30s] replicas=2 cpu=9% connections=144
[01:25:19]   [CONNECT +45s] replicas=2 cpu=46% connections=275
[01:25:34]   [CONNECT +60s] replicas=2 cpu=81% connections=407
[01:25:49]   [CONNECT +75s] replicas=3 cpu=119% connections=552
[01:26:04]   [CONNECT +90s] replicas=4 cpu=131% connections=708
[01:26:20]   [CONNECT +105s] replicas=4 cpu=118% connections=800
[01:26:35] PHASE: IDLE GAP -- 120s (window=60s)
[01:26:35]   [IDLE_GAP +0s] replicas=6 connections=800
[01:26:50]   [IDLE_GAP +15s] replicas=7 connections=800
[01:27:05]   [IDLE_GAP +30s] replicas=7 connections=800
[01:27:20]   [IDLE_GAP +45s] replicas=7 connections=800
[01:27:35]   [IDLE_GAP +60s] replicas=7 connections=800
[01:27:50]   [IDLE_GAP +75s] replicas=7 connections=800
[01:28:05]   [IDLE_GAP +90s] replicas=5 connections=800
[01:28:20]   [IDLE_GAP +105s] replicas=3 connections=800
[01:28:50] Result: survived=true loss=4.9% (before=800 after=761)

============================================================
  12. Stopping Collectors
============================================================

============================================================
  13. Running Analysis
============================================================
Parsing experiment-b3 logs...
  Parsed cpu.csv: 55 rows
  Parsed replicas.csv: 55 rows
  Parsed connections.csv: 55 rows
  Wrote summary.csv → /home/abhas/node/STAR/future-work/results/processed/websocket/experiment-b3-tuning/window60s_gap120s/run_2/summary.csv
  Summary: pod_seconds=1149.0  scale_up=56.0s  peak_replicas=7.0
Experiment-B3 log parsing complete.

============================================================
  14. Deleting Kind Cluster
============================================================
Deleting cluster "stateful-exp" ...
Deleted nodes: ["stateful-exp-worker" "stateful-exp-control-plane"]

============================================================
  Done — Window=60s Gap=120s Survived=true
============================================================
[CLEANUP] Stopping background processes...

=== STARTING: window60s_gap120s (fail) — Run 3/3 ===

============================================================
  1. Setup — Window=60s, Gap=120s, Run=3
============================================================

============================================================
  2. Creating Fresh Kind Cluster
============================================================
Creating cluster "stateful-exp" ...
 • Ensuring node image (kindest/node:v1.31.6) 🖼  ...
 ✓ Ensuring node image (kindest/node:v1.31.6) 🖼
 • Preparing nodes 📦 📦   ...
 ✓ Preparing nodes 📦 📦
 • Writing configuration 📜  ...
 ✓ Writing configuration 📜
 • Starting control-plane 🕹️  ...
 ✓ Starting control-plane 🕹️
 • Installing CNI 🔌  ...
 ✓ Installing CNI 🔌
 • Installing StorageClass 💾  ...
 ✓ Installing StorageClass 💾
 • Joining worker nodes 🚜  ...
 ✓ Joining worker nodes 🚜
Set kubectl context to "kind-stateful-exp"
You can now use your cluster with:

kubectl cluster-info --context kind-stateful-exp

Have a question, bug, or feature request? Let us know! https://kind.sigs.k8s.io/#community 🙂
[01:29:11] Kind cluster created.

============================================================
  3. Installing Metrics Server
============================================================
serviceaccount/metrics-server created
clusterrole.rbac.authorization.k8s.io/system:aggregated-metrics-reader created
clusterrole.rbac.authorization.k8s.io/system:metrics-server created
rolebinding.rbac.authorization.k8s.io/metrics-server-auth-reader created
clusterrolebinding.rbac.authorization.k8s.io/metrics-server:system:auth-delegator created
clusterrolebinding.rbac.authorization.k8s.io/system:metrics-server created
service/metrics-server created
deployment.apps/metrics-server created
apiservice.apiregistration.k8s.io/v1beta1.metrics.k8s.io created
deployment.apps/metrics-server patched
Waiting for deployment "metrics-server" rollout to finish: 1 old replicas are pending termination...
Waiting for deployment "metrics-server" rollout to finish: 1 old replicas are pending termination...
Waiting for deployment "metrics-server" rollout to finish: 1 old replicas are pending termination...
deployment "metrics-server" successfully rolled out
[01:29:59] Metrics API ready (5s).

============================================================
  4. Deploying Prometheus
============================================================
namespace/monitoring created
serviceaccount/prometheus created
clusterrole.rbac.authorization.k8s.io/prometheus created
clusterrolebinding.rbac.authorization.k8s.io/prometheus created
configmap/prometheus-config created
deployment.apps/prometheus created
service/prometheus created
Waiting for deployment "prometheus" rollout to finish: 0 of 1 updated replicas are available...
deployment "prometheus" successfully rolled out

============================================================
  5. Building Docker Images
============================================================
#0 building with "default" instance using docker driver

#1 [internal] load build definition from Dockerfile
#1 transferring dockerfile: 200B done
#1 DONE 0.0s

#2 [auth] library/python:pull token for registry-1.docker.io
#2 DONE 0.0s

#3 [internal] load metadata for docker.io/library/python:3.11-slim
#3 DONE 1.2s

#4 [internal] load .dockerignore
#4 transferring context: 2B done
#4 DONE 0.0s

#5 [1/4] FROM docker.io/library/python:3.11-slim@sha256:f9fa7f851e38bfb19c9de3afbc4b86ae7176ea7aaf94535c31df5458d5849457
#5 resolve docker.io/library/python:3.11-slim@sha256:f9fa7f851e38bfb19c9de3afbc4b86ae7176ea7aaf94535c31df5458d5849457 0.0s done
#5 DONE 0.0s

#6 [internal] load build context
#6 transferring context: 31B done
#6 DONE 0.0s

#7 [2/4] WORKDIR /app
#7 CACHED

#8 [3/4] COPY server.py .
#8 CACHED

#9 [4/4] RUN pip install websockets aiohttp prometheus_client
#9 CACHED

#10 exporting to image
#10 exporting layers done
#10 exporting manifest sha256:a7b2d10e97d7b680fb34bc9bb14694bf2c786f085aa2dc26043661d531ee9905 done
#10 exporting config sha256:1c40956e18bd23d87f95b5955f137f90265ce679282cb4712ef60c99edc7d33b done
#10 exporting attestation manifest sha256:d5477672f389612f1a0323ff97f47de41ea1b6aac452f7430121f044803a2b96 0.0s done
#10 exporting manifest list sha256:56b4c0c9da3344128503f191ba0543c954ae5bdd42f80114526a1af9e77c251a done
#10 naming to docker.io/library/websocket-server-instrumented:latest done
#10 unpacking to docker.io/library/websocket-server-instrumented:latest done
#10 DONE 0.1s
Image: "websocket-server-instrumented:latest" with ID "sha256:56b4c0c9da3344128503f191ba0543c954ae5bdd42f80114526a1af9e77c251a" not yet present on node "stateful-exp-control-plane", loading...
Image: "websocket-server-instrumented:latest" with ID "sha256:56b4c0c9da3344128503f191ba0543c954ae5bdd42f80114526a1af9e77c251a" not yet present on node "stateful-exp-worker", loading...
#0 building with "default" instance using docker driver

#1 [internal] load build definition from Dockerfile
#1 transferring dockerfile: 153B done
#1 DONE 0.0s

#2 [internal] load metadata for docker.io/library/python:3.11-slim
#2 DONE 0.3s

#3 [internal] load .dockerignore
#3 transferring context: 2B done
#3 DONE 0.0s

#4 [1/4] FROM docker.io/library/python:3.11-slim@sha256:f9fa7f851e38bfb19c9de3afbc4b86ae7176ea7aaf94535c31df5458d5849457
#4 resolve docker.io/library/python:3.11-slim@sha256:f9fa7f851e38bfb19c9de3afbc4b86ae7176ea7aaf94535c31df5458d5849457 0.0s done
#4 DONE 0.0s

#5 [internal] load build context
#5 transferring context: 31B done
#5 DONE 0.0s

#6 [2/4] WORKDIR /app
#6 CACHED

#7 [3/4] COPY client.py .
#7 CACHED

#8 [4/4] RUN pip install websockets numpy
#8 CACHED

#9 exporting to image
#9 exporting layers done
#9 exporting manifest sha256:91cfd3317719b5b19e6284fd3d9b3d49da45f045fd4c730032004a0691686ecb done
#9 exporting config sha256:b3bcceff6fed730c57676a791815fbb083c6ac6deb873d9654fcb132a38e2039 done
#9 exporting attestation manifest sha256:4c23346f996986a4ea226e16d828226e63793521d0dd1a40018c7517f4d2a1e3 0.0s done
#9 exporting manifest list sha256:0ce3b928adbea56c8774867aadb2fe4de9702abeb169615a39484356c5cae2d8 done
#9 naming to docker.io/library/websocket-loadgen:latest done
#9 unpacking to docker.io/library/websocket-loadgen:latest done
#9 DONE 0.1s
Image: "websocket-loadgen:latest" with ID "sha256:0ce3b928adbea56c8774867aadb2fe4de9702abeb169615a39484356c5cae2d8" not yet present on node "stateful-exp-control-plane", loading...
Image: "websocket-loadgen:latest" with ID "sha256:0ce3b928adbea56c8774867aadb2fe4de9702abeb169615a39484356c5cae2d8" not yet present on node "stateful-exp-worker", loading...

============================================================
  6. Deploying WebSocket Workload
============================================================
deployment.apps/websocket-server created
service/websocket-service created
pod/websocket-server-8585946c55-kmldg condition met
pod/websocket-server-8585946c55-mk2fl condition met

============================================================
  7. Applying HPA (scaleDown window: 60s)
============================================================
horizontalpodautoscaler.autoscaling/websocket-hpa created
[01:30:44] HPA applied (scaleDown window: 60s).

============================================================
  8. Waiting for HPA Metrics
============================================================

============================================================
  9. Prometheus Port-Forward
============================================================

============================================================
  10. Starting Metric Collectors
============================================================

============================================================
  11. Running Load Phases
============================================================
[01:31:21] PHASE: CONNECT -- 800 clients, CPU_WORK=1, 120s
job.batch/websocket-loadgen created
[01:31:23]   [CONNECT +0s] replicas=2 cpu=1% connections=0
[01:31:38]   [CONNECT +15s] replicas=2 cpu=1% connections=56
[01:31:53]   [CONNECT +30s] replicas=2 cpu=1% connections=186
[01:32:08]   [CONNECT +45s] replicas=2 cpu=17% connections=316
[01:32:23]   [CONNECT +60s] replicas=2 cpu=59% connections=449
[01:32:39]   [CONNECT +75s] replicas=2 cpu=99% connections=583
[01:32:54]   [CONNECT +90s] replicas=4 cpu=142% connections=712
[01:33:09]   [CONNECT +105s] replicas=5 cpu=155% connections=800
[01:33:24] PHASE: IDLE GAP -- 120s (window=60s)
[01:33:24]   [IDLE_GAP +0s] replicas=5 connections=800
[01:33:39]   [IDLE_GAP +15s] replicas=7 connections=800
[01:33:54]   [IDLE_GAP +30s] replicas=7 connections=800
[01:34:09]   [IDLE_GAP +45s] replicas=7 connections=800
[01:34:24]   [IDLE_GAP +60s] replicas=7 connections=800
[01:34:39]   [IDLE_GAP +75s] replicas=7 connections=800
[01:34:54]   [IDLE_GAP +90s] replicas=7 connections=800
[01:35:09]   [IDLE_GAP +105s] replicas=3 connections=800
[01:35:39] Result: survived=true loss=7.4% (before=800 after=741)

============================================================
  12. Stopping Collectors
============================================================

============================================================
  13. Running Analysis
============================================================
Parsing experiment-b3 logs...
  Parsed cpu.csv: 55 rows
  Parsed replicas.csv: 55 rows
  Parsed connections.csv: 55 rows
  Wrote summary.csv → /home/abhas/node/STAR/future-work/results/processed/websocket/experiment-b3-tuning/window60s_gap120s/run_3/summary.csv
  Summary: pod_seconds=1169.0  scale_up=61.0s  peak_replicas=7.0
Experiment-B3 log parsing complete.

============================================================
  14. Deleting Kind Cluster
============================================================
Deleting cluster "stateful-exp" ...
Deleted nodes: ["stateful-exp-control-plane" "stateful-exp-worker"]

============================================================
  Done — Window=60s Gap=120s Survived=true
============================================================
[CLEANUP] Stopping background processes...

=== STARTING: window120s_gap105s (safe) — Run 1/3 ===

============================================================
  1. Setup — Window=120s, Gap=105s, Run=1
============================================================

============================================================
  2. Creating Fresh Kind Cluster
============================================================
Creating cluster "stateful-exp" ...
 • Ensuring node image (kindest/node:v1.31.6) 🖼  ...
 ✓ Ensuring node image (kindest/node:v1.31.6) 🖼
 • Preparing nodes 📦 📦   ...
 ✓ Preparing nodes 📦 📦
 • Writing configuration 📜  ...
 ✓ Writing configuration 📜
 • Starting control-plane 🕹️  ...
 ✓ Starting control-plane 🕹️
 • Installing CNI 🔌  ...
 ✓ Installing CNI 🔌
 • Installing StorageClass 💾  ...
 ✓ Installing StorageClass 💾
 • Joining worker nodes 🚜  ...
 ✓ Joining worker nodes 🚜
Set kubectl context to "kind-stateful-exp"
You can now use your cluster with:

kubectl cluster-info --context kind-stateful-exp

Have a nice day! 👋
[01:36:00] Kind cluster created.

============================================================
  3. Installing Metrics Server
============================================================
serviceaccount/metrics-server created
clusterrole.rbac.authorization.k8s.io/system:aggregated-metrics-reader created
clusterrole.rbac.authorization.k8s.io/system:metrics-server created
rolebinding.rbac.authorization.k8s.io/metrics-server-auth-reader created
clusterrolebinding.rbac.authorization.k8s.io/metrics-server:system:auth-delegator created
clusterrolebinding.rbac.authorization.k8s.io/system:metrics-server created
service/metrics-server created
deployment.apps/metrics-server created
apiservice.apiregistration.k8s.io/v1beta1.metrics.k8s.io created
deployment.apps/metrics-server patched
Waiting for deployment "metrics-server" rollout to finish: 1 old replicas are pending termination...
Waiting for deployment "metrics-server" rollout to finish: 1 old replicas are pending termination...
Waiting for deployment "metrics-server" rollout to finish: 1 old replicas are pending termination...
deployment "metrics-server" successfully rolled out
[01:36:48] Metrics API ready (5s).

============================================================
  4. Deploying Prometheus
============================================================
namespace/monitoring created
serviceaccount/prometheus created
clusterrole.rbac.authorization.k8s.io/prometheus created
clusterrolebinding.rbac.authorization.k8s.io/prometheus created
configmap/prometheus-config created
deployment.apps/prometheus created
service/prometheus created
Waiting for deployment "prometheus" rollout to finish: 0 of 1 updated replicas are available...
deployment "prometheus" successfully rolled out

============================================================
  5. Building Docker Images
============================================================
#0 building with "default" instance using docker driver

#1 [internal] load build definition from Dockerfile
#1 transferring dockerfile: 200B done
#1 DONE 0.0s

#2 [auth] library/python:pull token for registry-1.docker.io
#2 DONE 0.0s

#3 [internal] load metadata for docker.io/library/python:3.11-slim
#3 DONE 1.3s

#4 [internal] load .dockerignore
#4 transferring context: 2B done
#4 DONE 0.0s

#5 [1/4] FROM docker.io/library/python:3.11-slim@sha256:f9fa7f851e38bfb19c9de3afbc4b86ae7176ea7aaf94535c31df5458d5849457
#5 resolve docker.io/library/python:3.11-slim@sha256:f9fa7f851e38bfb19c9de3afbc4b86ae7176ea7aaf94535c31df5458d5849457 0.0s done
#5 DONE 0.0s

#6 [internal] load build context
#6 transferring context: 31B done
#6 DONE 0.0s

#7 [2/4] WORKDIR /app
#7 CACHED

#8 [3/4] COPY server.py .
#8 CACHED

#9 [4/4] RUN pip install websockets aiohttp prometheus_client
#9 CACHED

#10 exporting to image
#10 exporting layers done
#10 exporting manifest sha256:a7b2d10e97d7b680fb34bc9bb14694bf2c786f085aa2dc26043661d531ee9905 done
#10 exporting config sha256:1c40956e18bd23d87f95b5955f137f90265ce679282cb4712ef60c99edc7d33b done
#10 exporting attestation manifest sha256:9f498e0bb8b40852436df5e04f153686a4dd2f6c4588fec64f58254dc6810fa5 0.0s done
#10 exporting manifest list sha256:e307f5fd789ac32aee39a4ebf12fca5b7d724232b04d2fd7317027bf0d9b9c08 0.0s done
#10 naming to docker.io/library/websocket-server-instrumented:latest done
#10 unpacking to docker.io/library/websocket-server-instrumented:latest done
#10 DONE 0.1s
Image: "websocket-server-instrumented:latest" with ID "sha256:e307f5fd789ac32aee39a4ebf12fca5b7d724232b04d2fd7317027bf0d9b9c08" not yet present on node "stateful-exp-worker", loading...
Image: "websocket-server-instrumented:latest" with ID "sha256:e307f5fd789ac32aee39a4ebf12fca5b7d724232b04d2fd7317027bf0d9b9c08" not yet present on node "stateful-exp-control-plane", loading...
#0 building with "default" instance using docker driver

#1 [internal] load build definition from Dockerfile
#1 transferring dockerfile: 153B done
#1 DONE 0.0s

#2 [internal] load metadata for docker.io/library/python:3.11-slim
#2 DONE 0.3s

#3 [internal] load .dockerignore
#3 transferring context: 2B done
#3 DONE 0.0s

#4 [1/4] FROM docker.io/library/python:3.11-slim@sha256:f9fa7f851e38bfb19c9de3afbc4b86ae7176ea7aaf94535c31df5458d5849457
#4 resolve docker.io/library/python:3.11-slim@sha256:f9fa7f851e38bfb19c9de3afbc4b86ae7176ea7aaf94535c31df5458d5849457 0.0s done
#4 DONE 0.0s

#5 [internal] load build context
#5 transferring context: 31B done
#5 DONE 0.0s

#6 [2/4] WORKDIR /app
#6 CACHED

#7 [3/4] COPY client.py .
#7 CACHED

#8 [4/4] RUN pip install websockets numpy
#8 CACHED

#9 exporting to image
#9 exporting layers done
#9 exporting manifest sha256:91cfd3317719b5b19e6284fd3d9b3d49da45f045fd4c730032004a0691686ecb done
#9 exporting config sha256:b3bcceff6fed730c57676a791815fbb083c6ac6deb873d9654fcb132a38e2039 done
#9 exporting attestation manifest sha256:a4a1b62753ea2cf5729614340ae510a700e2d786301e152f3cf0c52af4f12321 0.0s done
#9 exporting manifest list sha256:7e3b6204de84876f33ff001cc8742c5861429c6865bd66fd5f1c2a452ad19953 done
#9 naming to docker.io/library/websocket-loadgen:latest done
#9 unpacking to docker.io/library/websocket-loadgen:latest done
#9 DONE 0.1s
Image: "websocket-loadgen:latest" with ID "sha256:7e3b6204de84876f33ff001cc8742c5861429c6865bd66fd5f1c2a452ad19953" not yet present on node "stateful-exp-worker", loading...
Image: "websocket-loadgen:latest" with ID "sha256:7e3b6204de84876f33ff001cc8742c5861429c6865bd66fd5f1c2a452ad19953" not yet present on node "stateful-exp-control-plane", loading...

============================================================
  6. Deploying WebSocket Workload
============================================================
deployment.apps/websocket-server created
service/websocket-service created
pod/websocket-server-8585946c55-8hxnx condition met
pod/websocket-server-8585946c55-hrm5v condition met

============================================================
  7. Applying HPA (scaleDown window: 120s)
============================================================
horizontalpodautoscaler.autoscaling/websocket-hpa created
[01:37:31] HPA applied (scaleDown window: 120s).

============================================================
  8. Waiting for HPA Metrics
============================================================

============================================================
  9. Prometheus Port-Forward
============================================================

============================================================
  10. Starting Metric Collectors
============================================================

============================================================
  11. Running Load Phases
============================================================
[01:38:19] PHASE: CONNECT -- 800 clients, CPU_WORK=1, 120s
job.batch/websocket-loadgen created
[01:38:21]   [CONNECT +0s] replicas=2 cpu=1% connections=0
[01:38:36]   [CONNECT +15s] replicas=2 cpu=0% connections=88
[01:38:51]   [CONNECT +30s] replicas=2 cpu=5% connections=216
[01:39:06]   [CONNECT +45s] replicas=2 cpu=46% connections=348
[01:39:21]   [CONNECT +60s] replicas=2 cpu=92% connections=477
[01:39:36]   [CONNECT +75s] replicas=4 cpu=131% connections=596
[01:39:51]   [CONNECT +90s] replicas=4 cpu=151% connections=729
[01:40:06]   [CONNECT +105s] replicas=5 cpu=96% connections=800
[01:40:21] PHASE: IDLE GAP -- 105s (window=120s)
[01:40:21]   [IDLE_GAP +0s] replicas=7 connections=800
[01:40:36]   [IDLE_GAP +15s] replicas=8 connections=800
[01:40:51]   [IDLE_GAP +30s] replicas=8 connections=800
[01:41:07]   [IDLE_GAP +45s] replicas=8 connections=800
[01:41:22]   [IDLE_GAP +60s] replicas=8 connections=800
[01:41:37]   [IDLE_GAP +75s] replicas=8 connections=800
[01:41:52]   [IDLE_GAP +90s] replicas=8 connections=800
[01:42:22] Result: survived=true loss=0.0% (before=800 after=800)

============================================================
  12. Stopping Collectors
============================================================

============================================================
  13. Running Analysis
============================================================
Parsing experiment-b3 logs...
  Parsed cpu.csv: 52 rows
  Parsed replicas.csv: 52 rows
  Parsed connections.csv: 52 rows
  Wrote summary.csv → /home/abhas/node/STAR/future-work/results/processed/websocket/experiment-b3-tuning/window120s_gap105s/run_1/summary.csv
  Summary: pod_seconds=1372.0  scale_up=55.0s  peak_replicas=8.0
Experiment-B3 log parsing complete.

============================================================
  14. Deleting Kind Cluster
============================================================
Deleting cluster "stateful-exp" ...
Deleted nodes: ["stateful-exp-worker" "stateful-exp-control-plane"]

============================================================
  Done — Window=120s Gap=105s Survived=true
============================================================
[CLEANUP] Stopping background processes...

=== STARTING: window120s_gap105s (safe) — Run 2/3 ===

============================================================
  1. Setup — Window=120s, Gap=105s, Run=2
============================================================

============================================================
  2. Creating Fresh Kind Cluster
============================================================
Creating cluster "stateful-exp" ...
 • Ensuring node image (kindest/node:v1.31.6) 🖼  ...
 ✓ Ensuring node image (kindest/node:v1.31.6) 🖼
 • Preparing nodes 📦 📦   ...
 ✓ Preparing nodes 📦 📦
 • Writing configuration 📜  ...
 ✓ Writing configuration 📜
 • Starting control-plane 🕹️  ...
 ✓ Starting control-plane 🕹️
 • Installing CNI 🔌  ...
 ✓ Installing CNI 🔌
 • Installing StorageClass 💾  ...
 ✓ Installing StorageClass 💾
 • Joining worker nodes 🚜  ...
 ✓ Joining worker nodes 🚜
Set kubectl context to "kind-stateful-exp"
You can now use your cluster with:

kubectl cluster-info --context kind-stateful-exp

Thanks for using kind! 😊
[01:42:43] Kind cluster created.

============================================================
  3. Installing Metrics Server
============================================================
serviceaccount/metrics-server created
clusterrole.rbac.authorization.k8s.io/system:aggregated-metrics-reader created
clusterrole.rbac.authorization.k8s.io/system:metrics-server created
rolebinding.rbac.authorization.k8s.io/metrics-server-auth-reader created
clusterrolebinding.rbac.authorization.k8s.io/metrics-server:system:auth-delegator created
clusterrolebinding.rbac.authorization.k8s.io/system:metrics-server created
service/metrics-server created
deployment.apps/metrics-server created
apiservice.apiregistration.k8s.io/v1beta1.metrics.k8s.io created
deployment.apps/metrics-server patched
Waiting for deployment "metrics-server" rollout to finish: 1 old replicas are pending termination...
Waiting for deployment "metrics-server" rollout to finish: 1 old replicas are pending termination...
Waiting for deployment "metrics-server" rollout to finish: 1 old replicas are pending termination...
deployment "metrics-server" successfully rolled out
[01:43:26] Metrics API ready (0s).

============================================================
  4. Deploying Prometheus
============================================================
namespace/monitoring created
serviceaccount/prometheus created
clusterrole.rbac.authorization.k8s.io/prometheus created
clusterrolebinding.rbac.authorization.k8s.io/prometheus created
configmap/prometheus-config created
deployment.apps/prometheus created
service/prometheus created
Waiting for deployment "prometheus" rollout to finish: 0 of 1 updated replicas are available...
deployment "prometheus" successfully rolled out

============================================================
  5. Building Docker Images
============================================================
#0 building with "default" instance using docker driver

#1 [internal] load build definition from Dockerfile
#1 transferring dockerfile: 200B done
#1 DONE 0.0s

#2 [auth] library/python:pull token for registry-1.docker.io
#2 DONE 0.0s

#3 [internal] load metadata for docker.io/library/python:3.11-slim
#3 DONE 1.3s

#4 [internal] load .dockerignore
#4 transferring context: 2B done
#4 DONE 0.0s

#5 [1/4] FROM docker.io/library/python:3.11-slim@sha256:f9fa7f851e38bfb19c9de3afbc4b86ae7176ea7aaf94535c31df5458d5849457
#5 resolve docker.io/library/python:3.11-slim@sha256:f9fa7f851e38bfb19c9de3afbc4b86ae7176ea7aaf94535c31df5458d5849457 0.0s done
#5 DONE 0.0s

#6 [internal] load build context
#6 transferring context: 31B done
#6 DONE 0.0s

#7 [2/4] WORKDIR /app
#7 CACHED

#8 [3/4] COPY server.py .
#8 CACHED

#9 [4/4] RUN pip install websockets aiohttp prometheus_client
#9 CACHED

#10 exporting to image
#10 exporting layers done
#10 exporting manifest sha256:a7b2d10e97d7b680fb34bc9bb14694bf2c786f085aa2dc26043661d531ee9905 done
#10 exporting config sha256:1c40956e18bd23d87f95b5955f137f90265ce679282cb4712ef60c99edc7d33b done
#10 exporting attestation manifest sha256:1f0856732644f8d43f8a7f62676c1232ebd18cc0bf1161f6aaee024c2f07b20c 0.0s done
#10 exporting manifest list sha256:a2502fb993c92d687a0fd20c6f5fe29145679e189f9677db77ed7ef00a8b29f5 done
#10 naming to docker.io/library/websocket-server-instrumented:latest
#10 naming to docker.io/library/websocket-server-instrumented:latest done
#10 unpacking to docker.io/library/websocket-server-instrumented:latest done
#10 DONE 0.1s
Image: "websocket-server-instrumented:latest" with ID "sha256:a2502fb993c92d687a0fd20c6f5fe29145679e189f9677db77ed7ef00a8b29f5" not yet present on node "stateful-exp-control-plane", loading...
Image: "websocket-server-instrumented:latest" with ID "sha256:a2502fb993c92d687a0fd20c6f5fe29145679e189f9677db77ed7ef00a8b29f5" not yet present on node "stateful-exp-worker", loading...
#0 building with "default" instance using docker driver

#1 [internal] load build definition from Dockerfile
#1 transferring dockerfile: 153B done
#1 DONE 0.0s

#2 [internal] load metadata for docker.io/library/python:3.11-slim
#2 DONE 0.3s

#3 [internal] load .dockerignore
#3 transferring context: 2B done
#3 DONE 0.0s

#4 [1/4] FROM docker.io/library/python:3.11-slim@sha256:f9fa7f851e38bfb19c9de3afbc4b86ae7176ea7aaf94535c31df5458d5849457
#4 resolve docker.io/library/python:3.11-slim@sha256:f9fa7f851e38bfb19c9de3afbc4b86ae7176ea7aaf94535c31df5458d5849457 0.0s done
#4 DONE 0.0s

#5 [internal] load build context
#5 transferring context: 31B done
#5 DONE 0.0s

#6 [2/4] WORKDIR /app
#6 CACHED

#7 [3/4] COPY client.py .
#7 CACHED

#8 [4/4] RUN pip install websockets numpy
#8 CACHED

#9 exporting to image
#9 exporting layers done
#9 exporting manifest sha256:91cfd3317719b5b19e6284fd3d9b3d49da45f045fd4c730032004a0691686ecb done
#9 exporting config sha256:b3bcceff6fed730c57676a791815fbb083c6ac6deb873d9654fcb132a38e2039 done
#9 exporting attestation manifest sha256:ad3b9dd9e87be5ab14b98f3420346d6718d1a7c1760e3043ae360b134ec317a9 0.0s done
#9 exporting manifest list sha256:ceb0ef4a420e550051d791896a072e6acc123de188f66e797b5179fd00c4668a 0.0s done
#9 naming to docker.io/library/websocket-loadgen:latest done
#9 unpacking to docker.io/library/websocket-loadgen:latest
#9 unpacking to docker.io/library/websocket-loadgen:latest done
#9 DONE 0.1s
Image: "websocket-loadgen:latest" with ID "sha256:ceb0ef4a420e550051d791896a072e6acc123de188f66e797b5179fd00c4668a" not yet present on node "stateful-exp-control-plane", loading...
Image: "websocket-loadgen:latest" with ID "sha256:ceb0ef4a420e550051d791896a072e6acc123de188f66e797b5179fd00c4668a" not yet present on node "stateful-exp-worker", loading...

============================================================
  6. Deploying WebSocket Workload
============================================================
deployment.apps/websocket-server created
service/websocket-service created
pod/websocket-server-8585946c55-45mg9 condition met
pod/websocket-server-8585946c55-h55vz condition met

============================================================
  7. Applying HPA (scaleDown window: 120s)
============================================================
horizontalpodautoscaler.autoscaling/websocket-hpa created
[01:44:08] HPA applied (scaleDown window: 120s).

============================================================
  8. Waiting for HPA Metrics
============================================================

============================================================
  9. Prometheus Port-Forward
============================================================

============================================================
  10. Starting Metric Collectors
============================================================

============================================================
  11. Running Load Phases
============================================================
[01:44:45] PHASE: CONNECT -- 800 clients, CPU_WORK=1, 120s
job.batch/websocket-loadgen created
[01:44:47]   [CONNECT +0s] replicas=2 cpu=0% connections=0
[01:45:02]   [CONNECT +15s] replicas=2 cpu=1% connections=55
[01:45:17]   [CONNECT +30s] replicas=2 cpu=5% connections=185
[01:45:32]   [CONNECT +45s] replicas=2 cpu=37% connections=312
[01:45:47]   [CONNECT +60s] replicas=2 cpu=72% connections=496
[01:46:03]   [CONNECT +75s] replicas=3 cpu=109% connections=628
[01:46:18]   [CONNECT +90s] replicas=4 cpu=104% connections=739
[01:46:33]   [CONNECT +105s] replicas=6 cpu=99% connections=800
[01:46:48] PHASE: IDLE GAP -- 105s (window=120s)
[01:46:48]   [IDLE_GAP +0s] replicas=7 connections=800
[01:47:03]   [IDLE_GAP +15s] replicas=7 connections=800
[01:47:18]   [IDLE_GAP +30s] replicas=7 connections=800
[01:47:33]   [IDLE_GAP +45s] replicas=7 connections=800
[01:47:48]   [IDLE_GAP +60s] replicas=7 connections=800
[01:48:03]   [IDLE_GAP +75s] replicas=7 connections=800
[01:48:18]   [IDLE_GAP +90s] replicas=7 connections=800
[01:48:48] Result: survived=true loss=0.0% (before=800 after=800)

============================================================
  12. Stopping Collectors
============================================================

============================================================
  13. Running Analysis
============================================================
Parsing experiment-b3 logs...
  Parsed cpu.csv: 52 rows
  Parsed replicas.csv: 52 rows
  Parsed connections.csv: 52 rows
  Wrote summary.csv → /home/abhas/node/STAR/future-work/results/processed/websocket/experiment-b3-tuning/window120s_gap105s/run_2/summary.csv
  Summary: pod_seconds=1284.0  scale_up=56.0s  peak_replicas=7.0
Experiment-B3 log parsing complete.

============================================================
  14. Deleting Kind Cluster
============================================================
Deleting cluster "stateful-exp" ...
Deleted nodes: ["stateful-exp-control-plane" "stateful-exp-worker"]

============================================================
  Done — Window=120s Gap=105s Survived=true
============================================================
[CLEANUP] Stopping background processes...

=== STARTING: window120s_gap105s (safe) — Run 3/3 ===

============================================================
  1. Setup — Window=120s, Gap=105s, Run=3
============================================================

============================================================
  2. Creating Fresh Kind Cluster
============================================================
Creating cluster "stateful-exp" ...
 • Ensuring node image (kindest/node:v1.31.6) 🖼  ...
 ✓ Ensuring node image (kindest/node:v1.31.6) 🖼
 • Preparing nodes 📦 📦   ...
 ✓ Preparing nodes 📦 📦
 • Writing configuration 📜  ...
 ✓ Writing configuration 📜
 • Starting control-plane 🕹️  ...
 ✓ Starting control-plane 🕹️
 • Installing CNI 🔌  ...
 ✓ Installing CNI 🔌
 • Installing StorageClass 💾  ...
 ✓ Installing StorageClass 💾
 • Joining worker nodes 🚜  ...
 ✓ Joining worker nodes 🚜
Set kubectl context to "kind-stateful-exp"
You can now use your cluster with:

kubectl cluster-info --context kind-stateful-exp

Have a question, bug, or feature request? Let us know! https://kind.sigs.k8s.io/#community 🙂
[01:49:15] Kind cluster created.

============================================================
  3. Installing Metrics Server
============================================================
serviceaccount/metrics-server created
clusterrole.rbac.authorization.k8s.io/system:aggregated-metrics-reader created
clusterrole.rbac.authorization.k8s.io/system:metrics-server created
rolebinding.rbac.authorization.k8s.io/metrics-server-auth-reader created
clusterrolebinding.rbac.authorization.k8s.io/metrics-server:system:auth-delegator created
clusterrolebinding.rbac.authorization.k8s.io/system:metrics-server created
service/metrics-server created
deployment.apps/metrics-server created
apiservice.apiregistration.k8s.io/v1beta1.metrics.k8s.io created
deployment.apps/metrics-server patched
Waiting for deployment "metrics-server" rollout to finish: 1 old replicas are pending termination...
Waiting for deployment "metrics-server" rollout to finish: 1 old replicas are pending termination...
Waiting for deployment "metrics-server" rollout to finish: 1 old replicas are pending termination...
deployment "metrics-server" successfully rolled out
[01:50:03] Metrics API ready (5s).

============================================================
  4. Deploying Prometheus
============================================================
namespace/monitoring created
serviceaccount/prometheus created
clusterrole.rbac.authorization.k8s.io/prometheus created
clusterrolebinding.rbac.authorization.k8s.io/prometheus created
configmap/prometheus-config created
deployment.apps/prometheus created
service/prometheus created
Waiting for deployment "prometheus" rollout to finish: 0 of 1 updated replicas are available...
deployment "prometheus" successfully rolled out

============================================================
  5. Building Docker Images
============================================================
#0 building with "default" instance using docker driver

#1 [internal] load build definition from Dockerfile
#1 transferring dockerfile: 200B done
#1 DONE 0.0s

#2 [auth] library/python:pull token for registry-1.docker.io
#2 DONE 0.0s

#3 [internal] load metadata for docker.io/library/python:3.11-slim
#3 DONE 1.3s

#4 [internal] load .dockerignore
#4 transferring context: 2B done
#4 DONE 0.0s

#5 [1/4] FROM docker.io/library/python:3.11-slim@sha256:f9fa7f851e38bfb19c9de3afbc4b86ae7176ea7aaf94535c31df5458d5849457
#5 resolve docker.io/library/python:3.11-slim@sha256:f9fa7f851e38bfb19c9de3afbc4b86ae7176ea7aaf94535c31df5458d5849457 0.0s done
#5 DONE 0.0s

#6 [internal] load build context
#6 transferring context: 31B done
#6 DONE 0.0s

#7 [2/4] WORKDIR /app
#7 CACHED

#8 [3/4] COPY server.py .
#8 CACHED

#9 [4/4] RUN pip install websockets aiohttp prometheus_client
#9 CACHED

#10 exporting to image
#10 exporting layers done
#10 exporting manifest sha256:a7b2d10e97d7b680fb34bc9bb14694bf2c786f085aa2dc26043661d531ee9905 done
#10 exporting config sha256:1c40956e18bd23d87f95b5955f137f90265ce679282cb4712ef60c99edc7d33b done
#10 exporting attestation manifest sha256:9aa6b0e3f7964f72c5c34dd2cf055ecbd93001182887f600bc7168cbe50971ac 0.0s done
#10 exporting manifest list sha256:dd74eb3d18ad681cf65252cea622d5a10968f3b5a9bdf67cbaeefdb8eee0d6a4 done
#10 naming to docker.io/library/websocket-server-instrumented:latest done
#10 unpacking to docker.io/library/websocket-server-instrumented:latest done
#10 DONE 0.1s
Image: "websocket-server-instrumented:latest" with ID "sha256:dd74eb3d18ad681cf65252cea622d5a10968f3b5a9bdf67cbaeefdb8eee0d6a4" not yet present on node "stateful-exp-worker", loading...
Image: "websocket-server-instrumented:latest" with ID "sha256:dd74eb3d18ad681cf65252cea622d5a10968f3b5a9bdf67cbaeefdb8eee0d6a4" not yet present on node "stateful-exp-control-plane", loading...
#0 building with "default" instance using docker driver

#1 [internal] load build definition from Dockerfile
#1 transferring dockerfile: 153B done
#1 DONE 0.0s

#2 [internal] load metadata for docker.io/library/python:3.11-slim
#2 DONE 0.3s

#3 [internal] load .dockerignore
#3 transferring context: 2B done
#3 DONE 0.0s

#4 [1/4] FROM docker.io/library/python:3.11-slim@sha256:f9fa7f851e38bfb19c9de3afbc4b86ae7176ea7aaf94535c31df5458d5849457
#4 resolve docker.io/library/python:3.11-slim@sha256:f9fa7f851e38bfb19c9de3afbc4b86ae7176ea7aaf94535c31df5458d5849457 0.0s done
#4 DONE 0.0s

#5 [internal] load build context
#5 transferring context: 31B done
#5 DONE 0.0s

#6 [2/4] WORKDIR /app
#6 CACHED

#7 [3/4] COPY client.py .
#7 CACHED

#8 [4/4] RUN pip install websockets numpy
#8 CACHED

#9 exporting to image
#9 exporting layers done
#9 exporting manifest sha256:91cfd3317719b5b19e6284fd3d9b3d49da45f045fd4c730032004a0691686ecb done
#9 exporting config sha256:b3bcceff6fed730c57676a791815fbb083c6ac6deb873d9654fcb132a38e2039 done
#9 exporting attestation manifest sha256:d91b5fdd1f6d02106f526993cda55253a7a71c25a362c14693131db90b0cb7d5 0.0s done
#9 exporting manifest list sha256:dc52141c6893d916c275ff91006e51d2fa564718dd73ac9ed74528e81a6c762a done
#9 naming to docker.io/library/websocket-loadgen:latest done
#9 unpacking to docker.io/library/websocket-loadgen:latest done
#9 DONE 0.1s
Image: "websocket-loadgen:latest" with ID "sha256:dc52141c6893d916c275ff91006e51d2fa564718dd73ac9ed74528e81a6c762a" not yet present on node "stateful-exp-worker", loading...
Image: "websocket-loadgen:latest" with ID "sha256:dc52141c6893d916c275ff91006e51d2fa564718dd73ac9ed74528e81a6c762a" not yet present on node "stateful-exp-control-plane", loading...

============================================================
  6. Deploying WebSocket Workload
============================================================
deployment.apps/websocket-server created
service/websocket-service created
pod/websocket-server-8585946c55-5swxc condition met
pod/websocket-server-8585946c55-f6fxg condition met

============================================================
  7. Applying HPA (scaleDown window: 120s)
============================================================
horizontalpodautoscaler.autoscaling/websocket-hpa created
[01:50:46] HPA applied (scaleDown window: 120s).

============================================================
  8. Waiting for HPA Metrics
============================================================

============================================================
  9. Prometheus Port-Forward
============================================================

============================================================
  10. Starting Metric Collectors
============================================================

============================================================
  11. Running Load Phases
============================================================
[01:51:33] PHASE: CONNECT -- 800 clients, CPU_WORK=1, 120s
job.batch/websocket-loadgen created
[01:51:35]   [CONNECT +0s] replicas=2 cpu=1% connections=0
[01:51:50]   [CONNECT +15s] replicas=2 cpu=1% connections=49
[01:52:05]   [CONNECT +30s] replicas=2 cpu=5% connections=180
[01:52:20]   [CONNECT +45s] replicas=2 cpu=42% connections=312
[01:52:35]   [CONNECT +60s] replicas=2 cpu=87% connections=443
[01:52:50]   [CONNECT +75s] replicas=3 cpu=106% connections=579
[01:53:05]   [CONNECT +90s] replicas=4 cpu=98% connections=720
[01:53:21]   [CONNECT +105s] replicas=5 cpu=96% connections=795
[01:53:36] PHASE: IDLE GAP -- 105s (window=120s)
[01:53:36]   [IDLE_GAP +0s] replicas=7 connections=800
[01:53:51]   [IDLE_GAP +15s] replicas=7 connections=800
[01:54:06]   [IDLE_GAP +30s] replicas=7 connections=800
[01:54:21]   [IDLE_GAP +45s] replicas=7 connections=800
[01:54:36]   [IDLE_GAP +60s] replicas=7 connections=800
[01:54:51]   [IDLE_GAP +75s] replicas=7 connections=800
[01:55:06]   [IDLE_GAP +90s] replicas=7 connections=800
[01:55:36] Result: survived=true loss=-0.6% (before=795 after=800)

============================================================
  12. Stopping Collectors
============================================================

============================================================
  13. Running Analysis
============================================================
Parsing experiment-b3 logs...
  Parsed cpu.csv: 52 rows
  Parsed replicas.csv: 52 rows
  Parsed connections.csv: 52 rows
  Wrote summary.csv → /home/abhas/node/STAR/future-work/results/processed/websocket/experiment-b3-tuning/window120s_gap105s/run_3/summary.csv
  Summary: pod_seconds=1244.0  scale_up=51.0s  peak_replicas=7.0
Experiment-B3 log parsing complete.

============================================================
  14. Deleting Kind Cluster
============================================================
Deleting cluster "stateful-exp" ...
Deleted nodes: ["stateful-exp-worker" "stateful-exp-control-plane"]

============================================================
  Done — Window=120s Gap=105s Survived=true
============================================================
[CLEANUP] Stopping background processes...

=== STARTING: window120s_gap180s (fail) — Run 1/3 ===

============================================================
  1. Setup — Window=120s, Gap=180s, Run=1
============================================================

============================================================
  2. Creating Fresh Kind Cluster
============================================================
Creating cluster "stateful-exp" ...
 • Ensuring node image (kindest/node:v1.31.6) 🖼  ...
 ✓ Ensuring node image (kindest/node:v1.31.6) 🖼 
 • Preparing nodes 📦 📦   ...
 ✓ Preparing nodes 📦 📦
 • Writing configuration 📜  ...
 ✓ Writing configuration 📜
 • Starting control-plane 🕹️  ...
 ✓ Starting control-plane 🕹️
 • Installing CNI 🔌  ...
 ✓ Installing CNI 🔌
 • Installing StorageClass 💾  ...
 ✓ Installing StorageClass 💾
 • Joining worker nodes 🚜  ...
 ✓ Joining worker nodes 🚜
Set kubectl context to "kind-stateful-exp"
You can now use your cluster with:

kubectl cluster-info --context kind-stateful-exp

Not sure what to do next? 😅  Check out https://kind.sigs.k8s.io/docs/user/quick-start/
[01:56:02] Kind cluster created.

============================================================
  3. Installing Metrics Server
============================================================
serviceaccount/metrics-server created
clusterrole.rbac.authorization.k8s.io/system:aggregated-metrics-reader created
clusterrole.rbac.authorization.k8s.io/system:metrics-server created
rolebinding.rbac.authorization.k8s.io/metrics-server-auth-reader created
clusterrolebinding.rbac.authorization.k8s.io/metrics-server:system:auth-delegator created
clusterrolebinding.rbac.authorization.k8s.io/system:metrics-server created
service/metrics-server created
deployment.apps/metrics-server created
apiservice.apiregistration.k8s.io/v1beta1.metrics.k8s.io created
deployment.apps/metrics-server patched
Waiting for deployment "metrics-server" rollout to finish: 1 old replicas are pending termination...
Waiting for deployment "metrics-server" rollout to finish: 1 old replicas are pending termination...
Waiting for deployment "metrics-server" rollout to finish: 1 old replicas are pending termination...
deployment "metrics-server" successfully rolled out
[01:56:50] Metrics API ready (5s).

============================================================
  4. Deploying Prometheus
============================================================
namespace/monitoring created
serviceaccount/prometheus created
clusterrole.rbac.authorization.k8s.io/prometheus created
clusterrolebinding.rbac.authorization.k8s.io/prometheus created
configmap/prometheus-config created
deployment.apps/prometheus created
service/prometheus created
Waiting for deployment "prometheus" rollout to finish: 0 of 1 updated replicas are available...
deployment "prometheus" successfully rolled out

============================================================
  5. Building Docker Images
============================================================
#0 building with "default" instance using docker driver

#1 [internal] load build definition from Dockerfile
#1 transferring dockerfile: 200B done
#1 DONE 0.0s

#2 [auth] library/python:pull token for registry-1.docker.io
#2 DONE 0.0s

#3 [internal] load metadata for docker.io/library/python:3.11-slim
#3 DONE 1.4s

#4 [internal] load .dockerignore
#4 transferring context: 2B done
#4 DONE 0.0s

#5 [1/4] FROM docker.io/library/python:3.11-slim@sha256:f9fa7f851e38bfb19c9de3afbc4b86ae7176ea7aaf94535c31df5458d5849457
#5 resolve docker.io/library/python:3.11-slim@sha256:f9fa7f851e38bfb19c9de3afbc4b86ae7176ea7aaf94535c31df5458d5849457 0.0s done
#5 DONE 0.0s

#6 [internal] load build context
#6 transferring context: 31B done
#6 DONE 0.0s

#7 [2/4] WORKDIR /app
#7 CACHED

#8 [3/4] COPY server.py .
#8 CACHED

#9 [4/4] RUN pip install websockets aiohttp prometheus_client
#9 CACHED

#10 exporting to image
#10 exporting layers done
#10 exporting manifest sha256:a7b2d10e97d7b680fb34bc9bb14694bf2c786f085aa2dc26043661d531ee9905 done
#10 exporting config sha256:1c40956e18bd23d87f95b5955f137f90265ce679282cb4712ef60c99edc7d33b done
#10 exporting attestation manifest sha256:4bb39577813b405aa7412289438ba64cf9c9c9351c5c50e3185db496dd182bd6 0.0s done
#10 exporting manifest list sha256:b5ef20bc5607daa8316f5badc2c76fbc383a02c7e1981dd728ec9e110d811961 0.0s done
#10 naming to docker.io/library/websocket-server-instrumented:latest done
#10 unpacking to docker.io/library/websocket-server-instrumented:latest
#10 unpacking to docker.io/library/websocket-server-instrumented:latest done
#10 DONE 0.1s
Image: "websocket-server-instrumented:latest" with ID "sha256:b5ef20bc5607daa8316f5badc2c76fbc383a02c7e1981dd728ec9e110d811961" not yet present on node "stateful-exp-control-plane", loading...
Image: "websocket-server-instrumented:latest" with ID "sha256:b5ef20bc5607daa8316f5badc2c76fbc383a02c7e1981dd728ec9e110d811961" not yet present on node "stateful-exp-worker", loading...
#0 building with "default" instance using docker driver

#1 [internal] load build definition from Dockerfile
#1 DONE 0.0s

#1 [internal] load build definition from Dockerfile
#1 transferring dockerfile: 153B done
#1 DONE 0.0s

#2 [internal] load metadata for docker.io/library/python:3.11-slim
#2 DONE 0.4s

#3 [internal] load .dockerignore
#3 transferring context: 2B done
#3 DONE 0.0s

#4 [1/4] FROM docker.io/library/python:3.11-slim@sha256:f9fa7f851e38bfb19c9de3afbc4b86ae7176ea7aaf94535c31df5458d5849457
#4 resolve docker.io/library/python:3.11-slim@sha256:f9fa7f851e38bfb19c9de3afbc4b86ae7176ea7aaf94535c31df5458d5849457 0.0s done
#4 DONE 0.0s

#5 [internal] load build context
#5 transferring context: 31B done
#5 DONE 0.0s

#6 [2/4] WORKDIR /app
#6 CACHED

#7 [3/4] COPY client.py .
#7 CACHED

#8 [4/4] RUN pip install websockets numpy
#8 CACHED

#9 exporting to image
#9 exporting layers done
#9 exporting manifest sha256:91cfd3317719b5b19e6284fd3d9b3d49da45f045fd4c730032004a0691686ecb done
#9 exporting config sha256:b3bcceff6fed730c57676a791815fbb083c6ac6deb873d9654fcb132a38e2039 done
#9 exporting attestation manifest sha256:884ca2e9c1165be70e8b75862c93bfe09624b8979a24abdd09c2bb5a9f180560 0.0s done
#9 exporting manifest list sha256:aa283d5282596bc86c0f286fc3b13c9fa9e3b52f6d2c8a45103f1ee8595e8bc5 0.0s done
#9 naming to docker.io/library/websocket-loadgen:latest
#9 naming to docker.io/library/websocket-loadgen:latest done
#9 unpacking to docker.io/library/websocket-loadgen:latest done
#9 DONE 0.1s
Image: "websocket-loadgen:latest" with ID "sha256:aa283d5282596bc86c0f286fc3b13c9fa9e3b52f6d2c8a45103f1ee8595e8bc5" not yet present on node "stateful-exp-control-plane", loading...
Image: "websocket-loadgen:latest" with ID "sha256:aa283d5282596bc86c0f286fc3b13c9fa9e3b52f6d2c8a45103f1ee8595e8bc5" not yet present on node "stateful-exp-worker", loading...

============================================================
  6. Deploying WebSocket Workload
============================================================
deployment.apps/websocket-server created
service/websocket-service created
pod/websocket-server-8585946c55-d92p9 condition met
pod/websocket-server-8585946c55-kwc49 condition met

============================================================
  7. Applying HPA (scaleDown window: 120s)
============================================================
horizontalpodautoscaler.autoscaling/websocket-hpa created
[01:57:33] HPA applied (scaleDown window: 120s).

============================================================
  8. Waiting for HPA Metrics
============================================================

============================================================
  9. Prometheus Port-Forward
============================================================

============================================================
  10. Starting Metric Collectors
============================================================

============================================================
  11. Running Load Phases
============================================================
[01:58:20] PHASE: CONNECT -- 800 clients, CPU_WORK=1, 120s
job.batch/websocket-loadgen created
[01:58:23]   [CONNECT +0s] replicas=2 cpu=1% connections=0
[01:58:38]   [CONNECT +15s] replicas=2 cpu=1% connections=39
[01:58:53]   [CONNECT +30s] replicas=2 cpu=20% connections=173
[01:59:08]   [CONNECT +45s] replicas=2 cpu=35% connections=307
[01:59:23]   [CONNECT +60s] replicas=2 cpu=73% connections=429
[01:59:38]   [CONNECT +75s] replicas=3 cpu=111% connections=567
[01:59:53]   [CONNECT +90s] replicas=4 cpu=102% connections=730
[02:00:08]   [CONNECT +105s] replicas=6 cpu=100% connections=800
[02:00:23] PHASE: IDLE GAP -- 180s (window=120s)
[02:00:23]   [IDLE_GAP +0s] replicas=7 connections=800
[02:00:38]   [IDLE_GAP +15s] replicas=7 connections=800
[02:00:53]   [IDLE_GAP +30s] replicas=7 connections=800
[02:01:08]   [IDLE_GAP +45s] replicas=7 connections=800
[02:01:24]   [IDLE_GAP +60s] replicas=7 connections=800
[02:01:39]   [IDLE_GAP +75s] replicas=7 connections=800
[02:01:54]   [IDLE_GAP +90s] replicas=7 connections=800
[02:02:09]   [IDLE_GAP +105s] replicas=7 connections=800
[02:02:24]   [IDLE_GAP +120s] replicas=7 connections=800
[02:02:39]   [IDLE_GAP +135s] replicas=7 connections=800
[02:02:54]   [IDLE_GAP +150s] replicas=3 connections=800
[02:03:09]   [IDLE_GAP +165s] replicas=3 connections=800
[02:03:39] Result: survived=false loss=15.5% (before=800 after=676)

============================================================
  12. Stopping Collectors
============================================================

============================================================
  13. Running Analysis
============================================================
Parsing experiment-b3 logs...
  Parsed cpu.csv: 67 rows
  Parsed replicas.csv: 67 rows
  Parsed connections.csv: 67 rows
  Wrote summary.csv → /home/abhas/node/STAR/future-work/results/processed/websocket/experiment-b3-tuning/window120s_gap180s/run_1/summary.csv
  Summary: pod_seconds=1588.0  scale_up=55.0s  peak_replicas=7.0
Experiment-B3 log parsing complete.

============================================================
  14. Deleting Kind Cluster
============================================================
Deleting cluster "stateful-exp" ...
Deleted nodes: ["stateful-exp-control-plane" "stateful-exp-worker"]

============================================================
  Done — Window=120s Gap=180s Survived=false
============================================================
[CLEANUP] Stopping background processes...

=== STARTING: window120s_gap180s (fail) — Run 2/3 ===

============================================================
  1. Setup — Window=120s, Gap=180s, Run=2
============================================================

============================================================
  2. Creating Fresh Kind Cluster
============================================================
Creating cluster "stateful-exp" ...
 • Ensuring node image (kindest/node:v1.31.6) 🖼  ...
 ✓ Ensuring node image (kindest/node:v1.31.6) 🖼
 • Preparing nodes 📦 📦   ...
 ✓ Preparing nodes 📦 📦
 • Writing configuration 📜  ...
 ✓ Writing configuration 📜
 • Starting control-plane 🕹️  ...
 ✓ Starting control-plane 🕹️
 • Installing CNI 🔌  ...
 ✓ Installing CNI 🔌
 • Installing StorageClass 💾  ...
 ✓ Installing StorageClass 💾
 • Joining worker nodes 🚜  ...
 ✓ Joining worker nodes 🚜
Set kubectl context to "kind-stateful-exp"
You can now use your cluster with:

kubectl cluster-info --context kind-stateful-exp

Have a nice day! 👋
[02:03:59] Kind cluster created.

============================================================
  3. Installing Metrics Server
============================================================
serviceaccount/metrics-server created
clusterrole.rbac.authorization.k8s.io/system:aggregated-metrics-reader created
clusterrole.rbac.authorization.k8s.io/system:metrics-server created
rolebinding.rbac.authorization.k8s.io/metrics-server-auth-reader created
clusterrolebinding.rbac.authorization.k8s.io/metrics-server:system:auth-delegator created
clusterrolebinding.rbac.authorization.k8s.io/system:metrics-server created
service/metrics-server created
deployment.apps/metrics-server created
apiservice.apiregistration.k8s.io/v1beta1.metrics.k8s.io created
deployment.apps/metrics-server patched
Waiting for deployment "metrics-server" rollout to finish: 1 old replicas are pending termination...
Waiting for deployment "metrics-server" rollout to finish: 1 old replicas are pending termination...
Waiting for deployment "metrics-server" rollout to finish: 1 old replicas are pending termination...
deployment "metrics-server" successfully rolled out
[02:04:47] Metrics API ready (5s).

============================================================
  4. Deploying Prometheus
============================================================
namespace/monitoring created
serviceaccount/prometheus created
clusterrole.rbac.authorization.k8s.io/prometheus created
clusterrolebinding.rbac.authorization.k8s.io/prometheus created
configmap/prometheus-config created
deployment.apps/prometheus created
service/prometheus created
Waiting for deployment "prometheus" rollout to finish: 0 of 1 updated replicas are available...
deployment "prometheus" successfully rolled out

============================================================
  5. Building Docker Images
============================================================
#0 building with "default" instance using docker driver

#1 [internal] load build definition from Dockerfile
#1 transferring dockerfile: 200B done
#1 DONE 0.0s

#2 [auth] library/python:pull token for registry-1.docker.io
#2 DONE 0.0s

#3 [internal] load metadata for docker.io/library/python:3.11-slim
#3 DONE 1.3s

#4 [internal] load .dockerignore
#4 transferring context: 2B done
#4 DONE 0.0s

#5 [1/4] FROM docker.io/library/python:3.11-slim@sha256:f9fa7f851e38bfb19c9de3afbc4b86ae7176ea7aaf94535c31df5458d5849457
#5 resolve docker.io/library/python:3.11-slim@sha256:f9fa7f851e38bfb19c9de3afbc4b86ae7176ea7aaf94535c31df5458d5849457 0.0s done
#5 DONE 0.0s

#6 [internal] load build context
#6 transferring context: 31B done
#6 DONE 0.0s

#7 [3/4] COPY server.py .
#7 CACHED

#8 [2/4] WORKDIR /app
#8 CACHED

#9 [4/4] RUN pip install websockets aiohttp prometheus_client
#9 CACHED

#10 exporting to image
#10 exporting layers done
#10 exporting manifest sha256:a7b2d10e97d7b680fb34bc9bb14694bf2c786f085aa2dc26043661d531ee9905 done
#10 exporting config sha256:1c40956e18bd23d87f95b5955f137f90265ce679282cb4712ef60c99edc7d33b done
#10 exporting attestation manifest sha256:84937bd5d7435d381e67a2246a14b4d1b6b510c52b87d63e2e0c6c085f2b7970 0.0s done
#10 exporting manifest list sha256:801286bfc0ffb08b6f3f6d9be4c05105100e31a7d71f7604262326cd7a25c814 done
#10 naming to docker.io/library/websocket-server-instrumented:latest done
#10 unpacking to docker.io/library/websocket-server-instrumented:latest done
#10 DONE 0.1s
Image: "websocket-server-instrumented:latest" with ID "sha256:801286bfc0ffb08b6f3f6d9be4c05105100e31a7d71f7604262326cd7a25c814" not yet present on node "stateful-exp-worker", loading...
Image: "websocket-server-instrumented:latest" with ID "sha256:801286bfc0ffb08b6f3f6d9be4c05105100e31a7d71f7604262326cd7a25c814" not yet present on node "stateful-exp-control-plane", loading...
#0 building with "default" instance using docker driver

#1 [internal] load build definition from Dockerfile
#1 DONE 0.0s

#1 [internal] load build definition from Dockerfile
#1 transferring dockerfile: 153B done
#1 DONE 0.0s

#2 [internal] load metadata for docker.io/library/python:3.11-slim
#2 DONE 0.3s

#3 [internal] load .dockerignore
#3 transferring context: 2B done
#3 DONE 0.0s

#4 [1/4] FROM docker.io/library/python:3.11-slim@sha256:f9fa7f851e38bfb19c9de3afbc4b86ae7176ea7aaf94535c31df5458d5849457
#4 resolve docker.io/library/python:3.11-slim@sha256:f9fa7f851e38bfb19c9de3afbc4b86ae7176ea7aaf94535c31df5458d5849457 0.0s done
#4 DONE 0.0s

#5 [internal] load build context
#5 transferring context: 31B done
#5 DONE 0.0s

#6 [2/4] WORKDIR /app
#6 CACHED

#7 [3/4] COPY client.py .
#7 CACHED

#8 [4/4] RUN pip install websockets numpy
#8 CACHED

#9 exporting to image
#9 exporting layers done
#9 exporting manifest sha256:91cfd3317719b5b19e6284fd3d9b3d49da45f045fd4c730032004a0691686ecb done
#9 exporting config sha256:b3bcceff6fed730c57676a791815fbb083c6ac6deb873d9654fcb132a38e2039 done
#9 exporting attestation manifest sha256:4f1323f88903773b19e137ce787e86478980aed523f3694ede6a77ec9184d173 0.0s done
#9 exporting manifest list sha256:24e059a50e46dab39ba0f61241d8161127eb24c862ed4761207c9b90b7d9ffd9 0.0s done
#9 naming to docker.io/library/websocket-loadgen:latest done
#9 unpacking to docker.io/library/websocket-loadgen:latest done
#9 DONE 0.1s
Image: "websocket-loadgen:latest" with ID "sha256:24e059a50e46dab39ba0f61241d8161127eb24c862ed4761207c9b90b7d9ffd9" not yet present on node "stateful-exp-worker", loading...
Image: "websocket-loadgen:latest" with ID "sha256:24e059a50e46dab39ba0f61241d8161127eb24c862ed4761207c9b90b7d9ffd9" not yet present on node "stateful-exp-control-plane", loading...

============================================================
  6. Deploying WebSocket Workload
============================================================
deployment.apps/websocket-server created
service/websocket-service created
pod/websocket-server-8585946c55-25b2h condition met
pod/websocket-server-8585946c55-mbqxc condition met

============================================================
  7. Applying HPA (scaleDown window: 120s)
============================================================
horizontalpodautoscaler.autoscaling/websocket-hpa created
[02:05:30] HPA applied (scaleDown window: 120s).

============================================================
  8. Waiting for HPA Metrics
============================================================

============================================================
  9. Prometheus Port-Forward
============================================================

============================================================
  10. Starting Metric Collectors
============================================================

============================================================
  11. Running Load Phases
============================================================
[02:06:17] PHASE: CONNECT -- 800 clients, CPU_WORK=1, 120s
job.batch/websocket-loadgen created
[02:06:19]   [CONNECT +0s] replicas=2 cpu=1% connections=0
[02:06:34]   [CONNECT +15s] replicas=2 cpu=1% connections=45
[02:06:49]   [CONNECT +30s] replicas=2 cpu=13% connections=195
[02:07:04]   [CONNECT +45s] replicas=2 cpu=44% connections=320
[02:07:19]   [CONNECT +60s] replicas=2 cpu=78% connections=448
[02:07:35]   [CONNECT +75s] replicas=3 cpu=119% connections=596
[02:07:50]   [CONNECT +90s] replicas=4 cpu=110% connections=727
[02:08:05]   [CONNECT +105s] replicas=6 cpu=95% connections=800
[02:08:20] PHASE: IDLE GAP -- 180s (window=120s)
[02:08:20]   [IDLE_GAP +0s] replicas=6 connections=800
[02:08:35]   [IDLE_GAP +15s] replicas=7 connections=800
[02:08:50]   [IDLE_GAP +30s] replicas=7 connections=800
[02:09:05]   [IDLE_GAP +45s] replicas=7 connections=800
[02:09:20]   [IDLE_GAP +60s] replicas=7 connections=800
[02:09:35]   [IDLE_GAP +75s] replicas=7 connections=800
[02:09:50]   [IDLE_GAP +90s] replicas=7 connections=800
[02:10:05]   [IDLE_GAP +105s] replicas=7 connections=800
[02:10:20]   [IDLE_GAP +120s] replicas=7 connections=800
[02:10:35]   [IDLE_GAP +135s] replicas=7 connections=800
[02:10:50]   [IDLE_GAP +150s] replicas=3 connections=800
[02:11:05]   [IDLE_GAP +165s] replicas=3 connections=800
[02:11:35] Result: survived=false loss=11.4% (before=800 after=709)

============================================================
  12. Stopping Collectors
============================================================

============================================================
  13. Running Analysis
============================================================
Parsing experiment-b3 logs...
  Parsed cpu.csv: 67 rows
  Parsed replicas.csv: 67 rows
  Parsed connections.csv: 67 rows
  Wrote summary.csv → /home/abhas/node/STAR/future-work/results/processed/websocket/experiment-b3-tuning/window120s_gap180s/run_2/summary.csv
  Summary: pod_seconds=1576.0  scale_up=56.0s  peak_replicas=7.0
Experiment-B3 log parsing complete.

============================================================
  14. Deleting Kind Cluster
============================================================
Deleting cluster "stateful-exp" ...
Deleted nodes: ["stateful-exp-worker" "stateful-exp-control-plane"]

============================================================
  Done — Window=120s Gap=180s Survived=false
============================================================
[CLEANUP] Stopping background processes...

=== STARTING: window120s_gap180s (fail) — Run 3/3 ===

============================================================
  1. Setup — Window=120s, Gap=180s, Run=3
============================================================

============================================================
  2. Creating Fresh Kind Cluster
============================================================
Creating cluster "stateful-exp" ...
 • Ensuring node image (kindest/node:v1.31.6) 🖼  ...
 ✓ Ensuring node image (kindest/node:v1.31.6) 🖼
 • Preparing nodes 📦 📦   ...
 ✓ Preparing nodes 📦 📦 
 • Writing configuration 📜  ...
 ✓ Writing configuration 📜
 • Starting control-plane 🕹️  ...
 ✓ Starting control-plane 🕹️
 • Installing CNI 🔌  ...
 ✓ Installing CNI 🔌
 • Installing StorageClass 💾  ...
 ✓ Installing StorageClass 💾
 • Joining worker nodes 🚜  ...
 ✓ Joining worker nodes 🚜
Set kubectl context to "kind-stateful-exp"
You can now use your cluster with:

kubectl cluster-info --context kind-stateful-exp

Not sure what to do next? 😅  Check out https://kind.sigs.k8s.io/docs/user/quick-start/
[02:12:02] Kind cluster created.

============================================================
  3. Installing Metrics Server
============================================================
serviceaccount/metrics-server created
clusterrole.rbac.authorization.k8s.io/system:aggregated-metrics-reader created
clusterrole.rbac.authorization.k8s.io/system:metrics-server created
rolebinding.rbac.authorization.k8s.io/metrics-server-auth-reader created
clusterrolebinding.rbac.authorization.k8s.io/metrics-server:system:auth-delegator created
clusterrolebinding.rbac.authorization.k8s.io/system:metrics-server created
service/metrics-server created
deployment.apps/metrics-server created
apiservice.apiregistration.k8s.io/v1beta1.metrics.k8s.io created
deployment.apps/metrics-server patched
Waiting for deployment "metrics-server" rollout to finish: 1 old replicas are pending termination...
Waiting for deployment "metrics-server" rollout to finish: 1 old replicas are pending termination...
Waiting for deployment "metrics-server" rollout to finish: 1 old replicas are pending termination...
deployment "metrics-server" successfully rolled out
[02:12:50] Metrics API ready (5s).

============================================================
  4. Deploying Prometheus
============================================================
namespace/monitoring created
serviceaccount/prometheus created
clusterrole.rbac.authorization.k8s.io/prometheus created
clusterrolebinding.rbac.authorization.k8s.io/prometheus created
configmap/prometheus-config created
deployment.apps/prometheus created
service/prometheus created
Waiting for deployment "prometheus" rollout to finish: 0 of 1 updated replicas are available...
deployment "prometheus" successfully rolled out

============================================================
  5. Building Docker Images
============================================================
#0 building with "default" instance using docker driver

#1 [internal] load build definition from Dockerfile
#1 transferring dockerfile: 200B done
#1 DONE 0.0s

#2 [auth] library/python:pull token for registry-1.docker.io
#2 DONE 0.0s

#3 [internal] load metadata for docker.io/library/python:3.11-slim
#3 DONE 1.3s

#4 [internal] load .dockerignore
#4 transferring context: 2B done
#4 DONE 0.0s

#5 [1/4] FROM docker.io/library/python:3.11-slim@sha256:f9fa7f851e38bfb19c9de3afbc4b86ae7176ea7aaf94535c31df5458d5849457
#5 resolve docker.io/library/python:3.11-slim@sha256:f9fa7f851e38bfb19c9de3afbc4b86ae7176ea7aaf94535c31df5458d5849457 0.0s done
#5 DONE 0.0s

#6 [internal] load build context
#6 transferring context: 31B done
#6 DONE 0.0s

#7 [2/4] WORKDIR /app
#7 CACHED

#8 [3/4] COPY server.py .
#8 CACHED

#9 [4/4] RUN pip install websockets aiohttp prometheus_client
#9 CACHED

#10 exporting to image
#10 exporting layers done
#10 exporting manifest sha256:a7b2d10e97d7b680fb34bc9bb14694bf2c786f085aa2dc26043661d531ee9905 done
#10 exporting config sha256:1c40956e18bd23d87f95b5955f137f90265ce679282cb4712ef60c99edc7d33b done
#10 exporting attestation manifest sha256:bc92a988fc40975c9e1fabfae707b3f90aaa25b7a1491afdacfdc5ce724c30d0 0.0s done
#10 exporting manifest list sha256:4ee7a13572a6813283e303de09ca4521f845397797ff6fb6a883cc02bde7f2a6 0.0s done
#10 naming to docker.io/library/websocket-server-instrumented:latest
#10 naming to docker.io/library/websocket-server-instrumented:latest done
#10 unpacking to docker.io/library/websocket-server-instrumented:latest done
#10 DONE 0.1s
Image: "websocket-server-instrumented:latest" with ID "sha256:4ee7a13572a6813283e303de09ca4521f845397797ff6fb6a883cc02bde7f2a6" not yet present on node "stateful-exp-control-plane", loading...
Image: "websocket-server-instrumented:latest" with ID "sha256:4ee7a13572a6813283e303de09ca4521f845397797ff6fb6a883cc02bde7f2a6" not yet present on node "stateful-exp-worker", loading...
#0 building with "default" instance using docker driver

#1 [internal] load build definition from Dockerfile
#1 transferring dockerfile: 153B done
#1 DONE 0.0s

#2 [internal] load metadata for docker.io/library/python:3.11-slim
#2 DONE 0.4s

#3 [internal] load .dockerignore
#3 transferring context: 2B done
#3 DONE 0.0s

#4 [1/4] FROM docker.io/library/python:3.11-slim@sha256:f9fa7f851e38bfb19c9de3afbc4b86ae7176ea7aaf94535c31df5458d5849457
#4 resolve docker.io/library/python:3.11-slim@sha256:f9fa7f851e38bfb19c9de3afbc4b86ae7176ea7aaf94535c31df5458d5849457 0.0s done
#4 DONE 0.0s

#5 [internal] load build context
#5 transferring context: 31B done
#5 DONE 0.0s

#6 [2/4] WORKDIR /app
#6 CACHED

#7 [3/4] COPY client.py .
#7 CACHED

#8 [4/4] RUN pip install websockets numpy
#8 CACHED

#9 exporting to image
#9 exporting layers done
#9 exporting manifest sha256:91cfd3317719b5b19e6284fd3d9b3d49da45f045fd4c730032004a0691686ecb done
#9 exporting config sha256:b3bcceff6fed730c57676a791815fbb083c6ac6deb873d9654fcb132a38e2039 done
#9 exporting attestation manifest sha256:06d2dfc7d7ce88803e79c86a413fbb1d10811772438af5b52acc04009a08806e 0.0s done
#9 exporting manifest list sha256:56bdeeb4dfcf4d94643acb7179c5c2aba441f8280077e29cc2facc905aee960b 0.0s done
#9 naming to docker.io/library/websocket-loadgen:latest done
#9 unpacking to docker.io/library/websocket-loadgen:latest
#9 unpacking to docker.io/library/websocket-loadgen:latest done
#9 DONE 0.1s
Image: "websocket-loadgen:latest" with ID "sha256:56bdeeb4dfcf4d94643acb7179c5c2aba441f8280077e29cc2facc905aee960b" not yet present on node "stateful-exp-control-plane", loading...
Image: "websocket-loadgen:latest" with ID "sha256:56bdeeb4dfcf4d94643acb7179c5c2aba441f8280077e29cc2facc905aee960b" not yet present on node "stateful-exp-worker", loading...

============================================================
  6. Deploying WebSocket Workload
============================================================
deployment.apps/websocket-server created
service/websocket-service created
pod/websocket-server-8585946c55-tt7g5 condition met
pod/websocket-server-8585946c55-v925p condition met

============================================================
  7. Applying HPA (scaleDown window: 120s)
============================================================
horizontalpodautoscaler.autoscaling/websocket-hpa created
[02:13:33] HPA applied (scaleDown window: 120s).

============================================================
  8. Waiting for HPA Metrics
============================================================

============================================================
  9. Prometheus Port-Forward
============================================================

============================================================
  10. Starting Metric Collectors
============================================================

============================================================
  11. Running Load Phases
============================================================
[02:14:20] PHASE: CONNECT -- 800 clients, CPU_WORK=1, 120s
job.batch/websocket-loadgen created
[02:14:22]   [CONNECT +0s] replicas=2 cpu=1% connections=0
[02:14:37]   [CONNECT +15s] replicas=2 cpu=1% connections=71
[02:14:52]   [CONNECT +30s] replicas=2 cpu=16% connections=206
[02:15:07]   [CONNECT +45s] replicas=2 cpu=37% connections=336
[02:15:23]   [CONNECT +60s] replicas=2 cpu=65% connections=469
[02:15:38]   [CONNECT +75s] replicas=2 cpu=108% connections=606
[02:15:53]   [CONNECT +90s] replicas=4 cpu=150% connections=716
[02:16:08]   [CONNECT +105s] replicas=5 cpu=178% connections=800
[02:16:23] PHASE: IDLE GAP -- 180s (window=120s)
[02:16:23]   [IDLE_GAP +0s] replicas=6 connections=800
[02:16:38]   [IDLE_GAP +15s] replicas=8 connections=800
[02:16:53]   [IDLE_GAP +30s] replicas=8 connections=800
[02:17:08]   [IDLE_GAP +45s] replicas=8 connections=800
[02:17:23]   [IDLE_GAP +60s] replicas=8 connections=800
[02:17:38]   [IDLE_GAP +75s] replicas=8 connections=800
[02:17:53]   [IDLE_GAP +90s] replicas=8 connections=800
[02:18:08]   [IDLE_GAP +105s] replicas=8 connections=800
[02:18:23]   [IDLE_GAP +120s] replicas=8 connections=800
[02:18:38]   [IDLE_GAP +135s] replicas=8 connections=800
[02:18:53]   [IDLE_GAP +150s] replicas=4 connections=800
[02:19:08]   [IDLE_GAP +165s] replicas=4 connections=800
[02:19:38] Result: survived=true loss=4.4% (before=800 after=765)

============================================================
  12. Stopping Collectors
============================================================

============================================================
  13. Running Analysis
============================================================
Parsing experiment-b3 logs...
  Parsed cpu.csv: 67 rows
  Parsed replicas.csv: 67 rows
  Parsed connections.csv: 67 rows
  Wrote summary.csv → /home/abhas/node/STAR/future-work/results/processed/websocket/experiment-b3-tuning/window120s_gap180s/run_3/summary.csv
  Summary: pod_seconds=1729.0  scale_up=66.0s  peak_replicas=8.0
Experiment-B3 log parsing complete.

============================================================
  14. Deleting Kind Cluster
============================================================
Deleting cluster "stateful-exp" ...
Deleted nodes: ["stateful-exp-control-plane" "stateful-exp-worker"]

============================================================
  Done — Window=120s Gap=180s Survived=true
============================================================
[CLEANUP] Stopping background processes...

=== STARTING: window300s_gap285s (safe) — Run 1/3 ===

============================================================
  1. Setup — Window=300s, Gap=285s, Run=1
============================================================

============================================================
  2. Creating Fresh Kind Cluster
============================================================
Creating cluster "stateful-exp" ...
 • Ensuring node image (kindest/node:v1.31.6) 🖼  ...
 ✓ Ensuring node image (kindest/node:v1.31.6) 🖼
 • Preparing nodes 📦 📦   ...
 ✓ Preparing nodes 📦 📦 
 • Writing configuration 📜  ...
 ✓ Writing configuration 📜
 • Starting control-plane 🕹️  ...
 ✓ Starting control-plane 🕹️
 • Installing CNI 🔌  ...
 ✓ Installing CNI 🔌
 • Installing StorageClass 💾  ...
 ✓ Installing StorageClass 💾
 • Joining worker nodes 🚜  ...
 ✓ Joining worker nodes 🚜
Set kubectl context to "kind-stateful-exp"
You can now use your cluster with:

kubectl cluster-info --context kind-stateful-exp

Have a question, bug, or feature request? Let us know! https://kind.sigs.k8s.io/#community 🙂
[02:20:00] Kind cluster created.

============================================================
  3. Installing Metrics Server
============================================================
serviceaccount/metrics-server created
clusterrole.rbac.authorization.k8s.io/system:aggregated-metrics-reader created
clusterrole.rbac.authorization.k8s.io/system:metrics-server created
rolebinding.rbac.authorization.k8s.io/metrics-server-auth-reader created
clusterrolebinding.rbac.authorization.k8s.io/metrics-server:system:auth-delegator created
clusterrolebinding.rbac.authorization.k8s.io/system:metrics-server created
service/metrics-server created
deployment.apps/metrics-server created
apiservice.apiregistration.k8s.io/v1beta1.metrics.k8s.io created
deployment.apps/metrics-server patched
Waiting for deployment "metrics-server" rollout to finish: 1 old replicas are pending termination...
Waiting for deployment "metrics-server" rollout to finish: 1 old replicas are pending termination...
Waiting for deployment "metrics-server" rollout to finish: 1 old replicas are pending termination...
deployment "metrics-server" successfully rolled out
[02:20:47] Metrics API ready (5s).

============================================================
  4. Deploying Prometheus
============================================================
namespace/monitoring created
serviceaccount/prometheus created
clusterrole.rbac.authorization.k8s.io/prometheus created
clusterrolebinding.rbac.authorization.k8s.io/prometheus created
configmap/prometheus-config created
deployment.apps/prometheus created
service/prometheus created
Waiting for deployment "prometheus" rollout to finish: 0 of 1 updated replicas are available...
deployment "prometheus" successfully rolled out

============================================================
  5. Building Docker Images
============================================================
#0 building with "default" instance using docker driver

#1 [internal] load build definition from Dockerfile
#1 transferring dockerfile: 200B done
#1 DONE 0.0s

#2 [auth] library/python:pull token for registry-1.docker.io
#2 DONE 0.0s

#3 [internal] load metadata for docker.io/library/python:3.11-slim
#3 DONE 1.2s

#4 [internal] load .dockerignore
#4 transferring context: 2B done
#4 DONE 0.0s

#5 [1/4] FROM docker.io/library/python:3.11-slim@sha256:f9fa7f851e38bfb19c9de3afbc4b86ae7176ea7aaf94535c31df5458d5849457
#5 resolve docker.io/library/python:3.11-slim@sha256:f9fa7f851e38bfb19c9de3afbc4b86ae7176ea7aaf94535c31df5458d5849457 0.0s done
#5 DONE 0.0s

#6 [internal] load build context
#6 transferring context: 31B done
#6 DONE 0.0s

#7 [2/4] WORKDIR /app
#7 CACHED

#8 [3/4] COPY server.py .
#8 CACHED

#9 [4/4] RUN pip install websockets aiohttp prometheus_client
#9 CACHED

#10 exporting to image
#10 exporting layers done
#10 exporting manifest sha256:a7b2d10e97d7b680fb34bc9bb14694bf2c786f085aa2dc26043661d531ee9905 done
#10 exporting config sha256:1c40956e18bd23d87f95b5955f137f90265ce679282cb4712ef60c99edc7d33b done
#10 exporting attestation manifest sha256:e43ad0ef306f84a23b49324b003f962d8e8e1c2f237f8b5a1e3ac2e6527c2dc8 0.0s done
#10 exporting manifest list sha256:589d0cd8af09e851289947fe5df82230a65813bb04063e81bd5397ea92df9229 done
#10 naming to docker.io/library/websocket-server-instrumented:latest done
#10 unpacking to docker.io/library/websocket-server-instrumented:latest done
#10 DONE 0.1s
Image: "websocket-server-instrumented:latest" with ID "sha256:589d0cd8af09e851289947fe5df82230a65813bb04063e81bd5397ea92df9229" not yet present on node "stateful-exp-worker", loading...
Image: "websocket-server-instrumented:latest" with ID "sha256:589d0cd8af09e851289947fe5df82230a65813bb04063e81bd5397ea92df9229" not yet present on node "stateful-exp-control-plane", loading...
#0 building with "default" instance using docker driver

#1 [internal] load build definition from Dockerfile
#1 transferring dockerfile: 153B done
#1 DONE 0.0s

#2 [internal] load metadata for docker.io/library/python:3.11-slim
#2 DONE 0.3s

#3 [internal] load .dockerignore
#3 transferring context: 2B done
#3 DONE 0.0s

#4 [1/4] FROM docker.io/library/python:3.11-slim@sha256:f9fa7f851e38bfb19c9de3afbc4b86ae7176ea7aaf94535c31df5458d5849457
#4 resolve docker.io/library/python:3.11-slim@sha256:f9fa7f851e38bfb19c9de3afbc4b86ae7176ea7aaf94535c31df5458d5849457 0.0s done
#4 DONE 0.0s

#5 [internal] load build context
#5 transferring context: 31B done
#5 DONE 0.0s

#6 [2/4] WORKDIR /app
#6 CACHED

#7 [3/4] COPY client.py .
#7 CACHED

#8 [4/4] RUN pip install websockets numpy
#8 CACHED

#9 exporting to image
#9 exporting layers done
#9 exporting manifest sha256:91cfd3317719b5b19e6284fd3d9b3d49da45f045fd4c730032004a0691686ecb done
#9 exporting config sha256:b3bcceff6fed730c57676a791815fbb083c6ac6deb873d9654fcb132a38e2039 done
#9 exporting attestation manifest sha256:6d843380dfd0c20e22e8ee426f89342a8647d5ad74262312f505ffe72a389a16 0.0s done
#9 exporting manifest list sha256:5f3d838ddfde5f397105f05ba1796bf2e752e1a62730953deb9d927903f2c565 0.0s done
#9 naming to docker.io/library/websocket-loadgen:latest
#9 naming to docker.io/library/websocket-loadgen:latest done
#9 unpacking to docker.io/library/websocket-loadgen:latest done
#9 DONE 0.1s
Image: "websocket-loadgen:latest" with ID "sha256:5f3d838ddfde5f397105f05ba1796bf2e752e1a62730953deb9d927903f2c565" not yet present on node "stateful-exp-worker", loading...
Image: "websocket-loadgen:latest" with ID "sha256:5f3d838ddfde5f397105f05ba1796bf2e752e1a62730953deb9d927903f2c565" not yet present on node "stateful-exp-control-plane", loading...

============================================================
  6. Deploying WebSocket Workload
============================================================
deployment.apps/websocket-server created
service/websocket-service created
pod/websocket-server-8585946c55-bbj58 condition met
pod/websocket-server-8585946c55-bp8qk condition met

============================================================
  7. Applying HPA (scaleDown window: 300s)
============================================================
horizontalpodautoscaler.autoscaling/websocket-hpa created
[02:21:29] HPA applied (scaleDown window: 300s).

============================================================
  8. Waiting for HPA Metrics
============================================================

============================================================
  9. Prometheus Port-Forward
============================================================

============================================================
  10. Starting Metric Collectors
============================================================

============================================================
  11. Running Load Phases
============================================================
[02:22:16] PHASE: CONNECT -- 800 clients, CPU_WORK=1, 120s
job.batch/websocket-loadgen created
[02:22:19]   [CONNECT +0s] replicas=2 cpu=1% connections=0
[02:22:34]   [CONNECT +15s] replicas=2 cpu=1% connections=63
[02:22:49]   [CONNECT +30s] replicas=2 cpu=13% connections=190
[02:23:04]   [CONNECT +45s] replicas=2 cpu=50% connections=324
[02:23:19]   [CONNECT +60s] replicas=2 cpu=89% connections=462
[02:23:34]   [CONNECT +75s] replicas=3 cpu=131% connections=570
[02:23:49]   [CONNECT +90s] replicas=5 cpu=160% connections=722
[02:24:04]   [CONNECT +105s] replicas=5 cpu=125% connections=800
[02:24:19] PHASE: IDLE GAP -- 285s (window=300s)
[02:24:19]   [IDLE_GAP +0s] replicas=7 connections=800
[02:24:34]   [IDLE_GAP +15s] replicas=7 connections=800
[02:24:49]   [IDLE_GAP +30s] replicas=7 connections=800
[02:25:04]   [IDLE_GAP +45s] replicas=7 connections=800
[02:25:20]   [IDLE_GAP +60s] replicas=7 connections=800
[02:25:35]   [IDLE_GAP +75s] replicas=7 connections=800
[02:25:50]   [IDLE_GAP +90s] replicas=7 connections=800
[02:26:05]   [IDLE_GAP +105s] replicas=7 connections=800
[02:26:20]   [IDLE_GAP +120s] replicas=7 connections=800
[02:26:35]   [IDLE_GAP +135s] replicas=7 connections=800
[02:26:50]   [IDLE_GAP +150s] replicas=7 connections=800
[02:27:05]   [IDLE_GAP +165s] replicas=7 connections=800
[02:27:20]   [IDLE_GAP +180s] replicas=7 connections=800
[02:27:35]   [IDLE_GAP +195s] replicas=7 connections=800
[02:27:50]   [IDLE_GAP +210s] replicas=7 connections=800
[02:28:05]   [IDLE_GAP +225s] replicas=7 connections=800
[02:28:20]   [IDLE_GAP +240s] replicas=7 connections=800
[02:28:35]   [IDLE_GAP +255s] replicas=7 connections=800
[02:28:50]   [IDLE_GAP +270s] replicas=7 connections=800
[02:29:20] Result: survived=true loss=0.0% (before=800 after=800)

============================================================
  12. Stopping Collectors
============================================================

============================================================
  13. Running Analysis
============================================================
Parsing experiment-b3 logs...
  Parsed cpu.csv: 87 rows
  Parsed replicas.csv: 87 rows
  Parsed connections.csv: 88 rows
  Wrote summary.csv → /home/abhas/node/STAR/future-work/results/processed/websocket/experiment-b3-tuning/window300s_gap285s/run_1/summary.csv
  Summary: pod_seconds=2494.0  scale_up=50.0s  peak_replicas=7.0
Experiment-B3 log parsing complete.

============================================================
  14. Deleting Kind Cluster
============================================================
Deleting cluster "stateful-exp" ...
Deleted nodes: ["stateful-exp-worker" "stateful-exp-control-plane"]

============================================================
  Done — Window=300s Gap=285s Survived=true
============================================================
[CLEANUP] Stopping background processes...

=== STARTING: window300s_gap285s (safe) — Run 2/3 ===

============================================================
  1. Setup — Window=300s, Gap=285s, Run=2
============================================================

============================================================
  2. Creating Fresh Kind Cluster
============================================================
Creating cluster "stateful-exp" ...
 • Ensuring node image (kindest/node:v1.31.6) 🖼  ...
 ✓ Ensuring node image (kindest/node:v1.31.6) 🖼
 • Preparing nodes 📦 📦   ...
 ✓ Preparing nodes 📦 📦 
 • Writing configuration 📜  ...
 ✓ Writing configuration 📜
 • Starting control-plane 🕹️  ...
 ✓ Starting control-plane 🕹️
 • Installing CNI 🔌  ...
 ✓ Installing CNI 🔌
 • Installing StorageClass 💾  ...
 ✓ Installing StorageClass 💾
 • Joining worker nodes 🚜  ...
 ✓ Joining worker nodes 🚜
Set kubectl context to "kind-stateful-exp"
You can now use your cluster with:

kubectl cluster-info --context kind-stateful-exp

Have a nice day! 👋
[02:29:46] Kind cluster created.

============================================================
  3. Installing Metrics Server
============================================================
serviceaccount/metrics-server created
clusterrole.rbac.authorization.k8s.io/system:aggregated-metrics-reader created
clusterrole.rbac.authorization.k8s.io/system:metrics-server created
rolebinding.rbac.authorization.k8s.io/metrics-server-auth-reader created
clusterrolebinding.rbac.authorization.k8s.io/metrics-server:system:auth-delegator created
clusterrolebinding.rbac.authorization.k8s.io/system:metrics-server created
service/metrics-server created
deployment.apps/metrics-server created
apiservice.apiregistration.k8s.io/v1beta1.metrics.k8s.io created
deployment.apps/metrics-server patched
Waiting for deployment "metrics-server" rollout to finish: 1 old replicas are pending termination...
Waiting for deployment "metrics-server" rollout to finish: 1 old replicas are pending termination...
Waiting for deployment "metrics-server" rollout to finish: 1 old replicas are pending termination...
deployment "metrics-server" successfully rolled out
[02:30:34] Metrics API ready (5s).

============================================================
  4. Deploying Prometheus
============================================================
namespace/monitoring created
serviceaccount/prometheus created
clusterrole.rbac.authorization.k8s.io/prometheus created
clusterrolebinding.rbac.authorization.k8s.io/prometheus created
configmap/prometheus-config created
deployment.apps/prometheus created
service/prometheus created
Waiting for deployment "prometheus" rollout to finish: 0 of 1 updated replicas are available...
deployment "prometheus" successfully rolled out

============================================================
  5. Building Docker Images
============================================================
#0 building with "default" instance using docker driver

#1 [internal] load build definition from Dockerfile
#1 DONE 0.0s

#1 [internal] load build definition from Dockerfile
#1 transferring dockerfile: 200B done
#1 DONE 0.0s

#2 [auth] library/python:pull token for registry-1.docker.io
#2 DONE 0.0s

#3 [internal] load metadata for docker.io/library/python:3.11-slim
#3 DONE 2.0s

#4 [internal] load .dockerignore
#4 transferring context: 2B done
#4 DONE 0.0s

#5 [1/4] FROM docker.io/library/python:3.11-slim@sha256:f9fa7f851e38bfb19c9de3afbc4b86ae7176ea7aaf94535c31df5458d5849457
#5 resolve docker.io/library/python:3.11-slim@sha256:f9fa7f851e38bfb19c9de3afbc4b86ae7176ea7aaf94535c31df5458d5849457 0.0s done
#5 DONE 0.0s

#6 [internal] load build context
#6 transferring context: 31B done
#6 DONE 0.0s

#7 [2/4] WORKDIR /app
#7 CACHED

#8 [3/4] COPY server.py .
#8 CACHED

#9 [4/4] RUN pip install websockets aiohttp prometheus_client
#9 CACHED

#10 exporting to image
#10 exporting layers done
#10 exporting manifest sha256:a7b2d10e97d7b680fb34bc9bb14694bf2c786f085aa2dc26043661d531ee9905 done
#10 exporting config sha256:1c40956e18bd23d87f95b5955f137f90265ce679282cb4712ef60c99edc7d33b done
#10 exporting attestation manifest sha256:c171dba3ef5e751a6c441cc81008803f7bf5f01f1753f0e07a8e44941b09f922 0.0s done
#10 exporting manifest list sha256:65ff48b3e201ac6338e8cf237561a7bd8f21a1a5318f8f5ebe344bb37754c2ab 0.0s done
#10 naming to docker.io/library/websocket-server-instrumented:latest done
#10 unpacking to docker.io/library/websocket-server-instrumented:latest done
#10 DONE 0.1s
Image: "websocket-server-instrumented:latest" with ID "sha256:65ff48b3e201ac6338e8cf237561a7bd8f21a1a5318f8f5ebe344bb37754c2ab" not yet present on node "stateful-exp-control-plane", loading...
Image: "websocket-server-instrumented:latest" with ID "sha256:65ff48b3e201ac6338e8cf237561a7bd8f21a1a5318f8f5ebe344bb37754c2ab" not yet present on node "stateful-exp-worker", loading...
#0 building with "default" instance using docker driver

#1 [internal] load build definition from Dockerfile
#1 transferring dockerfile: 153B done
#1 DONE 0.0s

#2 [internal] load metadata for docker.io/library/python:3.11-slim
#2 DONE 0.3s

#3 [internal] load .dockerignore
#3 transferring context: 2B done
#3 DONE 0.0s

#4 [1/4] FROM docker.io/library/python:3.11-slim@sha256:f9fa7f851e38bfb19c9de3afbc4b86ae7176ea7aaf94535c31df5458d5849457
#4 resolve docker.io/library/python:3.11-slim@sha256:f9fa7f851e38bfb19c9de3afbc4b86ae7176ea7aaf94535c31df5458d5849457 0.0s done
#4 DONE 0.0s

#5 [internal] load build context
#5 transferring context: 31B done
#5 DONE 0.0s

#6 [2/4] WORKDIR /app
#6 CACHED

#7 [3/4] COPY client.py .
#7 CACHED

#8 [4/4] RUN pip install websockets numpy
#8 CACHED

#9 exporting to image
#9 exporting layers done
#9 exporting manifest sha256:91cfd3317719b5b19e6284fd3d9b3d49da45f045fd4c730032004a0691686ecb done
#9 exporting config sha256:b3bcceff6fed730c57676a791815fbb083c6ac6deb873d9654fcb132a38e2039 done
#9 exporting attestation manifest sha256:06d44131655399a505e8553359d2ac8708d111526535416151011ddf2a030f49 0.0s done
#9 exporting manifest list sha256:9b5130b6dedbebf37a68c27568dcf31d21684604c7669bb3aca8f99edc008ca2 done
#9 naming to docker.io/library/websocket-loadgen:latest done
#9 unpacking to docker.io/library/websocket-loadgen:latest done
#9 DONE 0.1s
Image: "websocket-loadgen:latest" with ID "sha256:9b5130b6dedbebf37a68c27568dcf31d21684604c7669bb3aca8f99edc008ca2" not yet present on node "stateful-exp-control-plane", loading...
Image: "websocket-loadgen:latest" with ID "sha256:9b5130b6dedbebf37a68c27568dcf31d21684604c7669bb3aca8f99edc008ca2" not yet present on node "stateful-exp-worker", loading...

============================================================
  6. Deploying WebSocket Workload
============================================================
deployment.apps/websocket-server created
service/websocket-service created
pod/websocket-server-8585946c55-9dtwm condition met
pod/websocket-server-8585946c55-zv5h4 condition met

============================================================
  7. Applying HPA (scaleDown window: 300s)
============================================================
horizontalpodautoscaler.autoscaling/websocket-hpa created
[02:31:18] HPA applied (scaleDown window: 300s).

============================================================
  8. Waiting for HPA Metrics
============================================================

============================================================
  9. Prometheus Port-Forward
============================================================

============================================================
  10. Starting Metric Collectors
============================================================

============================================================
  11. Running Load Phases
============================================================
[02:32:05] PHASE: CONNECT -- 800 clients, CPU_WORK=1, 120s
job.batch/websocket-loadgen created
[02:32:07]   [CONNECT +0s] replicas=2 cpu=1% connections=0
[02:32:22]   [CONNECT +15s] replicas=2 cpu=1% connections=23
[02:32:37]   [CONNECT +30s] replicas=2 cpu=8% connections=167
[02:32:52]   [CONNECT +45s] replicas=2 cpu=49% connections=295
[02:33:07]   [CONNECT +60s] replicas=2 cpu=68% connections=423
[02:33:22]   [CONNECT +75s] replicas=3 cpu=119% connections=555
[02:33:37]   [CONNECT +90s] replicas=4 cpu=110% connections=718
[02:33:53]   [CONNECT +105s] replicas=6 cpu=123% connections=800
[02:34:08] PHASE: IDLE GAP -- 285s (window=300s)
[02:34:08]   [IDLE_GAP +0s] replicas=6 connections=800
[02:34:23]   [IDLE_GAP +15s] replicas=8 connections=800
[02:34:38]   [IDLE_GAP +30s] replicas=8 connections=800
[02:34:53]   [IDLE_GAP +45s] replicas=8 connections=800
[02:35:08]   [IDLE_GAP +60s] replicas=8 connections=800
[02:35:23]   [IDLE_GAP +75s] replicas=8 connections=800
[02:35:38]   [IDLE_GAP +90s] replicas=8 connections=800
[02:35:53]   [IDLE_GAP +105s] replicas=8 connections=800
[02:36:08]   [IDLE_GAP +120s] replicas=8 connections=800
[02:36:23]   [IDLE_GAP +135s] replicas=8 connections=800
[02:36:38]   [IDLE_GAP +150s] replicas=8 connections=800
[02:36:53]   [IDLE_GAP +165s] replicas=8 connections=800
[02:37:08]   [IDLE_GAP +180s] replicas=8 connections=800
[02:37:23]   [IDLE_GAP +195s] replicas=8 connections=800
[02:37:38]   [IDLE_GAP +210s] replicas=8 connections=800
[02:37:53]   [IDLE_GAP +225s] replicas=8 connections=800
[02:38:08]   [IDLE_GAP +240s] replicas=8 connections=800
[02:38:23]   [IDLE_GAP +255s] replicas=8 connections=800
[02:38:38]   [IDLE_GAP +270s] replicas=8 connections=800
[02:39:08] Result: survived=true loss=0.0% (before=800 after=800)

============================================================
  12. Stopping Collectors
============================================================

============================================================
  13. Running Analysis
============================================================
Parsing experiment-b3 logs...
  Parsed cpu.csv: 87 rows
  Parsed replicas.csv: 87 rows
  Parsed connections.csv: 88 rows
  Wrote summary.csv → /home/abhas/node/STAR/future-work/results/processed/websocket/experiment-b3-tuning/window300s_gap285s/run_2/summary.csv
  Summary: pod_seconds=2771.0  scale_up=56.0s  peak_replicas=8.0
Experiment-B3 log parsing complete.

============================================================
  14. Deleting Kind Cluster
============================================================
Deleting cluster "stateful-exp" ...
Deleted nodes: ["stateful-exp-control-plane" "stateful-exp-worker"]

============================================================
  Done — Window=300s Gap=285s Survived=true
============================================================
[CLEANUP] Stopping background processes...

=== STARTING: window300s_gap285s (safe) — Run 3/3 ===

============================================================
  1. Setup — Window=300s, Gap=285s, Run=3
============================================================

============================================================
  2. Creating Fresh Kind Cluster
============================================================
Creating cluster "stateful-exp" ...
 • Ensuring node image (kindest/node:v1.31.6) 🖼  ...
 ✓ Ensuring node image (kindest/node:v1.31.6) 🖼
 • Preparing nodes 📦 📦   ...
 ✓ Preparing nodes 📦 📦 
 • Writing configuration 📜  ...
 ✓ Writing configuration 📜
 • Starting control-plane 🕹️  ...
 ✓ Starting control-plane 🕹️
 • Installing CNI 🔌  ...
 ✓ Installing CNI 🔌
 • Installing StorageClass 💾  ...
 ✓ Installing StorageClass 💾
 • Joining worker nodes 🚜  ...
 ✓ Joining worker nodes 🚜
Set kubectl context to "kind-stateful-exp"
You can now use your cluster with:

kubectl cluster-info --context kind-stateful-exp

Thanks for using kind! 😊
[02:39:30] Kind cluster created.

============================================================
  3. Installing Metrics Server
============================================================
serviceaccount/metrics-server created
clusterrole.rbac.authorization.k8s.io/system:aggregated-metrics-reader created
clusterrole.rbac.authorization.k8s.io/system:metrics-server created
rolebinding.rbac.authorization.k8s.io/metrics-server-auth-reader created
clusterrolebinding.rbac.authorization.k8s.io/metrics-server:system:auth-delegator created
clusterrolebinding.rbac.authorization.k8s.io/system:metrics-server created
service/metrics-server created
deployment.apps/metrics-server created
apiservice.apiregistration.k8s.io/v1beta1.metrics.k8s.io created
deployment.apps/metrics-server patched
Waiting for deployment "metrics-server" rollout to finish: 1 old replicas are pending termination...
Waiting for deployment "metrics-server" rollout to finish: 1 old replicas are pending termination...
Waiting for deployment "metrics-server" rollout to finish: 1 old replicas are pending termination...
deployment "metrics-server" successfully rolled out
[02:40:17] Metrics API ready (5s).

============================================================
  4. Deploying Prometheus
============================================================
namespace/monitoring created
serviceaccount/prometheus created
clusterrole.rbac.authorization.k8s.io/prometheus created
clusterrolebinding.rbac.authorization.k8s.io/prometheus created
configmap/prometheus-config created
deployment.apps/prometheus created
service/prometheus created
Waiting for deployment "prometheus" rollout to finish: 0 of 1 updated replicas are available...
deployment "prometheus" successfully rolled out

============================================================
  5. Building Docker Images
============================================================
#0 building with "default" instance using docker driver

#1 [internal] load build definition from Dockerfile
#1 transferring dockerfile: 200B done
#1 DONE 0.0s

#2 [auth] library/python:pull token for registry-1.docker.io
#2 DONE 0.0s

#3 [internal] load metadata for docker.io/library/python:3.11-slim
#3 DONE 1.2s

#4 [internal] load .dockerignore
#4 transferring context: 2B done
#4 DONE 0.0s

#5 [1/4] FROM docker.io/library/python:3.11-slim@sha256:f9fa7f851e38bfb19c9de3afbc4b86ae7176ea7aaf94535c31df5458d5849457
#5 resolve docker.io/library/python:3.11-slim@sha256:f9fa7f851e38bfb19c9de3afbc4b86ae7176ea7aaf94535c31df5458d5849457 0.0s done
#5 DONE 0.0s

#6 [internal] load build context
#6 transferring context: 31B done
#6 DONE 0.0s

#7 [2/4] WORKDIR /app
#7 CACHED

#8 [3/4] COPY server.py .
#8 CACHED

#9 [4/4] RUN pip install websockets aiohttp prometheus_client
#9 CACHED

#10 exporting to image
#10 exporting layers done
#10 exporting manifest sha256:a7b2d10e97d7b680fb34bc9bb14694bf2c786f085aa2dc26043661d531ee9905 done
#10 exporting config sha256:1c40956e18bd23d87f95b5955f137f90265ce679282cb4712ef60c99edc7d33b done
#10 exporting attestation manifest sha256:2f7c63382474a52ffd4dff7cc5d9dcd2c6d2cfb771d2f956b5f4165fff3a2d4d 0.0s done
#10 exporting manifest list sha256:e618dedb8d166c9793f75747304f8026dc57e69fb27b252789b1975949d63ac5 0.0s done
#10 naming to docker.io/library/websocket-server-instrumented:latest
#10 naming to docker.io/library/websocket-server-instrumented:latest done
#10 unpacking to docker.io/library/websocket-server-instrumented:latest done
#10 DONE 0.1s
Image: "websocket-server-instrumented:latest" with ID "sha256:e618dedb8d166c9793f75747304f8026dc57e69fb27b252789b1975949d63ac5" not yet present on node "stateful-exp-worker", loading...
Image: "websocket-server-instrumented:latest" with ID "sha256:e618dedb8d166c9793f75747304f8026dc57e69fb27b252789b1975949d63ac5" not yet present on node "stateful-exp-control-plane", loading...
#0 building with "default" instance using docker driver

#1 [internal] load build definition from Dockerfile
#1 transferring dockerfile: 153B done
#1 DONE 0.0s

#2 [internal] load metadata for docker.io/library/python:3.11-slim
#2 DONE 0.4s

#3 [internal] load .dockerignore
#3 transferring context: 2B done
#3 DONE 0.0s

#4 [1/4] FROM docker.io/library/python:3.11-slim@sha256:f9fa7f851e38bfb19c9de3afbc4b86ae7176ea7aaf94535c31df5458d5849457
#4 resolve docker.io/library/python:3.11-slim@sha256:f9fa7f851e38bfb19c9de3afbc4b86ae7176ea7aaf94535c31df5458d5849457 0.0s done
#4 DONE 0.0s

#5 [internal] load build context
#5 transferring context: 31B done
#5 DONE 0.0s

#6 [2/4] WORKDIR /app
#6 CACHED

#7 [3/4] COPY client.py .
#7 CACHED

#8 [4/4] RUN pip install websockets numpy
#8 CACHED

#9 exporting to image
#9 exporting layers done
#9 exporting manifest sha256:91cfd3317719b5b19e6284fd3d9b3d49da45f045fd4c730032004a0691686ecb done
#9 exporting config sha256:b3bcceff6fed730c57676a791815fbb083c6ac6deb873d9654fcb132a38e2039 done
#9 exporting attestation manifest sha256:ba11f563ef1e1f8bc55625ee8ff00b45ad716b215e16f1f8a2056d625bdcb025 0.0s done
#9 exporting manifest list sha256:1f444f637c8722a91e6dc1a5fbb276fc1b41f082a6a19ae51e7b9490efe751e5 done
#9 naming to docker.io/library/websocket-loadgen:latest done
#9 unpacking to docker.io/library/websocket-loadgen:latest done
#9 DONE 0.1s
Image: "websocket-loadgen:latest" with ID "sha256:1f444f637c8722a91e6dc1a5fbb276fc1b41f082a6a19ae51e7b9490efe751e5" not yet present on node "stateful-exp-worker", loading...
Image: "websocket-loadgen:latest" with ID "sha256:1f444f637c8722a91e6dc1a5fbb276fc1b41f082a6a19ae51e7b9490efe751e5" not yet present on node "stateful-exp-control-plane", loading...

============================================================
  6. Deploying WebSocket Workload
============================================================
deployment.apps/websocket-server created
service/websocket-service created
pod/websocket-server-8585946c55-2hctc condition met
pod/websocket-server-8585946c55-svpr4 condition met

============================================================
  7. Applying HPA (scaleDown window: 300s)
============================================================
horizontalpodautoscaler.autoscaling/websocket-hpa created
[02:41:00] HPA applied (scaleDown window: 300s).

============================================================
  8. Waiting for HPA Metrics
============================================================

============================================================
  9. Prometheus Port-Forward
============================================================

============================================================
  10. Starting Metric Collectors
============================================================

============================================================
  11. Running Load Phases
============================================================
[02:41:48] PHASE: CONNECT -- 800 clients, CPU_WORK=1, 120s
job.batch/websocket-loadgen created
[02:41:50]   [CONNECT +0s] replicas=2 cpu=1% connections=0
[02:42:05]   [CONNECT +15s] replicas=2 cpu=1% connections=97
[02:42:20]   [CONNECT +30s] replicas=2 cpu=14% connections=225
[02:42:35]   [CONNECT +45s] replicas=2 cpu=32% connections=358
[02:42:50]   [CONNECT +60s] replicas=2 cpu=82% connections=490
[02:43:05]   [CONNECT +75s] replicas=3 cpu=116% connections=601
[02:43:20]   [CONNECT +90s] replicas=4 cpu=107% connections=723
[02:43:35]   [CONNECT +105s] replicas=6 cpu=98% connections=800
[02:43:50] PHASE: IDLE GAP -- 285s (window=300s)
[02:43:50]   [IDLE_GAP +0s] replicas=6 connections=800
[02:44:05]   [IDLE_GAP +15s] replicas=8 connections=800
[02:44:20]   [IDLE_GAP +30s] replicas=8 connections=800
[02:44:36]   [IDLE_GAP +45s] replicas=8 connections=800
[02:44:51]   [IDLE_GAP +60s] replicas=8 connections=800
[02:45:06]   [IDLE_GAP +75s] replicas=8 connections=800
[02:45:21]   [IDLE_GAP +90s] replicas=8 connections=800
[02:45:36]   [IDLE_GAP +105s] replicas=8 connections=800
[02:45:51]   [IDLE_GAP +120s] replicas=8 connections=800
[02:46:06]   [IDLE_GAP +135s] replicas=8 connections=800
[02:46:21]   [IDLE_GAP +150s] replicas=8 connections=800
[02:46:36]   [IDLE_GAP +165s] replicas=8 connections=800
[02:46:51]   [IDLE_GAP +180s] replicas=8 connections=800
[02:47:06]   [IDLE_GAP +195s] replicas=8 connections=800
[02:47:21]   [IDLE_GAP +210s] replicas=8 connections=800
[02:47:36]   [IDLE_GAP +225s] replicas=8 connections=800
[02:47:51]   [IDLE_GAP +240s] replicas=8 connections=800
[02:48:06]   [IDLE_GAP +255s] replicas=8 connections=800
[02:48:21]   [IDLE_GAP +270s] replicas=8 connections=800
[02:48:51] Result: survived=true loss=0.0% (before=800 after=800)

============================================================
  12. Stopping Collectors
============================================================

============================================================
  13. Running Analysis
============================================================
Parsing experiment-b3 logs...
  Parsed cpu.csv: 87 rows
  Parsed replicas.csv: 87 rows
  Parsed connections.csv: 88 rows
  Wrote summary.csv → /home/abhas/node/STAR/future-work/results/processed/websocket/experiment-b3-tuning/window300s_gap285s/run_3/summary.csv
  Summary: pod_seconds=2772.0  scale_up=55.0s  peak_replicas=8.0
Experiment-B3 log parsing complete.

============================================================
  14. Deleting Kind Cluster
============================================================
Deleting cluster "stateful-exp" ...
Deleted nodes: ["stateful-exp-worker" "stateful-exp-control-plane"]

============================================================
  Done — Window=300s Gap=285s Survived=true
============================================================
[CLEANUP] Stopping background processes...

=== STARTING: window300s_gap360s (fail) — Run 1/3 ===

============================================================
  1. Setup — Window=300s, Gap=360s, Run=1
============================================================

============================================================
  2. Creating Fresh Kind Cluster
============================================================
Creating cluster "stateful-exp" ...
 • Ensuring node image (kindest/node:v1.31.6) 🖼  ...
 ✓ Ensuring node image (kindest/node:v1.31.6) 🖼
 • Preparing nodes 📦 📦   ...
 ✓ Preparing nodes 📦 📦 
 • Writing configuration 📜  ...
 ✓ Writing configuration 📜
 • Starting control-plane 🕹️  ...
 ✓ Starting control-plane 🕹️
 • Installing CNI 🔌  ...
 ✓ Installing CNI 🔌
 • Installing StorageClass 💾  ...
 ✓ Installing StorageClass 💾
 • Joining worker nodes 🚜  ...
 ✓ Joining worker nodes 🚜
Set kubectl context to "kind-stateful-exp"
You can now use your cluster with:

kubectl cluster-info --context kind-stateful-exp

Not sure what to do next? 😅  Check out https://kind.sigs.k8s.io/docs/user/quick-start/
[02:49:18] Kind cluster created.

============================================================
  3. Installing Metrics Server
============================================================
serviceaccount/metrics-server created
clusterrole.rbac.authorization.k8s.io/system:aggregated-metrics-reader created
clusterrole.rbac.authorization.k8s.io/system:metrics-server created
rolebinding.rbac.authorization.k8s.io/metrics-server-auth-reader created
clusterrolebinding.rbac.authorization.k8s.io/metrics-server:system:auth-delegator created
clusterrolebinding.rbac.authorization.k8s.io/system:metrics-server created
service/metrics-server created
deployment.apps/metrics-server created
apiservice.apiregistration.k8s.io/v1beta1.metrics.k8s.io created
deployment.apps/metrics-server patched
Waiting for deployment "metrics-server" rollout to finish: 1 old replicas are pending termination...
Waiting for deployment "metrics-server" rollout to finish: 1 old replicas are pending termination...
Waiting for deployment "metrics-server" rollout to finish: 1 old replicas are pending termination...
deployment "metrics-server" successfully rolled out
[02:50:05] Metrics API ready (5s).

============================================================
  4. Deploying Prometheus
============================================================
namespace/monitoring created
serviceaccount/prometheus created
clusterrole.rbac.authorization.k8s.io/prometheus created
clusterrolebinding.rbac.authorization.k8s.io/prometheus created
configmap/prometheus-config created
deployment.apps/prometheus created
service/prometheus created
Waiting for deployment "prometheus" rollout to finish: 0 of 1 updated replicas are available...
deployment "prometheus" successfully rolled out

============================================================
  5. Building Docker Images
============================================================
#0 building with "default" instance using docker driver

#1 [internal] load build definition from Dockerfile
#1 transferring dockerfile: 200B done
#1 DONE 0.0s

#2 [auth] library/python:pull token for registry-1.docker.io
#2 DONE 0.0s

#3 [internal] load metadata for docker.io/library/python:3.11-slim
#3 DONE 1.3s

#4 [internal] load .dockerignore
#4 transferring context: 2B done
#4 DONE 0.0s

#5 [1/4] FROM docker.io/library/python:3.11-slim@sha256:f9fa7f851e38bfb19c9de3afbc4b86ae7176ea7aaf94535c31df5458d5849457
#5 resolve docker.io/library/python:3.11-slim@sha256:f9fa7f851e38bfb19c9de3afbc4b86ae7176ea7aaf94535c31df5458d5849457 0.0s done
#5 DONE 0.0s

#6 [internal] load build context
#6 transferring context: 31B done
#6 DONE 0.0s

#7 [2/4] WORKDIR /app
#7 CACHED

#8 [3/4] COPY server.py .
#8 CACHED

#9 [4/4] RUN pip install websockets aiohttp prometheus_client
#9 CACHED

#10 exporting to image
#10 exporting layers done
#10 exporting manifest sha256:a7b2d10e97d7b680fb34bc9bb14694bf2c786f085aa2dc26043661d531ee9905 done
#10 exporting config sha256:1c40956e18bd23d87f95b5955f137f90265ce679282cb4712ef60c99edc7d33b done
#10 exporting attestation manifest sha256:18eb8d08a930ae91f55faa07c25434660fd40520831928081e3e6d2d5e8095f5 0.0s done
#10 exporting manifest list sha256:4697185d025ae1d0f59fab27c4f87fffdde8f0074609891ad83031649abcf053 0.0s done
#10 naming to docker.io/library/websocket-server-instrumented:latest
#10 naming to docker.io/library/websocket-server-instrumented:latest done
#10 unpacking to docker.io/library/websocket-server-instrumented:latest done
#10 DONE 0.1s
Image: "websocket-server-instrumented:latest" with ID "sha256:4697185d025ae1d0f59fab27c4f87fffdde8f0074609891ad83031649abcf053" not yet present on node "stateful-exp-worker", loading...
Image: "websocket-server-instrumented:latest" with ID "sha256:4697185d025ae1d0f59fab27c4f87fffdde8f0074609891ad83031649abcf053" not yet present on node "stateful-exp-control-plane", loading...
#0 building with "default" instance using docker driver

#1 [internal] load build definition from Dockerfile
#1 transferring dockerfile: 153B done
#1 DONE 0.0s

#2 [internal] load metadata for docker.io/library/python:3.11-slim
#2 DONE 0.3s

#3 [internal] load .dockerignore
#3 transferring context: 2B done
#3 DONE 0.0s

#4 [1/4] FROM docker.io/library/python:3.11-slim@sha256:f9fa7f851e38bfb19c9de3afbc4b86ae7176ea7aaf94535c31df5458d5849457
#4 resolve docker.io/library/python:3.11-slim@sha256:f9fa7f851e38bfb19c9de3afbc4b86ae7176ea7aaf94535c31df5458d5849457 0.0s done
#4 DONE 0.0s

#5 [internal] load build context
#5 transferring context: 31B done
#5 DONE 0.0s

#6 [2/4] WORKDIR /app
#6 CACHED

#7 [3/4] COPY client.py .
#7 CACHED

#8 [4/4] RUN pip install websockets numpy
#8 CACHED

#9 exporting to image
#9 exporting layers done
#9 exporting manifest sha256:91cfd3317719b5b19e6284fd3d9b3d49da45f045fd4c730032004a0691686ecb done
#9 exporting config sha256:b3bcceff6fed730c57676a791815fbb083c6ac6deb873d9654fcb132a38e2039 done
#9 exporting attestation manifest sha256:0414d180379f5450f0c32f9cbde71ca45ba90f93152107a74fbc9a26f52d3f8e 0.0s done
#9 exporting manifest list sha256:8aab8c6bffa7b4c0083d1667f533df0b52e95ecda91b43d82dd99065ae82589d done
#9 naming to docker.io/library/websocket-loadgen:latest
#9 naming to docker.io/library/websocket-loadgen:latest done
#9 unpacking to docker.io/library/websocket-loadgen:latest done
#9 DONE 0.1s
Image: "websocket-loadgen:latest" with ID "sha256:8aab8c6bffa7b4c0083d1667f533df0b52e95ecda91b43d82dd99065ae82589d" not yet present on node "stateful-exp-worker", loading...
Image: "websocket-loadgen:latest" with ID "sha256:8aab8c6bffa7b4c0083d1667f533df0b52e95ecda91b43d82dd99065ae82589d" not yet present on node "stateful-exp-control-plane", loading...

============================================================
  6. Deploying WebSocket Workload
============================================================
deployment.apps/websocket-server created
service/websocket-service created
pod/websocket-server-8585946c55-f8ccg condition met
pod/websocket-server-8585946c55-hthlh condition met

============================================================
  7. Applying HPA (scaleDown window: 300s)
============================================================
horizontalpodautoscaler.autoscaling/websocket-hpa created
[02:50:47] HPA applied (scaleDown window: 300s).

============================================================
  8. Waiting for HPA Metrics
============================================================

============================================================
  9. Prometheus Port-Forward
============================================================

============================================================
  10. Starting Metric Collectors
============================================================

============================================================
  11. Running Load Phases
============================================================
[02:51:34] PHASE: CONNECT -- 800 clients, CPU_WORK=1, 120s
job.batch/websocket-loadgen created
[02:51:37]   [CONNECT +0s] replicas=2 cpu=0% connections=0
[02:51:52]   [CONNECT +15s] replicas=2 cpu=1% connections=20
[02:52:07]   [CONNECT +30s] replicas=2 cpu=15% connections=158
[02:52:22]   [CONNECT +45s] replicas=2 cpu=53% connections=288
[02:52:37]   [CONNECT +60s] replicas=2 cpu=89% connections=422
[02:52:52]   [CONNECT +75s] replicas=3 cpu=130% connections=547
[02:53:07]   [CONNECT +90s] replicas=5 cpu=160% connections=715
[02:53:22]   [CONNECT +105s] replicas=5 cpu=82% connections=800
[02:53:37] PHASE: IDLE GAP -- 360s (window=300s)
[02:53:37]   [IDLE_GAP +0s] replicas=7 connections=800
[02:53:52]   [IDLE_GAP +15s] replicas=7 connections=800
[02:54:07]   [IDLE_GAP +30s] replicas=7 connections=800
[02:54:22]   [IDLE_GAP +45s] replicas=7 connections=800
[02:54:37]   [IDLE_GAP +60s] replicas=7 connections=800
[02:54:53]   [IDLE_GAP +75s] replicas=7 connections=800
[02:55:08]   [IDLE_GAP +90s] replicas=7 connections=800
[02:55:23]   [IDLE_GAP +105s] replicas=7 connections=800
[02:55:38]   [IDLE_GAP +120s] replicas=7 connections=800
[02:55:53]   [IDLE_GAP +135s] replicas=7 connections=800
[02:56:08]   [IDLE_GAP +150s] replicas=7 connections=800
[02:56:23]   [IDLE_GAP +165s] replicas=7 connections=800
[02:56:38]   [IDLE_GAP +180s] replicas=7 connections=800
[02:56:53]   [IDLE_GAP +195s] replicas=7 connections=800
[02:57:08]   [IDLE_GAP +210s] replicas=7 connections=800
[02:57:23]   [IDLE_GAP +225s] replicas=7 connections=800
[02:57:38]   [IDLE_GAP +240s] replicas=7 connections=800
[02:57:53]   [IDLE_GAP +255s] replicas=7 connections=800
[02:58:08]   [IDLE_GAP +270s] replicas=7 connections=800
[02:58:23]   [IDLE_GAP +285s] replicas=7 connections=800
[02:58:38]   [IDLE_GAP +300s] replicas=7 connections=800
[02:58:53]   [IDLE_GAP +315s] replicas=7 connections=800
[02:59:08]   [IDLE_GAP +330s] replicas=5 connections=800
[02:59:23]   [IDLE_GAP +345s] replicas=3 connections=800
[02:59:53] Result: survived=false loss=54.9% (before=800 after=361)

============================================================
  12. Stopping Collectors
============================================================

============================================================
  13. Running Analysis
============================================================
Parsing experiment-b3 logs...
  Parsed cpu.csv: 102 rows
  Parsed replicas.csv: 102 rows
  Parsed connections.csv: 103 rows
  Wrote summary.csv → /home/abhas/node/STAR/future-work/results/processed/websocket/experiment-b3-tuning/window300s_gap360s/run_1/summary.csv
  Summary: pod_seconds=2856.0  scale_up=55.0s  peak_replicas=7.0
Experiment-B3 log parsing complete.

============================================================
  14. Deleting Kind Cluster
============================================================
Deleting cluster "stateful-exp" ...
Deleted nodes: ["stateful-exp-worker" "stateful-exp-control-plane"]

============================================================
  Done — Window=300s Gap=360s Survived=false
============================================================
[CLEANUP] Stopping background processes...

=== STARTING: window300s_gap360s (fail) — Run 2/3 ===

============================================================
  1. Setup — Window=300s, Gap=360s, Run=2
============================================================

============================================================
  2. Creating Fresh Kind Cluster
============================================================
Creating cluster "stateful-exp" ...
 • Ensuring node image (kindest/node:v1.31.6) 🖼  ...
 ✓ Ensuring node image (kindest/node:v1.31.6) 🖼
 • Preparing nodes 📦 📦   ...
 ✓ Preparing nodes 📦 📦 
 • Writing configuration 📜  ...
 ✓ Writing configuration 📜
 • Starting control-plane 🕹️  ...
 ✓ Starting control-plane 🕹️
 • Installing CNI 🔌  ...
 ✓ Installing CNI 🔌
 • Installing StorageClass 💾  ...
 ✓ Installing StorageClass 💾
 • Joining worker nodes 🚜  ...
 ✓ Joining worker nodes 🚜
Set kubectl context to "kind-stateful-exp"
You can now use your cluster with:

kubectl cluster-info --context kind-stateful-exp

Have a nice day! 👋
[03:00:20] Kind cluster created.

============================================================
  3. Installing Metrics Server
============================================================
serviceaccount/metrics-server created
clusterrole.rbac.authorization.k8s.io/system:aggregated-metrics-reader created
clusterrole.rbac.authorization.k8s.io/system:metrics-server created
rolebinding.rbac.authorization.k8s.io/metrics-server-auth-reader created
clusterrolebinding.rbac.authorization.k8s.io/metrics-server:system:auth-delegator created
clusterrolebinding.rbac.authorization.k8s.io/system:metrics-server created
service/metrics-server created
deployment.apps/metrics-server created
apiservice.apiregistration.k8s.io/v1beta1.metrics.k8s.io created
deployment.apps/metrics-server patched
Waiting for deployment "metrics-server" rollout to finish: 1 old replicas are pending termination...
Waiting for deployment "metrics-server" rollout to finish: 1 old replicas are pending termination...
Waiting for deployment "metrics-server" rollout to finish: 1 old replicas are pending termination...
deployment "metrics-server" successfully rolled out
[03:01:08] Metrics API ready (5s).

============================================================
  4. Deploying Prometheus
============================================================
namespace/monitoring created
serviceaccount/prometheus created
clusterrole.rbac.authorization.k8s.io/prometheus created
clusterrolebinding.rbac.authorization.k8s.io/prometheus created
configmap/prometheus-config created
deployment.apps/prometheus created
service/prometheus created
Waiting for deployment "prometheus" rollout to finish: 0 of 1 updated replicas are available...
deployment "prometheus" successfully rolled out

============================================================
  5. Building Docker Images
============================================================
#0 building with "default" instance using docker driver

#1 [internal] load build definition from Dockerfile
#1 transferring dockerfile: 200B done
#1 DONE 0.0s

#2 [auth] library/python:pull token for registry-1.docker.io
#2 DONE 0.0s

#3 [internal] load metadata for docker.io/library/python:3.11-slim
#3 DONE 1.3s

#4 [internal] load .dockerignore
#4 transferring context: 2B done
#4 DONE 0.0s

#5 [1/4] FROM docker.io/library/python:3.11-slim@sha256:f9fa7f851e38bfb19c9de3afbc4b86ae7176ea7aaf94535c31df5458d5849457
#5 resolve docker.io/library/python:3.11-slim@sha256:f9fa7f851e38bfb19c9de3afbc4b86ae7176ea7aaf94535c31df5458d5849457 0.0s done
#5 DONE 0.0s

#6 [internal] load build context
#6 transferring context: 31B done
#6 DONE 0.0s

#7 [3/4] COPY server.py .
#7 CACHED

#8 [2/4] WORKDIR /app
#8 CACHED

#9 [4/4] RUN pip install websockets aiohttp prometheus_client
#9 CACHED

#10 exporting to image
#10 exporting layers done
#10 exporting manifest sha256:a7b2d10e97d7b680fb34bc9bb14694bf2c786f085aa2dc26043661d531ee9905 done
#10 exporting config sha256:1c40956e18bd23d87f95b5955f137f90265ce679282cb4712ef60c99edc7d33b done
#10 exporting attestation manifest sha256:8884bb706834598fdeb9917bad773ed398d72a5dbd6f0bc73180f52f8faf3025 0.0s done
#10 exporting manifest list sha256:3b473ea6f7af25d93460494cde7c85b5987b0e372eb85834b2939fb4d63fa365 0.0s done
#10 naming to docker.io/library/websocket-server-instrumented:latest
#10 naming to docker.io/library/websocket-server-instrumented:latest done
#10 unpacking to docker.io/library/websocket-server-instrumented:latest done
#10 DONE 0.1s
Image: "websocket-server-instrumented:latest" with ID "sha256:3b473ea6f7af25d93460494cde7c85b5987b0e372eb85834b2939fb4d63fa365" not yet present on node "stateful-exp-control-plane", loading...
Image: "websocket-server-instrumented:latest" with ID "sha256:3b473ea6f7af25d93460494cde7c85b5987b0e372eb85834b2939fb4d63fa365" not yet present on node "stateful-exp-worker", loading...
#0 building with "default" instance using docker driver

#1 [internal] load build definition from Dockerfile
#1 transferring dockerfile: 153B done
#1 DONE 0.0s

#2 [internal] load metadata for docker.io/library/python:3.11-slim
#2 DONE 0.4s

#3 [internal] load .dockerignore
#3 transferring context: 2B done
#3 DONE 0.0s

#4 [1/4] FROM docker.io/library/python:3.11-slim@sha256:f9fa7f851e38bfb19c9de3afbc4b86ae7176ea7aaf94535c31df5458d5849457
#4 resolve docker.io/library/python:3.11-slim@sha256:f9fa7f851e38bfb19c9de3afbc4b86ae7176ea7aaf94535c31df5458d5849457 0.0s done
#4 DONE 0.0s

#5 [internal] load build context
#5 transferring context: 31B done
#5 DONE 0.0s

#6 [2/4] WORKDIR /app
#6 CACHED

#7 [3/4] COPY client.py .
#7 CACHED

#8 [4/4] RUN pip install websockets numpy
#8 CACHED

#9 exporting to image
#9 exporting layers done
#9 exporting manifest sha256:91cfd3317719b5b19e6284fd3d9b3d49da45f045fd4c730032004a0691686ecb done
#9 exporting config sha256:b3bcceff6fed730c57676a791815fbb083c6ac6deb873d9654fcb132a38e2039 done
#9 exporting attestation manifest sha256:42ed7012fc1f2ddea486f5b0c5518fd2ec9f80421a606a335a123fccb2fef8f9 0.0s done
#9 exporting manifest list sha256:9530b79fcae1a88f79f8c8ede3c618f29edaa726a0bf777e2e999045ba61a2ea 0.0s done
#9 naming to docker.io/library/websocket-loadgen:latest done
#9 unpacking to docker.io/library/websocket-loadgen:latest done
#9 DONE 0.1s
Image: "websocket-loadgen:latest" with ID "sha256:9530b79fcae1a88f79f8c8ede3c618f29edaa726a0bf777e2e999045ba61a2ea" not yet present on node "stateful-exp-control-plane", loading...
Image: "websocket-loadgen:latest" with ID "sha256:9530b79fcae1a88f79f8c8ede3c618f29edaa726a0bf777e2e999045ba61a2ea" not yet present on node "stateful-exp-worker", loading...

============================================================
  6. Deploying WebSocket Workload
============================================================
deployment.apps/websocket-server created
service/websocket-service created
pod/websocket-server-8585946c55-b7ctv condition met
pod/websocket-server-8585946c55-kpmlc condition met

============================================================
  7. Applying HPA (scaleDown window: 300s)
============================================================
horizontalpodautoscaler.autoscaling/websocket-hpa created
[03:01:51] HPA applied (scaleDown window: 300s).

============================================================
  8. Waiting for HPA Metrics
============================================================

============================================================
  9. Prometheus Port-Forward
============================================================

============================================================
  10. Starting Metric Collectors
============================================================

============================================================
  11. Running Load Phases
============================================================
[03:02:38] PHASE: CONNECT -- 800 clients, CPU_WORK=1, 120s
job.batch/websocket-loadgen created
[03:02:40]   [CONNECT +0s] replicas=2 cpu=1% connections=0
[03:02:55]   [CONNECT +15s] replicas=2 cpu=1% connections=18
[03:03:10]   [CONNECT +30s] replicas=2 cpu=14% connections=147
[03:03:25]   [CONNECT +45s] replicas=2 cpu=52% connections=286
[03:03:40]   [CONNECT +60s] replicas=2 cpu=86% connections=418
[03:03:55]   [CONNECT +75s] replicas=3 cpu=118% connections=549
[03:04:10]   [CONNECT +90s] replicas=4 cpu=105% connections=702
[03:04:26]   [CONNECT +105s] replicas=6 cpu=126% connections=800
[03:04:41] PHASE: IDLE GAP -- 360s (window=300s)
[03:04:41]   [IDLE_GAP +0s] replicas=6 connections=800
[03:04:56]   [IDLE_GAP +15s] replicas=8 connections=800
[03:05:11]   [IDLE_GAP +30s] replicas=8 connections=800
[03:05:26]   [IDLE_GAP +45s] replicas=8 connections=800
[03:05:41]   [IDLE_GAP +60s] replicas=8 connections=800
[03:05:56]   [IDLE_GAP +75s] replicas=8 connections=800
[03:06:11]   [IDLE_GAP +90s] replicas=8 connections=800
[03:06:26]   [IDLE_GAP +105s] replicas=8 connections=800
[03:06:41]   [IDLE_GAP +120s] replicas=8 connections=800
[03:06:56]   [IDLE_GAP +135s] replicas=8 connections=800
[03:07:11]   [IDLE_GAP +150s] replicas=8 connections=800
[03:07:26]   [IDLE_GAP +165s] replicas=8 connections=800
[03:07:41]   [IDLE_GAP +180s] replicas=8 connections=800
[03:07:56]   [IDLE_GAP +195s] replicas=8 connections=800
[03:08:11]   [IDLE_GAP +210s] replicas=8 connections=800
[03:08:26]   [IDLE_GAP +225s] replicas=8 connections=800
[03:08:41]   [IDLE_GAP +240s] replicas=8 connections=800
[03:08:56]   [IDLE_GAP +255s] replicas=8 connections=800
[03:09:11]   [IDLE_GAP +270s] replicas=8 connections=800
[03:09:27]   [IDLE_GAP +285s] replicas=8 connections=800
[03:09:42]   [IDLE_GAP +300s] replicas=8 connections=800
[03:09:57]   [IDLE_GAP +315s] replicas=8 connections=800
[03:10:12]   [IDLE_GAP +330s] replicas=4 connections=800
[03:10:27]   [IDLE_GAP +345s] replicas=4 connections=800
[03:10:57] Result: survived=true loss=1.6% (before=800 after=787)

============================================================
  12. Stopping Collectors
============================================================

============================================================
  13. Running Analysis
============================================================
Parsing experiment-b3 logs...
  Parsed cpu.csv: 102 rows
  Parsed replicas.csv: 102 rows
  Parsed connections.csv: 103 rows
  Wrote summary.csv → /home/abhas/node/STAR/future-work/results/processed/websocket/experiment-b3-tuning/window300s_gap360s/run_2/summary.csv
  Summary: pod_seconds=3171.0  scale_up=56.0s  peak_replicas=8.0
Experiment-B3 log parsing complete.

============================================================
  14. Deleting Kind Cluster
============================================================
Deleting cluster "stateful-exp" ...
Deleted nodes: ["stateful-exp-control-plane" "stateful-exp-worker"]

============================================================
  Done — Window=300s Gap=360s Survived=true
============================================================
[CLEANUP] Stopping background processes...

=== STARTING: window300s_gap360s (fail) — Run 3/3 ===

============================================================
  1. Setup — Window=300s, Gap=360s, Run=3
============================================================

============================================================
  2. Creating Fresh Kind Cluster
============================================================
Creating cluster "stateful-exp" ...
 • Ensuring node image (kindest/node:v1.31.6) 🖼  ...
 ✓ Ensuring node image (kindest/node:v1.31.6) 🖼
 • Preparing nodes 📦 📦   ...
 ✓ Preparing nodes 📦 📦 
 • Writing configuration 📜  ...
 ✓ Writing configuration 📜
 • Starting control-plane 🕹️  ...
 ✓ Starting control-plane 🕹️
 • Installing CNI 🔌  ...
 ✓ Installing CNI 🔌
 • Installing StorageClass 💾  ...
 ✓ Installing StorageClass 💾
 • Joining worker nodes 🚜  ...
 ✓ Joining worker nodes 🚜
Set kubectl context to "kind-stateful-exp"
You can now use your cluster with:

kubectl cluster-info --context kind-stateful-exp

Not sure what to do next? 😅  Check out https://kind.sigs.k8s.io/docs/user/quick-start/
[03:11:18] Kind cluster created.

============================================================
  3. Installing Metrics Server
============================================================
serviceaccount/metrics-server created
clusterrole.rbac.authorization.k8s.io/system:aggregated-metrics-reader created
clusterrole.rbac.authorization.k8s.io/system:metrics-server created
rolebinding.rbac.authorization.k8s.io/metrics-server-auth-reader created
clusterrolebinding.rbac.authorization.k8s.io/metrics-server:system:auth-delegator created
clusterrolebinding.rbac.authorization.k8s.io/system:metrics-server created
service/metrics-server created
deployment.apps/metrics-server created
apiservice.apiregistration.k8s.io/v1beta1.metrics.k8s.io created
deployment.apps/metrics-server patched
Waiting for deployment "metrics-server" rollout to finish: 1 old replicas are pending termination...
Waiting for deployment "metrics-server" rollout to finish: 1 old replicas are pending termination...
Waiting for deployment "metrics-server" rollout to finish: 1 old replicas are pending termination...
deployment "metrics-server" successfully rolled out
[03:12:05] Metrics API ready (5s).

============================================================
  4. Deploying Prometheus
============================================================
namespace/monitoring created
serviceaccount/prometheus created
clusterrole.rbac.authorization.k8s.io/prometheus created
clusterrolebinding.rbac.authorization.k8s.io/prometheus created
configmap/prometheus-config created
deployment.apps/prometheus created
service/prometheus created
Waiting for deployment "prometheus" rollout to finish: 0 of 1 updated replicas are available...
deployment "prometheus" successfully rolled out

============================================================
  5. Building Docker Images
============================================================
#0 building with "default" instance using docker driver

#1 [internal] load build definition from Dockerfile
#1 transferring dockerfile: 200B done
#1 DONE 0.0s

#2 [auth] library/python:pull token for registry-1.docker.io
#2 DONE 0.0s

#3 [internal] load metadata for docker.io/library/python:3.11-slim
#3 DONE 1.2s

#4 [internal] load .dockerignore
#4 transferring context: 2B done
#4 DONE 0.0s

#5 [1/4] FROM docker.io/library/python:3.11-slim@sha256:f9fa7f851e38bfb19c9de3afbc4b86ae7176ea7aaf94535c31df5458d5849457
#5 resolve docker.io/library/python:3.11-slim@sha256:f9fa7f851e38bfb19c9de3afbc4b86ae7176ea7aaf94535c31df5458d5849457 0.0s done
#5 DONE 0.0s

#6 [internal] load build context
#6 transferring context: 31B done
#6 DONE 0.0s

#7 [2/4] WORKDIR /app
#7 CACHED

#8 [3/4] COPY server.py .
#8 CACHED

#9 [4/4] RUN pip install websockets aiohttp prometheus_client
#9 CACHED

#10 exporting to image
#10 exporting layers done
#10 exporting manifest sha256:a7b2d10e97d7b680fb34bc9bb14694bf2c786f085aa2dc26043661d531ee9905 done
#10 exporting config sha256:1c40956e18bd23d87f95b5955f137f90265ce679282cb4712ef60c99edc7d33b done
#10 exporting attestation manifest sha256:4d062b845bab45243daaf92fc7781b5d87789a38e0bbc9800db7b655f82f2ba5 0.0s done
#10 exporting manifest list sha256:23e8fdf60cb658a62a4ca4e749286d8fff08ee9a7fd1da7eb0ce9a31d0130365 0.0s done
#10 naming to docker.io/library/websocket-server-instrumented:latest done
#10 unpacking to docker.io/library/websocket-server-instrumented:latest done
#10 DONE 0.1s
Image: "websocket-server-instrumented:latest" with ID "sha256:23e8fdf60cb658a62a4ca4e749286d8fff08ee9a7fd1da7eb0ce9a31d0130365" not yet present on node "stateful-exp-control-plane", loading...
Image: "websocket-server-instrumented:latest" with ID "sha256:23e8fdf60cb658a62a4ca4e749286d8fff08ee9a7fd1da7eb0ce9a31d0130365" not yet present on node "stateful-exp-worker", loading...
#0 building with "default" instance using docker driver

#1 [internal] load build definition from Dockerfile
#1 transferring dockerfile: 153B done
#1 DONE 0.0s

#2 [internal] load metadata for docker.io/library/python:3.11-slim
#2 DONE 0.3s

#3 [internal] load .dockerignore
#3 transferring context: 2B done
#3 DONE 0.0s

#4 [1/4] FROM docker.io/library/python:3.11-slim@sha256:f9fa7f851e38bfb19c9de3afbc4b86ae7176ea7aaf94535c31df5458d5849457
#4 resolve docker.io/library/python:3.11-slim@sha256:f9fa7f851e38bfb19c9de3afbc4b86ae7176ea7aaf94535c31df5458d5849457 0.0s done
#4 DONE 0.0s

#5 [internal] load build context
#5 transferring context: 31B done
#5 DONE 0.0s

#6 [2/4] WORKDIR /app
#6 CACHED

#7 [3/4] COPY client.py .
#7 CACHED

#8 [4/4] RUN pip install websockets numpy
#8 CACHED

#9 exporting to image
#9 exporting layers done
#9 exporting manifest sha256:91cfd3317719b5b19e6284fd3d9b3d49da45f045fd4c730032004a0691686ecb done
#9 exporting config sha256:b3bcceff6fed730c57676a791815fbb083c6ac6deb873d9654fcb132a38e2039 done
#9 exporting attestation manifest sha256:86c5f21bf0fb9e86fa55872e78e57fffb9152638d60fd7876aeba40b575e1e08 0.0s done
#9 exporting manifest list sha256:0a0798c4904a3ca6ff242959db048aa834af422e087585dd89e72a240d7b1c94 done
#9 naming to docker.io/library/websocket-loadgen:latest done
#9 unpacking to docker.io/library/websocket-loadgen:latest done
#9 DONE 0.1s
Image: "websocket-loadgen:latest" with ID "sha256:0a0798c4904a3ca6ff242959db048aa834af422e087585dd89e72a240d7b1c94" not yet present on node "stateful-exp-control-plane", loading...
Image: "websocket-loadgen:latest" with ID "sha256:0a0798c4904a3ca6ff242959db048aa834af422e087585dd89e72a240d7b1c94" not yet present on node "stateful-exp-worker", loading...

============================================================
  6. Deploying WebSocket Workload
============================================================
deployment.apps/websocket-server created
service/websocket-service created
pod/websocket-server-8585946c55-4g4ks condition met
pod/websocket-server-8585946c55-msskj condition met

============================================================
  7. Applying HPA (scaleDown window: 300s)
============================================================
horizontalpodautoscaler.autoscaling/websocket-hpa created
[03:12:52] HPA applied (scaleDown window: 300s).

============================================================
  8. Waiting for HPA Metrics
============================================================

============================================================
  9. Prometheus Port-Forward
============================================================

============================================================
  10. Starting Metric Collectors
============================================================

============================================================
  11. Running Load Phases
============================================================
[03:13:29] PHASE: CONNECT -- 800 clients, CPU_WORK=1, 120s
job.batch/websocket-loadgen created
[03:13:32]   [CONNECT +0s] replicas=2 cpu=1% connections=0
[03:13:47]   [CONNECT +15s] replicas=2 cpu=1% connections=35
[03:14:02]   [CONNECT +30s] replicas=2 cpu=3% connections=171
[03:14:17]   [CONNECT +45s] replicas=2 cpu=30% connections=304
[03:14:32]   [CONNECT +60s] replicas=2 cpu=69% connections=435
[03:14:47]   [CONNECT +75s] replicas=3 cpu=108% connections=598
[03:15:02]   [CONNECT +90s] replicas=4 cpu=122% connections=733
[03:15:17]   [CONNECT +105s] replicas=4 cpu=84% connections=800
[03:15:32] PHASE: IDLE GAP -- 360s (window=300s)
[03:15:32]   [IDLE_GAP +0s] replicas=6 connections=800
[03:15:47]   [IDLE_GAP +15s] replicas=6 connections=800
[03:16:02]   [IDLE_GAP +30s] replicas=8 connections=800
[03:16:17]   [IDLE_GAP +45s] replicas=8 connections=800
[03:16:32]   [IDLE_GAP +60s] replicas=8 connections=800
[03:16:48]   [IDLE_GAP +75s] replicas=8 connections=800
[03:17:03]   [IDLE_GAP +90s] replicas=8 connections=800
[03:17:18]   [IDLE_GAP +105s] replicas=8 connections=800
[03:17:33]   [IDLE_GAP +120s] replicas=8 connections=800
[03:17:48]   [IDLE_GAP +135s] replicas=8 connections=800
[03:18:03]   [IDLE_GAP +150s] replicas=8 connections=800
[03:18:18]   [IDLE_GAP +165s] replicas=8 connections=800
[03:18:33]   [IDLE_GAP +180s] replicas=8 connections=800
[03:18:48]   [IDLE_GAP +195s] replicas=8 connections=800
[03:19:03]   [IDLE_GAP +210s] replicas=8 connections=800
[03:19:18]   [IDLE_GAP +225s] replicas=8 connections=800
[03:19:33]   [IDLE_GAP +240s] replicas=8 connections=800
[03:19:48]   [IDLE_GAP +255s] replicas=8 connections=800
[03:20:03]   [IDLE_GAP +270s] replicas=8 connections=800
[03:20:18]   [IDLE_GAP +285s] replicas=8 connections=800
[03:20:33]   [IDLE_GAP +300s] replicas=8 connections=800
[03:20:48]   [IDLE_GAP +315s] replicas=8 connections=800
[03:21:03]   [IDLE_GAP +330s] replicas=8 connections=800
[03:21:18]   [IDLE_GAP +345s] replicas=4 connections=800
[03:21:49] Result: survived=false loss=43.1% (before=800 after=455)

============================================================
  12. Stopping Collectors
============================================================

============================================================
  13. Running Analysis
============================================================
Parsing experiment-b3 logs...
  Parsed cpu.csv: 102 rows
  Parsed replicas.csv: 102 rows
  Parsed connections.csv: 103 rows
  Wrote summary.csv → /home/abhas/node/STAR/future-work/results/processed/websocket/experiment-b3-tuning/window300s_gap360s/run_3/summary.csv
  Summary: pod_seconds=3181.0  scale_up=50.0s  peak_replicas=8.0
Experiment-B3 log parsing complete.

============================================================
  14. Deleting Kind Cluster
============================================================
Deleting cluster "stateful-exp" ...
Deleted nodes: ["stateful-exp-control-plane" "stateful-exp-worker"]

============================================================
  Done — Window=300s Gap=360s Survived=false
============================================================
[CLEANUP] Stopping background processes...
