1772471343
websocket-server-6cd7b89cdf-b75v5   39m   27Mi   
websocket-server-6cd7b89cdf-wq97l   40m   27Mi   
1772471348
websocket-server-6cd7b89cdf-b75v5   39m   27Mi   
websocket-server-6cd7b89cdf-wq97l   40m   27Mi   
1772471353
websocket-server-6cd7b89cdf-b75v5   103m   48Mi   
websocket-server-6cd7b89cdf-wq97l   1m     27Mi   
1772471358
websocket-server-6cd7b89cdf-b75v5   103m   48Mi   
websocket-server-6cd7b89cdf-wq97l   1m     27Mi   
1772471363
websocket-server-6cd7b89cdf-b75v5   103m   48Mi   
websocket-server-6cd7b89cdf-wq97l   1m     27Mi   
1772471368
websocket-loadgen-fbcpw             40m    65Mi   
websocket-server-6cd7b89cdf-b75v5   437m   49Mi   
websocket-server-6cd7b89cdf-wq97l   351m   51Mi   
1772471373
websocket-loadgen-fbcpw             40m    65Mi   
websocket-server-6cd7b89cdf-b75v5   437m   49Mi   
websocket-server-6cd7b89cdf-wq97l   351m   51Mi   
1772471378
websocket-loadgen-fbcpw             40m    65Mi   
websocket-server-6cd7b89cdf-b75v5   437m   49Mi   
websocket-server-6cd7b89cdf-wq97l   351m   51Mi   
1772471383
websocket-loadgen-fbcpw             58m    66Mi   
websocket-server-6cd7b89cdf-47lg6   51m    27Mi   
websocket-server-6cd7b89cdf-b75v5   422m   49Mi   
websocket-server-6cd7b89cdf-gjfjh   44m    27Mi   
websocket-server-6cd7b89cdf-h85qz   44m    27Mi   
websocket-server-6cd7b89cdf-w9qbx   49m    27Mi   
websocket-server-6cd7b89cdf-wq97l   501m   52Mi   
1772471388
websocket-loadgen-fbcpw             58m    66Mi   
websocket-server-6cd7b89cdf-47lg6   51m    27Mi   
websocket-server-6cd7b89cdf-b75v5   422m   49Mi   
websocket-server-6cd7b89cdf-gjfjh   44m    27Mi   
websocket-server-6cd7b89cdf-h85qz   44m    27Mi   
websocket-server-6cd7b89cdf-w9qbx   49m    27Mi   
websocket-server-6cd7b89cdf-wq97l   501m   52Mi   
1772471394
websocket-loadgen-fbcpw             58m    66Mi   
websocket-server-6cd7b89cdf-47lg6   51m    27Mi   
websocket-server-6cd7b89cdf-b75v5   422m   49Mi   
websocket-server-6cd7b89cdf-gjfjh   44m    27Mi   
websocket-server-6cd7b89cdf-h85qz   44m    27Mi   
websocket-server-6cd7b89cdf-w9qbx   49m    27Mi   
websocket-server-6cd7b89cdf-wq97l   501m   52Mi   
1772471399
websocket-loadgen-fbcpw             45m    67Mi   
websocket-server-6cd7b89cdf-47lg6   1m     27Mi   
websocket-server-6cd7b89cdf-5hh44   50m    27Mi   
websocket-server-6cd7b89cdf-b75v5   470m   50Mi   
websocket-server-6cd7b89cdf-bpn7p   54m    27Mi   
websocket-server-6cd7b89cdf-fnd7l   46m    28Mi   
websocket-server-6cd7b89cdf-gjfjh   0m     27Mi   
websocket-server-6cd7b89cdf-h85qz   44m    27Mi   
websocket-server-6cd7b89cdf-hw5x6   47m    27Mi   
websocket-server-6cd7b89cdf-t5t2v   46m    27Mi   
websocket-server-6cd7b89cdf-w9qbx   1m     27Mi   
websocket-server-6cd7b89cdf-wq97l   500m   53Mi   
websocket-server-6cd7b89cdf-xvvsz   56m    27Mi   
1772471404
websocket-loadgen-fbcpw             45m    67Mi   
websocket-server-6cd7b89cdf-47lg6   1m     27Mi   
websocket-server-6cd7b89cdf-5hh44   50m    27Mi   
websocket-server-6cd7b89cdf-b75v5   470m   50Mi   
websocket-server-6cd7b89cdf-bpn7p   54m    27Mi   
websocket-server-6cd7b89cdf-fnd7l   46m    28Mi   
websocket-server-6cd7b89cdf-gjfjh   0m     27Mi   
websocket-server-6cd7b89cdf-h85qz   44m    27Mi   
websocket-server-6cd7b89cdf-hw5x6   47m    27Mi   
websocket-server-6cd7b89cdf-t5t2v   46m    27Mi   
websocket-server-6cd7b89cdf-w9qbx   1m     27Mi   
websocket-server-6cd7b89cdf-wq97l   500m   53Mi   
websocket-server-6cd7b89cdf-xvvsz   56m    27Mi   
1772471409
websocket-loadgen-fbcpw             45m    67Mi   
websocket-server-6cd7b89cdf-47lg6   1m     27Mi   
websocket-server-6cd7b89cdf-5hh44   50m    27Mi   
websocket-server-6cd7b89cdf-b75v5   470m   50Mi   
websocket-server-6cd7b89cdf-bpn7p   54m    27Mi   
websocket-server-6cd7b89cdf-fnd7l   46m    28Mi   
websocket-server-6cd7b89cdf-gjfjh   0m     27Mi   
websocket-server-6cd7b89cdf-h85qz   44m    27Mi   
websocket-server-6cd7b89cdf-hw5x6   47m    27Mi   
websocket-server-6cd7b89cdf-t5t2v   46m    27Mi   
websocket-server-6cd7b89cdf-w9qbx   1m     27Mi   
websocket-server-6cd7b89cdf-wq97l   500m   53Mi   
websocket-server-6cd7b89cdf-xvvsz   56m    27Mi   
1772471414
websocket-loadgen-fbcpw             44m    67Mi   
websocket-server-6cd7b89cdf-47lg6   1m     27Mi   
websocket-server-6cd7b89cdf-5hh44   0m     27Mi   
websocket-server-6cd7b89cdf-7vzdd   42m    27Mi   
websocket-server-6cd7b89cdf-b75v5   438m   50Mi   
websocket-server-6cd7b89cdf-bpn7p   54m    27Mi   
websocket-server-6cd7b89cdf-bt2h6   40m    27Mi   
websocket-server-6cd7b89cdf-fnd7l   44m    27Mi   
websocket-server-6cd7b89cdf-gjfjh   1m     27Mi   
websocket-server-6cd7b89cdf-h85qz   1m     27Mi   
websocket-server-6cd7b89cdf-hw5x6   0m     27Mi   
websocket-server-6cd7b89cdf-nvr57   44m    27Mi   
websocket-server-6cd7b89cdf-t5t2v   1m     27Mi   
websocket-server-6cd7b89cdf-w9qbx   1m     27Mi   
websocket-server-6cd7b89cdf-wq97l   500m   52Mi   
websocket-server-6cd7b89cdf-xvvsz   1m     27Mi   
1772471419
websocket-loadgen-fbcpw             44m    67Mi   
websocket-server-6cd7b89cdf-47lg6   1m     27Mi   
websocket-server-6cd7b89cdf-5hh44   0m     27Mi   
websocket-server-6cd7b89cdf-7vzdd   42m    27Mi   
websocket-server-6cd7b89cdf-b75v5   438m   50Mi   
websocket-server-6cd7b89cdf-bpn7p   54m    27Mi   
websocket-server-6cd7b89cdf-bt2h6   40m    27Mi   
websocket-server-6cd7b89cdf-fnd7l   44m    27Mi   
websocket-server-6cd7b89cdf-gjfjh   1m     27Mi   
websocket-server-6cd7b89cdf-h85qz   1m     27Mi   
websocket-server-6cd7b89cdf-hw5x6   0m     27Mi   
websocket-server-6cd7b89cdf-nvr57   44m    27Mi   
websocket-server-6cd7b89cdf-t5t2v   1m     27Mi   
websocket-server-6cd7b89cdf-w9qbx   1m     27Mi   
websocket-server-6cd7b89cdf-wq97l   500m   52Mi   
websocket-server-6cd7b89cdf-xvvsz   1m     27Mi   
1772471424
websocket-loadgen-fbcpw             44m    67Mi   
websocket-server-6cd7b89cdf-47lg6   1m     27Mi   
websocket-server-6cd7b89cdf-5hh44   0m     27Mi   
websocket-server-6cd7b89cdf-7vzdd   42m    27Mi   
websocket-server-6cd7b89cdf-b75v5   438m   50Mi   
websocket-server-6cd7b89cdf-bpn7p   54m    27Mi   
websocket-server-6cd7b89cdf-bt2h6   40m    27Mi   
websocket-server-6cd7b89cdf-fnd7l   44m    27Mi   
websocket-server-6cd7b89cdf-gjfjh   1m     27Mi   
websocket-server-6cd7b89cdf-h85qz   1m     27Mi   
websocket-server-6cd7b89cdf-hw5x6   0m     27Mi   
websocket-server-6cd7b89cdf-nvr57   44m    27Mi   
websocket-server-6cd7b89cdf-t5t2v   1m     27Mi   
websocket-server-6cd7b89cdf-w9qbx   1m     27Mi   
websocket-server-6cd7b89cdf-wq97l   500m   52Mi   
websocket-server-6cd7b89cdf-xvvsz   1m     27Mi   
1772471429
websocket-loadgen-fbcpw             50m    67Mi   
websocket-server-6cd7b89cdf-47lg6   1m     27Mi   
websocket-server-6cd7b89cdf-5hh44   1m     27Mi   
websocket-server-6cd7b89cdf-7vzdd   0m     27Mi   
websocket-server-6cd7b89cdf-b75v5   462m   50Mi   
websocket-server-6cd7b89cdf-bpn7p   1m     27Mi   
websocket-server-6cd7b89cdf-bt2h6   1m     27Mi   
websocket-server-6cd7b89cdf-fnd7l   1m     27Mi   
websocket-server-6cd7b89cdf-gjfjh   1m     27Mi   
websocket-server-6cd7b89cdf-h85qz   1m     27Mi   
websocket-server-6cd7b89cdf-hw5x6   1m     27Mi   
websocket-server-6cd7b89cdf-nvr57   1m     27Mi   
websocket-server-6cd7b89cdf-t5t2v   1m     27Mi   
websocket-server-6cd7b89cdf-w9qbx   1m     27Mi   
websocket-server-6cd7b89cdf-wq97l   501m   52Mi   
websocket-server-6cd7b89cdf-xvvsz   1m     27Mi   
1772471434
websocket-loadgen-fbcpw             50m    67Mi   
websocket-server-6cd7b89cdf-47lg6   1m     27Mi   
websocket-server-6cd7b89cdf-5hh44   1m     27Mi   
websocket-server-6cd7b89cdf-7vzdd   0m     27Mi   
websocket-server-6cd7b89cdf-b75v5   462m   50Mi   
websocket-server-6cd7b89cdf-bpn7p   1m     27Mi   
websocket-server-6cd7b89cdf-bt2h6   1m     27Mi   
websocket-server-6cd7b89cdf-fnd7l   1m     27Mi   
websocket-server-6cd7b89cdf-gjfjh   1m     27Mi   
websocket-server-6cd7b89cdf-h85qz   1m     27Mi   
websocket-server-6cd7b89cdf-hw5x6   1m     27Mi   
websocket-server-6cd7b89cdf-nvr57   1m     27Mi   
websocket-server-6cd7b89cdf-t5t2v   1m     27Mi   
websocket-server-6cd7b89cdf-w9qbx   1m     27Mi   
websocket-server-6cd7b89cdf-wq97l   501m   52Mi   
websocket-server-6cd7b89cdf-xvvsz   1m     27Mi   
1772471440
websocket-server-6cd7b89cdf-47lg6   1m     27Mi   
websocket-server-6cd7b89cdf-5hh44   1m     27Mi   
websocket-server-6cd7b89cdf-7vzdd   0m     27Mi   
websocket-server-6cd7b89cdf-b75v5   462m   50Mi   
websocket-server-6cd7b89cdf-bpn7p   1m     27Mi   
websocket-server-6cd7b89cdf-bt2h6   1m     27Mi   
websocket-server-6cd7b89cdf-fnd7l   1m     27Mi   
websocket-server-6cd7b89cdf-gjfjh   1m     27Mi   
websocket-server-6cd7b89cdf-h85qz   1m     27Mi   
websocket-server-6cd7b89cdf-hw5x6   1m     27Mi   
websocket-server-6cd7b89cdf-nvr57   1m     27Mi   
websocket-server-6cd7b89cdf-t5t2v   1m     27Mi   
websocket-server-6cd7b89cdf-w9qbx   1m     27Mi   
websocket-server-6cd7b89cdf-wq97l   501m   52Mi   
websocket-server-6cd7b89cdf-xvvsz   1m     27Mi   
1772471445
websocket-server-6cd7b89cdf-47lg6   1m     27Mi   
websocket-server-6cd7b89cdf-5hh44   1m     27Mi   
websocket-server-6cd7b89cdf-7vzdd   0m     27Mi   
websocket-server-6cd7b89cdf-b75v5   442m   49Mi   
websocket-server-6cd7b89cdf-bpn7p   0m     27Mi   
websocket-server-6cd7b89cdf-bt2h6   1m     27Mi   
websocket-server-6cd7b89cdf-fnd7l   1m     27Mi   
websocket-server-6cd7b89cdf-gjfjh   1m     27Mi   
websocket-server-6cd7b89cdf-h85qz   1m     27Mi   
websocket-server-6cd7b89cdf-hw5x6   1m     27Mi   
websocket-server-6cd7b89cdf-nvr57   1m     27Mi   
websocket-server-6cd7b89cdf-t5t2v   0m     27Mi   
websocket-server-6cd7b89cdf-w9qbx   1m     27Mi   
websocket-server-6cd7b89cdf-wq97l   501m   52Mi   
websocket-server-6cd7b89cdf-xvvsz   1m     27Mi   
1772471450
websocket-server-6cd7b89cdf-47lg6   1m     27Mi   
websocket-server-6cd7b89cdf-5hh44   1m     27Mi   
websocket-server-6cd7b89cdf-7vzdd   0m     27Mi   
websocket-server-6cd7b89cdf-b75v5   442m   49Mi   
websocket-server-6cd7b89cdf-bpn7p   0m     27Mi   
websocket-server-6cd7b89cdf-bt2h6   1m     27Mi   
websocket-server-6cd7b89cdf-fnd7l   1m     27Mi   
websocket-server-6cd7b89cdf-gjfjh   1m     27Mi   
websocket-server-6cd7b89cdf-h85qz   1m     27Mi   
websocket-server-6cd7b89cdf-hw5x6   1m     27Mi   
websocket-server-6cd7b89cdf-nvr57   1m     27Mi   
websocket-server-6cd7b89cdf-t5t2v   0m     27Mi   
websocket-server-6cd7b89cdf-w9qbx   1m     27Mi   
websocket-server-6cd7b89cdf-wq97l   501m   52Mi   
websocket-server-6cd7b89cdf-xvvsz   1m     27Mi   
1772471455
websocket-server-6cd7b89cdf-47lg6   1m     27Mi   
websocket-server-6cd7b89cdf-5hh44   1m     27Mi   
websocket-server-6cd7b89cdf-7vzdd   0m     27Mi   
websocket-server-6cd7b89cdf-b75v5   442m   49Mi   
websocket-server-6cd7b89cdf-bpn7p   0m     27Mi   
websocket-server-6cd7b89cdf-bt2h6   1m     27Mi   
websocket-server-6cd7b89cdf-fnd7l   1m     27Mi   
websocket-server-6cd7b89cdf-gjfjh   1m     27Mi   
websocket-server-6cd7b89cdf-h85qz   1m     27Mi   
websocket-server-6cd7b89cdf-hw5x6   1m     27Mi   
websocket-server-6cd7b89cdf-nvr57   1m     27Mi   
websocket-server-6cd7b89cdf-t5t2v   0m     27Mi   
websocket-server-6cd7b89cdf-w9qbx   1m     27Mi   
websocket-server-6cd7b89cdf-wq97l   501m   52Mi   
websocket-server-6cd7b89cdf-xvvsz   1m     27Mi   
1772471460
websocket-server-6cd7b89cdf-47lg6   1m     27Mi   
websocket-server-6cd7b89cdf-5hh44   1m     27Mi   
websocket-server-6cd7b89cdf-7vzdd   1m     27Mi   
websocket-server-6cd7b89cdf-b75v5   1m     49Mi   
websocket-server-6cd7b89cdf-bpn7p   1m     27Mi   
websocket-server-6cd7b89cdf-bt2h6   1m     27Mi   
websocket-server-6cd7b89cdf-fnd7l   1m     27Mi   
websocket-server-6cd7b89cdf-gjfjh   1m     27Mi   
websocket-server-6cd7b89cdf-h85qz   1m     27Mi   
websocket-server-6cd7b89cdf-hw5x6   1m     27Mi   
websocket-server-6cd7b89cdf-nvr57   1m     27Mi   
websocket-server-6cd7b89cdf-t5t2v   1m     27Mi   
websocket-server-6cd7b89cdf-w9qbx   1m     27Mi   
websocket-server-6cd7b89cdf-wq97l   365m   52Mi   
websocket-server-6cd7b89cdf-xvvsz   1m     27Mi   
1772471465
websocket-server-6cd7b89cdf-47lg6   1m     27Mi   
websocket-server-6cd7b89cdf-5hh44   1m     27Mi   
websocket-server-6cd7b89cdf-7vzdd   1m     27Mi   
websocket-server-6cd7b89cdf-b75v5   1m     49Mi   
websocket-server-6cd7b89cdf-bpn7p   1m     27Mi   
websocket-server-6cd7b89cdf-bt2h6   1m     27Mi   
websocket-server-6cd7b89cdf-fnd7l   1m     27Mi   
websocket-server-6cd7b89cdf-gjfjh   1m     27Mi   
websocket-server-6cd7b89cdf-h85qz   1m     27Mi   
websocket-server-6cd7b89cdf-hw5x6   1m     27Mi   
websocket-server-6cd7b89cdf-nvr57   1m     27Mi   
websocket-server-6cd7b89cdf-t5t2v   1m     27Mi   
websocket-server-6cd7b89cdf-w9qbx   1m     27Mi   
websocket-server-6cd7b89cdf-wq97l   365m   52Mi   
websocket-server-6cd7b89cdf-xvvsz   1m     27Mi   
1772471470
websocket-server-6cd7b89cdf-47lg6   1m     27Mi   
websocket-server-6cd7b89cdf-5hh44   1m     27Mi   
websocket-server-6cd7b89cdf-7vzdd   1m     27Mi   
websocket-server-6cd7b89cdf-b75v5   1m     49Mi   
websocket-server-6cd7b89cdf-bpn7p   1m     27Mi   
websocket-server-6cd7b89cdf-bt2h6   1m     27Mi   
websocket-server-6cd7b89cdf-fnd7l   1m     27Mi   
websocket-server-6cd7b89cdf-gjfjh   1m     27Mi   
websocket-server-6cd7b89cdf-h85qz   1m     27Mi   
websocket-server-6cd7b89cdf-hw5x6   1m     27Mi   
websocket-server-6cd7b89cdf-nvr57   1m     27Mi   
websocket-server-6cd7b89cdf-t5t2v   1m     27Mi   
websocket-server-6cd7b89cdf-w9qbx   1m     27Mi   
websocket-server-6cd7b89cdf-wq97l   365m   52Mi   
websocket-server-6cd7b89cdf-xvvsz   1m     27Mi   
1772471475
websocket-server-6cd7b89cdf-47lg6   0m    27Mi   
websocket-server-6cd7b89cdf-5hh44   1m    27Mi   
websocket-server-6cd7b89cdf-7vzdd   1m    27Mi   
websocket-server-6cd7b89cdf-b75v5   1m    49Mi   
websocket-server-6cd7b89cdf-bpn7p   1m    27Mi   
websocket-server-6cd7b89cdf-bt2h6   1m    27Mi   
websocket-server-6cd7b89cdf-fnd7l   1m    27Mi   
websocket-server-6cd7b89cdf-gjfjh   1m    27Mi   
websocket-server-6cd7b89cdf-h85qz   1m    27Mi   
websocket-server-6cd7b89cdf-hw5x6   1m    27Mi   
websocket-server-6cd7b89cdf-nvr57   1m    27Mi   
websocket-server-6cd7b89cdf-t5t2v   1m    27Mi   
websocket-server-6cd7b89cdf-w9qbx   1m    28Mi   
websocket-server-6cd7b89cdf-wq97l   1m    52Mi   
websocket-server-6cd7b89cdf-xvvsz   1m    27Mi   
1772471480
websocket-server-6cd7b89cdf-47lg6   0m    27Mi   
websocket-server-6cd7b89cdf-5hh44   1m    27Mi   
websocket-server-6cd7b89cdf-7vzdd   1m    27Mi   
websocket-server-6cd7b89cdf-b75v5   1m    49Mi   
websocket-server-6cd7b89cdf-bpn7p   1m    27Mi   
websocket-server-6cd7b89cdf-bt2h6   1m    27Mi   
websocket-server-6cd7b89cdf-fnd7l   1m    27Mi   
websocket-server-6cd7b89cdf-gjfjh   1m    27Mi   
websocket-server-6cd7b89cdf-h85qz   1m    27Mi   
websocket-server-6cd7b89cdf-hw5x6   1m    27Mi   
websocket-server-6cd7b89cdf-nvr57   1m    27Mi   
websocket-server-6cd7b89cdf-t5t2v   1m    27Mi   
websocket-server-6cd7b89cdf-w9qbx   1m    28Mi   
websocket-server-6cd7b89cdf-wq97l   1m    52Mi   
websocket-server-6cd7b89cdf-xvvsz   1m    27Mi   
1772471486
websocket-server-6cd7b89cdf-47lg6   1m    27Mi   
websocket-server-6cd7b89cdf-5hh44   1m    27Mi   
websocket-server-6cd7b89cdf-7vzdd   1m    27Mi   
websocket-server-6cd7b89cdf-b75v5   1m    50Mi   
websocket-server-6cd7b89cdf-bpn7p   1m    27Mi   
websocket-server-6cd7b89cdf-bt2h6   1m    27Mi   
websocket-server-6cd7b89cdf-fnd7l   1m    27Mi   
websocket-server-6cd7b89cdf-gjfjh   1m    27Mi   
websocket-server-6cd7b89cdf-h85qz   1m    27Mi   
websocket-server-6cd7b89cdf-hw5x6   1m    27Mi   
websocket-server-6cd7b89cdf-nvr57   1m    27Mi   
websocket-server-6cd7b89cdf-t5t2v   1m    28Mi   
websocket-server-6cd7b89cdf-w9qbx   1m    27Mi   
websocket-server-6cd7b89cdf-wq97l   1m    52Mi   
websocket-server-6cd7b89cdf-xvvsz   1m    27Mi   
1772471491
websocket-server-6cd7b89cdf-47lg6   1m    27Mi   
websocket-server-6cd7b89cdf-5hh44   1m    27Mi   
websocket-server-6cd7b89cdf-7vzdd   1m    27Mi   
websocket-server-6cd7b89cdf-b75v5   1m    50Mi   
websocket-server-6cd7b89cdf-bpn7p   1m    27Mi   
websocket-server-6cd7b89cdf-bt2h6   1m    27Mi   
websocket-server-6cd7b89cdf-fnd7l   1m    27Mi   
websocket-server-6cd7b89cdf-gjfjh   1m    27Mi   
websocket-server-6cd7b89cdf-h85qz   1m    27Mi   
websocket-server-6cd7b89cdf-hw5x6   1m    27Mi   
websocket-server-6cd7b89cdf-nvr57   1m    27Mi   
websocket-server-6cd7b89cdf-t5t2v   1m    28Mi   
websocket-server-6cd7b89cdf-w9qbx   1m    27Mi   
websocket-server-6cd7b89cdf-wq97l   1m    52Mi   
websocket-server-6cd7b89cdf-xvvsz   1m    27Mi   
1772471496
websocket-server-6cd7b89cdf-47lg6   1m    27Mi   
websocket-server-6cd7b89cdf-5hh44   1m    27Mi   
websocket-server-6cd7b89cdf-7vzdd   1m    27Mi   
websocket-server-6cd7b89cdf-b75v5   1m    50Mi   
websocket-server-6cd7b89cdf-bpn7p   1m    27Mi   
websocket-server-6cd7b89cdf-bt2h6   1m    27Mi   
websocket-server-6cd7b89cdf-fnd7l   1m    27Mi   
websocket-server-6cd7b89cdf-gjfjh   1m    27Mi   
websocket-server-6cd7b89cdf-h85qz   1m    27Mi   
websocket-server-6cd7b89cdf-hw5x6   1m    27Mi   
websocket-server-6cd7b89cdf-nvr57   1m    27Mi   
websocket-server-6cd7b89cdf-t5t2v   1m    28Mi   
websocket-server-6cd7b89cdf-w9qbx   1m    27Mi   
websocket-server-6cd7b89cdf-wq97l   1m    52Mi   
websocket-server-6cd7b89cdf-xvvsz   1m    27Mi   
1772471501
websocket-server-6cd7b89cdf-47lg6   2m    28Mi   
websocket-server-6cd7b89cdf-5hh44   1m    27Mi   
websocket-server-6cd7b89cdf-7vzdd   24m   31Mi   
websocket-server-6cd7b89cdf-b75v5   1m    49Mi   
websocket-server-6cd7b89cdf-bpn7p   1m    27Mi   
websocket-server-6cd7b89cdf-bt2h6   1m    27Mi   
websocket-server-6cd7b89cdf-fnd7l   1m    27Mi   
websocket-server-6cd7b89cdf-gjfjh   6m    30Mi   
websocket-server-6cd7b89cdf-h85qz   39m   31Mi   
websocket-server-6cd7b89cdf-hw5x6   1m    27Mi   
websocket-server-6cd7b89cdf-nvr57   1m    27Mi   
websocket-server-6cd7b89cdf-t5t2v   0m    27Mi   
websocket-server-6cd7b89cdf-w9qbx   0m    27Mi   
websocket-server-6cd7b89cdf-wq97l   1m    52Mi   
websocket-server-6cd7b89cdf-xvvsz   1m    27Mi   
1772471506
websocket-server-6cd7b89cdf-47lg6   2m    28Mi   
websocket-server-6cd7b89cdf-5hh44   1m    27Mi   
websocket-server-6cd7b89cdf-7vzdd   24m   31Mi   
websocket-server-6cd7b89cdf-b75v5   1m    49Mi   
websocket-server-6cd7b89cdf-bpn7p   1m    27Mi   
websocket-server-6cd7b89cdf-bt2h6   1m    27Mi   
websocket-server-6cd7b89cdf-fnd7l   1m    27Mi   
websocket-server-6cd7b89cdf-gjfjh   6m    30Mi   
websocket-server-6cd7b89cdf-h85qz   39m   31Mi   
websocket-server-6cd7b89cdf-hw5x6   1m    27Mi   
websocket-server-6cd7b89cdf-nvr57   1m    27Mi   
websocket-server-6cd7b89cdf-t5t2v   0m    27Mi   
websocket-server-6cd7b89cdf-w9qbx   0m    27Mi   
websocket-server-6cd7b89cdf-wq97l   1m    52Mi   
websocket-server-6cd7b89cdf-xvvsz   1m    27Mi   
1772471511
websocket-server-6cd7b89cdf-47lg6   2m    28Mi   
websocket-server-6cd7b89cdf-5hh44   1m    27Mi   
websocket-server-6cd7b89cdf-7vzdd   24m   31Mi   
websocket-server-6cd7b89cdf-b75v5   1m    49Mi   
websocket-server-6cd7b89cdf-bpn7p   1m    27Mi   
websocket-server-6cd7b89cdf-bt2h6   1m    27Mi   
websocket-server-6cd7b89cdf-fnd7l   1m    27Mi   
websocket-server-6cd7b89cdf-gjfjh   6m    30Mi   
websocket-server-6cd7b89cdf-h85qz   39m   31Mi   
websocket-server-6cd7b89cdf-hw5x6   1m    27Mi   
websocket-server-6cd7b89cdf-nvr57   1m    27Mi   
websocket-server-6cd7b89cdf-t5t2v   0m    27Mi   
websocket-server-6cd7b89cdf-w9qbx   0m    27Mi   
websocket-server-6cd7b89cdf-wq97l   1m    52Mi   
websocket-server-6cd7b89cdf-xvvsz   1m    27Mi   
1772471516
websocket-loadgen-6fctx             157m   66Mi   
websocket-server-6cd7b89cdf-47lg6   91m    30Mi   
websocket-server-6cd7b89cdf-5hh44   62m    29Mi   
websocket-server-6cd7b89cdf-7vzdd   83m    31Mi   
websocket-server-6cd7b89cdf-b75v5   78m    51Mi   
websocket-server-6cd7b89cdf-bpn7p   91m    30Mi   
websocket-server-6cd7b89cdf-bt2h6   59m    30Mi   
websocket-server-6cd7b89cdf-fnd7l   66m    30Mi   
websocket-server-6cd7b89cdf-gjfjh   104m   30Mi   
websocket-server-6cd7b89cdf-h85qz   39m    31Mi   
websocket-server-6cd7b89cdf-hw5x6   51m    30Mi   
websocket-server-6cd7b89cdf-nvr57   91m    31Mi   
websocket-server-6cd7b89cdf-t5t2v   77m    30Mi   
websocket-server-6cd7b89cdf-w9qbx   59m    29Mi   
websocket-server-6cd7b89cdf-wq97l   89m    54Mi   
websocket-server-6cd7b89cdf-xvvsz   70m    30Mi   
1772471521
websocket-loadgen-6fctx             157m   66Mi   
websocket-server-6cd7b89cdf-47lg6   91m    30Mi   
websocket-server-6cd7b89cdf-5hh44   62m    29Mi   
websocket-server-6cd7b89cdf-7vzdd   83m    31Mi   
websocket-server-6cd7b89cdf-b75v5   78m    51Mi   
websocket-server-6cd7b89cdf-bpn7p   91m    30Mi   
websocket-server-6cd7b89cdf-bt2h6   59m    30Mi   
websocket-server-6cd7b89cdf-fnd7l   66m    30Mi   
websocket-server-6cd7b89cdf-gjfjh   104m   30Mi   
websocket-server-6cd7b89cdf-h85qz   39m    31Mi   
websocket-server-6cd7b89cdf-hw5x6   51m    30Mi   
websocket-server-6cd7b89cdf-nvr57   91m    31Mi   
websocket-server-6cd7b89cdf-t5t2v   77m    30Mi   
websocket-server-6cd7b89cdf-w9qbx   59m    29Mi   
websocket-server-6cd7b89cdf-wq97l   89m    54Mi   
websocket-server-6cd7b89cdf-xvvsz   70m    30Mi   
1772471527
websocket-loadgen-6fctx             157m   66Mi   
websocket-server-6cd7b89cdf-47lg6   91m    30Mi   
websocket-server-6cd7b89cdf-5hh44   62m    29Mi   
websocket-server-6cd7b89cdf-7vzdd   83m    31Mi   
websocket-server-6cd7b89cdf-b75v5   78m    51Mi   
websocket-server-6cd7b89cdf-bpn7p   91m    30Mi   
websocket-server-6cd7b89cdf-bt2h6   59m    30Mi   
websocket-server-6cd7b89cdf-fnd7l   66m    30Mi   
websocket-server-6cd7b89cdf-gjfjh   104m   30Mi   
websocket-server-6cd7b89cdf-h85qz   39m    31Mi   
websocket-server-6cd7b89cdf-hw5x6   51m    30Mi   
websocket-server-6cd7b89cdf-nvr57   91m    31Mi   
websocket-server-6cd7b89cdf-t5t2v   77m    30Mi   
websocket-server-6cd7b89cdf-w9qbx   59m    29Mi   
websocket-server-6cd7b89cdf-wq97l   89m    54Mi   
websocket-server-6cd7b89cdf-xvvsz   70m    30Mi   
1772471532
websocket-loadgen-6fctx             46m    65Mi   
websocket-server-6cd7b89cdf-47lg6   101m   30Mi   
websocket-server-6cd7b89cdf-497df   61m    27Mi   
websocket-server-6cd7b89cdf-5hh44   67m    29Mi   
websocket-server-6cd7b89cdf-7vzdd   151m   31Mi   
websocket-server-6cd7b89cdf-b75v5   78m    51Mi   
websocket-server-6cd7b89cdf-bpn7p   114m   30Mi   
websocket-server-6cd7b89cdf-bt2h6   127m   31Mi   
websocket-server-6cd7b89cdf-fnd7l   103m   30Mi   
websocket-server-6cd7b89cdf-gjfjh   82m    31Mi   
websocket-server-6cd7b89cdf-h85qz   116m   31Mi   
websocket-server-6cd7b89cdf-hw5x6   96m    30Mi   
websocket-server-6cd7b89cdf-nvr57   97m    30Mi   
websocket-server-6cd7b89cdf-t5t2v   90m    30Mi   
websocket-server-6cd7b89cdf-w9qbx   59m    29Mi   
websocket-server-6cd7b89cdf-wq97l   68m    54Mi   
websocket-server-6cd7b89cdf-xk9t8   48m    27Mi   
websocket-server-6cd7b89cdf-xvvsz   93m    30Mi   
1772471537
websocket-loadgen-6fctx             46m    65Mi   
websocket-server-6cd7b89cdf-497df   61m    27Mi   
websocket-server-6cd7b89cdf-b75v5   78m    51Mi   
websocket-server-6cd7b89cdf-bt2h6   127m   31Mi   
websocket-server-6cd7b89cdf-fnd7l   103m   30Mi   
websocket-server-6cd7b89cdf-gjfjh   82m    31Mi   
websocket-server-6cd7b89cdf-t5t2v   90m    30Mi   
websocket-server-6cd7b89cdf-w9qbx   59m    29Mi   
websocket-server-6cd7b89cdf-xk9t8   48m    27Mi   
websocket-server-6cd7b89cdf-xvvsz   93m    30Mi   
1772471542
websocket-loadgen-6fctx             46m    65Mi   
websocket-server-6cd7b89cdf-497df   61m    27Mi   
websocket-server-6cd7b89cdf-b75v5   78m    51Mi   
websocket-server-6cd7b89cdf-bt2h6   127m   31Mi   
websocket-server-6cd7b89cdf-fnd7l   103m   30Mi   
websocket-server-6cd7b89cdf-gjfjh   82m    31Mi   
websocket-server-6cd7b89cdf-t5t2v   90m    30Mi   
websocket-server-6cd7b89cdf-w9qbx   59m    29Mi   
websocket-server-6cd7b89cdf-xk9t8   48m    27Mi   
websocket-server-6cd7b89cdf-xvvsz   93m    30Mi   
1772471547
websocket-loadgen-6fctx             109m   82Mi   
websocket-server-6cd7b89cdf-497df   85m    30Mi   
websocket-server-6cd7b89cdf-8r7k2   54m    27Mi   
websocket-server-6cd7b89cdf-8vwz6   55m    28Mi   
websocket-server-6cd7b89cdf-b75v5   65m    51Mi   
websocket-server-6cd7b89cdf-bt2h6   131m   34Mi   
websocket-server-6cd7b89cdf-fnd7l   145m   32Mi   
websocket-server-6cd7b89cdf-gjfjh   155m   32Mi   
websocket-server-6cd7b89cdf-gwr7r   55m    27Mi   
websocket-server-6cd7b89cdf-t5t2v   122m   33Mi   
websocket-server-6cd7b89cdf-w9qbx   106m   32Mi   
websocket-server-6cd7b89cdf-xk9t8   109m   29Mi   
websocket-server-6cd7b89cdf-xvvsz   104m   31Mi   
1772471552
websocket-loadgen-6fctx             109m   82Mi   
websocket-server-6cd7b89cdf-497df   85m    30Mi   
websocket-server-6cd7b89cdf-8r7k2   54m    27Mi   
websocket-server-6cd7b89cdf-8vwz6   55m    28Mi   
websocket-server-6cd7b89cdf-b75v5   65m    51Mi   
websocket-server-6cd7b89cdf-bt2h6   131m   34Mi   
websocket-server-6cd7b89cdf-fnd7l   145m   32Mi   
websocket-server-6cd7b89cdf-gjfjh   155m   32Mi   
websocket-server-6cd7b89cdf-gwr7r   55m    27Mi   
websocket-server-6cd7b89cdf-t5t2v   122m   33Mi   
websocket-server-6cd7b89cdf-w9qbx   106m   32Mi   
websocket-server-6cd7b89cdf-xk9t8   109m   29Mi   
websocket-server-6cd7b89cdf-xvvsz   104m   31Mi   
1772471557
websocket-loadgen-6fctx             109m   82Mi   
websocket-server-6cd7b89cdf-497df   85m    30Mi   
websocket-server-6cd7b89cdf-8r7k2   54m    27Mi   
websocket-server-6cd7b89cdf-8vwz6   55m    28Mi   
websocket-server-6cd7b89cdf-b75v5   65m    51Mi   
websocket-server-6cd7b89cdf-bt2h6   131m   34Mi   
websocket-server-6cd7b89cdf-fnd7l   145m   32Mi   
websocket-server-6cd7b89cdf-gjfjh   155m   32Mi   
websocket-server-6cd7b89cdf-gwr7r   55m    27Mi   
websocket-server-6cd7b89cdf-t5t2v   122m   33Mi   
websocket-server-6cd7b89cdf-w9qbx   106m   32Mi   
websocket-server-6cd7b89cdf-xk9t8   109m   29Mi   
websocket-server-6cd7b89cdf-xvvsz   104m   31Mi   
1772471563
websocket-loadgen-6fctx             43m    83Mi   
websocket-server-6cd7b89cdf-497df   73m    30Mi   
websocket-server-6cd7b89cdf-8r7k2   1m     27Mi   
websocket-server-6cd7b89cdf-8vwz6   0m     28Mi   
websocket-server-6cd7b89cdf-b75v5   168m   53Mi   
websocket-server-6cd7b89cdf-bt2h6   188m   33Mi   
websocket-server-6cd7b89cdf-fnd7l   149m   32Mi   
websocket-server-6cd7b89cdf-gjfjh   155m   32Mi   
websocket-server-6cd7b89cdf-gwr7r   0m     27Mi   
websocket-server-6cd7b89cdf-k4p75   48m    27Mi   
websocket-server-6cd7b89cdf-n6z5z   50m    27Mi   
websocket-server-6cd7b89cdf-t5t2v   163m   34Mi   
websocket-server-6cd7b89cdf-w9qbx   122m   32Mi   
websocket-server-6cd7b89cdf-wxwcl   49m    27Mi   
websocket-server-6cd7b89cdf-xk9t8   63m    29Mi   
websocket-server-6cd7b89cdf-xvvsz   167m   32Mi   
1772471568
websocket-loadgen-6fctx             43m    83Mi   
websocket-server-6cd7b89cdf-497df   73m    30Mi   
websocket-server-6cd7b89cdf-8r7k2   1m     27Mi   
websocket-server-6cd7b89cdf-8vwz6   0m     28Mi   
websocket-server-6cd7b89cdf-b75v5   168m   53Mi   
websocket-server-6cd7b89cdf-bt2h6   188m   33Mi   
websocket-server-6cd7b89cdf-fnd7l   149m   32Mi   
websocket-server-6cd7b89cdf-gjfjh   155m   32Mi   
websocket-server-6cd7b89cdf-gwr7r   0m     27Mi   
websocket-server-6cd7b89cdf-k4p75   48m    27Mi   
websocket-server-6cd7b89cdf-n6z5z   50m    27Mi   
websocket-server-6cd7b89cdf-t5t2v   163m   34Mi   
websocket-server-6cd7b89cdf-w9qbx   122m   32Mi   
websocket-server-6cd7b89cdf-wxwcl   49m    27Mi   
websocket-server-6cd7b89cdf-xk9t8   63m    29Mi   
websocket-server-6cd7b89cdf-xvvsz   167m   32Mi   
1772471573
websocket-loadgen-6fctx             43m    83Mi   
websocket-server-6cd7b89cdf-497df   73m    30Mi   
websocket-server-6cd7b89cdf-8r7k2   1m     27Mi   
websocket-server-6cd7b89cdf-8vwz6   0m     28Mi   
websocket-server-6cd7b89cdf-b75v5   168m   53Mi   
websocket-server-6cd7b89cdf-bt2h6   188m   33Mi   
websocket-server-6cd7b89cdf-fnd7l   149m   32Mi   
websocket-server-6cd7b89cdf-gjfjh   155m   32Mi   
websocket-server-6cd7b89cdf-gwr7r   0m     27Mi   
websocket-server-6cd7b89cdf-k4p75   48m    27Mi   
websocket-server-6cd7b89cdf-n6z5z   50m    27Mi   
websocket-server-6cd7b89cdf-t5t2v   163m   34Mi   
websocket-server-6cd7b89cdf-w9qbx   122m   32Mi   
websocket-server-6cd7b89cdf-wxwcl   49m    27Mi   
websocket-server-6cd7b89cdf-xk9t8   63m    29Mi   
websocket-server-6cd7b89cdf-xvvsz   167m   32Mi   
1772471578
websocket-loadgen-6fctx             55m    82Mi   
websocket-server-6cd7b89cdf-497df   94m    30Mi   
websocket-server-6cd7b89cdf-8r7k2   0m     27Mi   
websocket-server-6cd7b89cdf-8vwz6   1m     28Mi   
websocket-server-6cd7b89cdf-b75v5   130m   53Mi   
websocket-server-6cd7b89cdf-bt2h6   176m   33Mi   
websocket-server-6cd7b89cdf-fnd7l   166m   32Mi   
websocket-server-6cd7b89cdf-gjfjh   150m   33Mi   
websocket-server-6cd7b89cdf-gwr7r   1m     27Mi   
websocket-server-6cd7b89cdf-k4p75   0m     27Mi   
websocket-server-6cd7b89cdf-n6z5z   0m     27Mi   
websocket-server-6cd7b89cdf-t5t2v   178m   33Mi   
websocket-server-6cd7b89cdf-w9qbx   131m   32Mi   
websocket-server-6cd7b89cdf-wxwcl   1m     27Mi   
websocket-server-6cd7b89cdf-xk9t8   57m    29Mi   
websocket-server-6cd7b89cdf-xvvsz   167m   32Mi   
1772471583
websocket-loadgen-6fctx             55m    82Mi   
websocket-server-6cd7b89cdf-497df   94m    30Mi   
websocket-server-6cd7b89cdf-8r7k2   0m     27Mi   
websocket-server-6cd7b89cdf-8vwz6   1m     28Mi   
websocket-server-6cd7b89cdf-b75v5   130m   53Mi   
websocket-server-6cd7b89cdf-bt2h6   176m   33Mi   
websocket-server-6cd7b89cdf-fnd7l   166m   32Mi   
websocket-server-6cd7b89cdf-gjfjh   150m   33Mi   
websocket-server-6cd7b89cdf-gwr7r   1m     27Mi   
websocket-server-6cd7b89cdf-k4p75   0m     27Mi   
websocket-server-6cd7b89cdf-n6z5z   0m     27Mi   
websocket-server-6cd7b89cdf-t5t2v   178m   33Mi   
websocket-server-6cd7b89cdf-w9qbx   131m   32Mi   
websocket-server-6cd7b89cdf-wxwcl   1m     27Mi   
websocket-server-6cd7b89cdf-xk9t8   57m    29Mi   
websocket-server-6cd7b89cdf-xvvsz   167m   32Mi   
1772471588
websocket-server-6cd7b89cdf-497df   94m    30Mi   
websocket-server-6cd7b89cdf-8r7k2   0m     27Mi   
websocket-server-6cd7b89cdf-8vwz6   1m     28Mi   
websocket-server-6cd7b89cdf-b75v5   130m   53Mi   
websocket-server-6cd7b89cdf-bt2h6   176m   33Mi   
websocket-server-6cd7b89cdf-fnd7l   166m   32Mi   
websocket-server-6cd7b89cdf-gjfjh   150m   33Mi   
websocket-server-6cd7b89cdf-gwr7r   1m     27Mi   
websocket-server-6cd7b89cdf-k4p75   0m     27Mi   
websocket-server-6cd7b89cdf-n6z5z   0m     27Mi   
websocket-server-6cd7b89cdf-t5t2v   178m   33Mi   
websocket-server-6cd7b89cdf-w9qbx   131m   32Mi   
websocket-server-6cd7b89cdf-wxwcl   1m     27Mi   
websocket-server-6cd7b89cdf-xk9t8   57m    29Mi   
websocket-server-6cd7b89cdf-xvvsz   167m   32Mi   
1772471593
websocket-server-6cd7b89cdf-497df   99m    30Mi   
websocket-server-6cd7b89cdf-8r7k2   1m     27Mi   
websocket-server-6cd7b89cdf-8vwz6   1m     28Mi   
websocket-server-6cd7b89cdf-b75v5   130m   53Mi   
websocket-server-6cd7b89cdf-bt2h6   169m   33Mi   
websocket-server-6cd7b89cdf-fnd7l   132m   32Mi   
websocket-server-6cd7b89cdf-gjfjh   152m   33Mi   
websocket-server-6cd7b89cdf-gwr7r   1m     27Mi   
websocket-server-6cd7b89cdf-k4p75   1m     27Mi   
websocket-server-6cd7b89cdf-n6z5z   1m     27Mi   
websocket-server-6cd7b89cdf-t5t2v   167m   33Mi   
websocket-server-6cd7b89cdf-w9qbx   141m   32Mi   
websocket-server-6cd7b89cdf-wxwcl   1m     27Mi   
websocket-server-6cd7b89cdf-xk9t8   52m    29Mi   
websocket-server-6cd7b89cdf-xvvsz   137m   34Mi   
1772471598
websocket-server-6cd7b89cdf-497df   99m    30Mi   
websocket-server-6cd7b89cdf-8r7k2   1m     27Mi   
websocket-server-6cd7b89cdf-8vwz6   1m     28Mi   
websocket-server-6cd7b89cdf-b75v5   130m   53Mi   
websocket-server-6cd7b89cdf-bt2h6   169m   33Mi   
websocket-server-6cd7b89cdf-fnd7l   132m   32Mi   
websocket-server-6cd7b89cdf-gjfjh   152m   33Mi   
websocket-server-6cd7b89cdf-gwr7r   1m     27Mi   
websocket-server-6cd7b89cdf-k4p75   1m     27Mi   
websocket-server-6cd7b89cdf-n6z5z   1m     27Mi   
websocket-server-6cd7b89cdf-t5t2v   167m   33Mi   
websocket-server-6cd7b89cdf-w9qbx   141m   32Mi   
websocket-server-6cd7b89cdf-wxwcl   1m     27Mi   
websocket-server-6cd7b89cdf-xk9t8   52m    29Mi   
websocket-server-6cd7b89cdf-xvvsz   137m   34Mi   
1772471604
websocket-server-6cd7b89cdf-497df   99m    30Mi   
websocket-server-6cd7b89cdf-8r7k2   1m     27Mi   
websocket-server-6cd7b89cdf-8vwz6   1m     28Mi   
websocket-server-6cd7b89cdf-b75v5   130m   53Mi   
websocket-server-6cd7b89cdf-bt2h6   169m   33Mi   
websocket-server-6cd7b89cdf-fnd7l   132m   32Mi   
websocket-server-6cd7b89cdf-gjfjh   152m   33Mi   
websocket-server-6cd7b89cdf-gwr7r   1m     27Mi   
websocket-server-6cd7b89cdf-k4p75   1m     27Mi   
websocket-server-6cd7b89cdf-n6z5z   1m     27Mi   
websocket-server-6cd7b89cdf-t5t2v   167m   33Mi   
websocket-server-6cd7b89cdf-w9qbx   141m   32Mi   
websocket-server-6cd7b89cdf-wxwcl   1m     27Mi   
websocket-server-6cd7b89cdf-xk9t8   52m    29Mi   
websocket-server-6cd7b89cdf-xvvsz   137m   34Mi   
1772471609
websocket-server-6cd7b89cdf-497df   11m   30Mi   
websocket-server-6cd7b89cdf-8r7k2   1m    27Mi   
websocket-server-6cd7b89cdf-8vwz6   1m    28Mi   
websocket-server-6cd7b89cdf-b75v5   79m   52Mi   
websocket-server-6cd7b89cdf-bt2h6   8m    33Mi   
websocket-server-6cd7b89cdf-fnd7l   48m   32Mi   
websocket-server-6cd7b89cdf-gjfjh   21m   33Mi   
websocket-server-6cd7b89cdf-gwr7r   1m    28Mi   
websocket-server-6cd7b89cdf-k4p75   1m    27Mi   
websocket-server-6cd7b89cdf-n6z5z   1m    27Mi   
websocket-server-6cd7b89cdf-t5t2v   48m   33Mi   
websocket-server-6cd7b89cdf-w9qbx   1m    32Mi   
websocket-server-6cd7b89cdf-wxwcl   1m    27Mi   
websocket-server-6cd7b89cdf-xk9t8   25m   29Mi   
websocket-server-6cd7b89cdf-xvvsz   79m   32Mi   
1772471614
websocket-server-6cd7b89cdf-497df   11m   30Mi   
websocket-server-6cd7b89cdf-8r7k2   1m    27Mi   
websocket-server-6cd7b89cdf-8vwz6   1m    28Mi   
websocket-server-6cd7b89cdf-b75v5   79m   52Mi   
websocket-server-6cd7b89cdf-bt2h6   8m    33Mi   
websocket-server-6cd7b89cdf-fnd7l   48m   32Mi   
websocket-server-6cd7b89cdf-gjfjh   21m   33Mi   
websocket-server-6cd7b89cdf-gwr7r   1m    28Mi   
websocket-server-6cd7b89cdf-k4p75   1m    27Mi   
websocket-server-6cd7b89cdf-n6z5z   1m    27Mi   
websocket-server-6cd7b89cdf-t5t2v   48m   33Mi   
websocket-server-6cd7b89cdf-w9qbx   1m    32Mi   
websocket-server-6cd7b89cdf-wxwcl   1m    27Mi   
websocket-server-6cd7b89cdf-xk9t8   25m   29Mi   
websocket-server-6cd7b89cdf-xvvsz   79m   32Mi   
1772471619
websocket-server-6cd7b89cdf-497df   11m   30Mi   
websocket-server-6cd7b89cdf-8r7k2   1m    27Mi   
websocket-server-6cd7b89cdf-8vwz6   1m    28Mi   
websocket-server-6cd7b89cdf-b75v5   79m   52Mi   
websocket-server-6cd7b89cdf-bt2h6   8m    33Mi   
websocket-server-6cd7b89cdf-fnd7l   48m   32Mi   
websocket-server-6cd7b89cdf-gjfjh   21m   33Mi   
websocket-server-6cd7b89cdf-gwr7r   1m    28Mi   
websocket-server-6cd7b89cdf-k4p75   1m    27Mi   
websocket-server-6cd7b89cdf-n6z5z   1m    27Mi   
websocket-server-6cd7b89cdf-t5t2v   48m   33Mi   
websocket-server-6cd7b89cdf-w9qbx   1m    32Mi   
websocket-server-6cd7b89cdf-wxwcl   1m    27Mi   
websocket-server-6cd7b89cdf-xk9t8   25m   29Mi   
websocket-server-6cd7b89cdf-xvvsz   79m   32Mi   
1772471624
websocket-server-6cd7b89cdf-497df   1m    30Mi   
websocket-server-6cd7b89cdf-8r7k2   1m    27Mi   
websocket-server-6cd7b89cdf-8vwz6   1m    28Mi   
websocket-server-6cd7b89cdf-b75v5   79m   52Mi   
websocket-server-6cd7b89cdf-bt2h6   1m    33Mi   
websocket-server-6cd7b89cdf-fnd7l   1m    32Mi   
websocket-server-6cd7b89cdf-gjfjh   1m    33Mi   
websocket-server-6cd7b89cdf-gwr7r   1m    28Mi   
websocket-server-6cd7b89cdf-k4p75   1m    27Mi   
websocket-server-6cd7b89cdf-n6z5z   1m    27Mi   
websocket-server-6cd7b89cdf-t5t2v   1m    33Mi   
websocket-server-6cd7b89cdf-w9qbx   1m    32Mi   
websocket-server-6cd7b89cdf-wxwcl   1m    27Mi   
websocket-server-6cd7b89cdf-xk9t8   1m    29Mi   
websocket-server-6cd7b89cdf-xvvsz   0m    32Mi   
1772471629
websocket-server-6cd7b89cdf-497df   1m    30Mi   
websocket-server-6cd7b89cdf-8r7k2   1m    27Mi   
websocket-server-6cd7b89cdf-8vwz6   1m    28Mi   
websocket-server-6cd7b89cdf-b75v5   79m   52Mi   
websocket-server-6cd7b89cdf-bt2h6   1m    33Mi   
websocket-server-6cd7b89cdf-fnd7l   1m    32Mi   
websocket-server-6cd7b89cdf-gjfjh   1m    33Mi   
websocket-server-6cd7b89cdf-gwr7r   1m    28Mi   
websocket-server-6cd7b89cdf-k4p75   1m    27Mi   
websocket-server-6cd7b89cdf-n6z5z   1m    27Mi   
websocket-server-6cd7b89cdf-t5t2v   1m    33Mi   
websocket-server-6cd7b89cdf-w9qbx   1m    32Mi   
websocket-server-6cd7b89cdf-wxwcl   1m    27Mi   
websocket-server-6cd7b89cdf-xk9t8   1m    29Mi   
websocket-server-6cd7b89cdf-xvvsz   0m    32Mi   
1772471634
websocket-server-6cd7b89cdf-497df   1m    30Mi   
websocket-server-6cd7b89cdf-8r7k2   1m    27Mi   
websocket-server-6cd7b89cdf-8vwz6   1m    28Mi   
websocket-server-6cd7b89cdf-b75v5   79m   52Mi   
websocket-server-6cd7b89cdf-bt2h6   1m    33Mi   
websocket-server-6cd7b89cdf-fnd7l   1m    32Mi   
websocket-server-6cd7b89cdf-gjfjh   1m    33Mi   
websocket-server-6cd7b89cdf-gwr7r   1m    28Mi   
websocket-server-6cd7b89cdf-k4p75   1m    27Mi   
websocket-server-6cd7b89cdf-n6z5z   1m    27Mi   
websocket-server-6cd7b89cdf-t5t2v   1m    33Mi   
websocket-server-6cd7b89cdf-w9qbx   1m    32Mi   
websocket-server-6cd7b89cdf-wxwcl   1m    27Mi   
websocket-server-6cd7b89cdf-xk9t8   1m    29Mi   
websocket-server-6cd7b89cdf-xvvsz   0m    32Mi   
1772471639
websocket-server-6cd7b89cdf-497df   1m    30Mi   
websocket-server-6cd7b89cdf-8r7k2   1m    27Mi   
websocket-server-6cd7b89cdf-8vwz6   0m    28Mi   
websocket-server-6cd7b89cdf-b75v5   1m    52Mi   
websocket-server-6cd7b89cdf-bt2h6   1m    33Mi   
websocket-server-6cd7b89cdf-fnd7l   1m    32Mi   
websocket-server-6cd7b89cdf-gjfjh   1m    33Mi   
websocket-server-6cd7b89cdf-gwr7r   1m    28Mi   
websocket-server-6cd7b89cdf-k4p75   1m    27Mi   
websocket-server-6cd7b89cdf-n6z5z   1m    27Mi   
websocket-server-6cd7b89cdf-t5t2v   1m    33Mi   
websocket-server-6cd7b89cdf-w9qbx   1m    32Mi   
websocket-server-6cd7b89cdf-wxwcl   1m    27Mi   
websocket-server-6cd7b89cdf-xk9t8   1m    29Mi   
websocket-server-6cd7b89cdf-xvvsz   1m    32Mi   
1772471644
websocket-server-6cd7b89cdf-497df   1m    30Mi   
websocket-server-6cd7b89cdf-8r7k2   1m    27Mi   
websocket-server-6cd7b89cdf-8vwz6   0m    28Mi   
websocket-server-6cd7b89cdf-b75v5   1m    52Mi   
websocket-server-6cd7b89cdf-bt2h6   1m    33Mi   
websocket-server-6cd7b89cdf-fnd7l   1m    32Mi   
websocket-server-6cd7b89cdf-gjfjh   1m    33Mi   
websocket-server-6cd7b89cdf-gwr7r   1m    28Mi   
websocket-server-6cd7b89cdf-k4p75   1m    27Mi   
websocket-server-6cd7b89cdf-n6z5z   1m    27Mi   
websocket-server-6cd7b89cdf-t5t2v   1m    33Mi   
websocket-server-6cd7b89cdf-w9qbx   1m    32Mi   
websocket-server-6cd7b89cdf-wxwcl   1m    27Mi   
websocket-server-6cd7b89cdf-xk9t8   1m    29Mi   
websocket-server-6cd7b89cdf-xvvsz   1m    32Mi   
1772471650
websocket-server-6cd7b89cdf-497df   1m    30Mi   
websocket-server-6cd7b89cdf-8r7k2   1m    27Mi   
websocket-server-6cd7b89cdf-8vwz6   0m    28Mi   
websocket-server-6cd7b89cdf-b75v5   1m    52Mi   
websocket-server-6cd7b89cdf-bt2h6   1m    33Mi   
websocket-server-6cd7b89cdf-fnd7l   1m    32Mi   
websocket-server-6cd7b89cdf-gjfjh   1m    33Mi   
websocket-server-6cd7b89cdf-gwr7r   1m    28Mi   
websocket-server-6cd7b89cdf-k4p75   1m    27Mi   
websocket-server-6cd7b89cdf-n6z5z   1m    27Mi   
websocket-server-6cd7b89cdf-t5t2v   1m    33Mi   
websocket-server-6cd7b89cdf-w9qbx   1m    32Mi   
websocket-server-6cd7b89cdf-wxwcl   1m    27Mi   
websocket-server-6cd7b89cdf-xk9t8   1m    29Mi   
websocket-server-6cd7b89cdf-xvvsz   1m    32Mi   
1772471655
websocket-server-6cd7b89cdf-497df   0m    30Mi   
websocket-server-6cd7b89cdf-8r7k2   1m    27Mi   
websocket-server-6cd7b89cdf-8vwz6   1m    28Mi   
websocket-server-6cd7b89cdf-b75v5   10m   56Mi   
websocket-server-6cd7b89cdf-bt2h6   30m   36Mi   
websocket-server-6cd7b89cdf-fnd7l   33m   35Mi   
websocket-server-6cd7b89cdf-gjfjh   1m    33Mi   
websocket-server-6cd7b89cdf-gwr7r   1m    28Mi   
websocket-server-6cd7b89cdf-k4p75   1m    27Mi   
websocket-server-6cd7b89cdf-n6z5z   1m    27Mi   
websocket-server-6cd7b89cdf-t5t2v   1m    33Mi   
websocket-server-6cd7b89cdf-w9qbx   1m    32Mi   
websocket-server-6cd7b89cdf-wxwcl   1m    27Mi   
websocket-server-6cd7b89cdf-xk9t8   1m    29Mi   
websocket-server-6cd7b89cdf-xvvsz   1m    32Mi   
1772471660
websocket-server-6cd7b89cdf-497df   0m    30Mi   
websocket-server-6cd7b89cdf-8r7k2   1m    27Mi   
websocket-server-6cd7b89cdf-8vwz6   1m    28Mi   
websocket-server-6cd7b89cdf-b75v5   10m   56Mi   
websocket-server-6cd7b89cdf-bt2h6   30m   36Mi   
websocket-server-6cd7b89cdf-fnd7l   33m   35Mi   
websocket-server-6cd7b89cdf-gjfjh   1m    33Mi   
websocket-server-6cd7b89cdf-gwr7r   1m    28Mi   
websocket-server-6cd7b89cdf-k4p75   1m    27Mi   
websocket-server-6cd7b89cdf-n6z5z   1m    27Mi   
websocket-server-6cd7b89cdf-t5t2v   1m    33Mi   
websocket-server-6cd7b89cdf-w9qbx   1m    32Mi   
websocket-server-6cd7b89cdf-wxwcl   1m    27Mi   
websocket-server-6cd7b89cdf-xk9t8   1m    29Mi   
websocket-server-6cd7b89cdf-xvvsz   1m    32Mi   
1772471665
websocket-server-6cd7b89cdf-497df   0m    30Mi   
websocket-server-6cd7b89cdf-8r7k2   1m    27Mi   
websocket-server-6cd7b89cdf-8vwz6   1m    28Mi   
websocket-server-6cd7b89cdf-b75v5   10m   56Mi   
websocket-server-6cd7b89cdf-bt2h6   30m   36Mi   
websocket-server-6cd7b89cdf-fnd7l   33m   35Mi   
websocket-server-6cd7b89cdf-gjfjh   1m    33Mi   
websocket-server-6cd7b89cdf-gwr7r   1m    28Mi   
websocket-server-6cd7b89cdf-k4p75   1m    27Mi   
websocket-server-6cd7b89cdf-n6z5z   1m    27Mi   
websocket-server-6cd7b89cdf-t5t2v   1m    33Mi   
websocket-server-6cd7b89cdf-w9qbx   1m    32Mi   
websocket-server-6cd7b89cdf-wxwcl   1m    27Mi   
websocket-server-6cd7b89cdf-xk9t8   1m    29Mi   
websocket-server-6cd7b89cdf-xvvsz   1m    32Mi   
1772471670
websocket-loadgen-rcjfk             32m    66Mi   
websocket-server-6cd7b89cdf-497df   97m    32Mi   
websocket-server-6cd7b89cdf-8r7k2   66m    30Mi   
websocket-server-6cd7b89cdf-8vwz6   103m   30Mi   
websocket-server-6cd7b89cdf-b75v5   107m   56Mi   
websocket-server-6cd7b89cdf-bt2h6   85m    36Mi   
websocket-server-6cd7b89cdf-fnd7l   33m    35Mi   
websocket-server-6cd7b89cdf-gjfjh   62m    35Mi   
websocket-server-6cd7b89cdf-gwr7r   112m   31Mi   
websocket-server-6cd7b89cdf-k4p75   75m    30Mi   
websocket-server-6cd7b89cdf-n6z5z   80m    30Mi   
websocket-server-6cd7b89cdf-t5t2v   40m    36Mi   
websocket-server-6cd7b89cdf-w9qbx   100m   32Mi   
websocket-server-6cd7b89cdf-wxwcl   89m    30Mi   
websocket-server-6cd7b89cdf-xk9t8   65m    32Mi   
websocket-server-6cd7b89cdf-xvvsz   73m    35Mi   
1772471675
websocket-loadgen-rcjfk             32m    66Mi   
websocket-server-6cd7b89cdf-497df   97m    32Mi   
websocket-server-6cd7b89cdf-8r7k2   66m    30Mi   
websocket-server-6cd7b89cdf-8vwz6   103m   30Mi   
websocket-server-6cd7b89cdf-b75v5   107m   56Mi   
websocket-server-6cd7b89cdf-bt2h6   85m    36Mi   
websocket-server-6cd7b89cdf-fnd7l   33m    35Mi   
websocket-server-6cd7b89cdf-gjfjh   62m    35Mi   
websocket-server-6cd7b89cdf-gwr7r   112m   31Mi   
websocket-server-6cd7b89cdf-k4p75   75m    30Mi   
websocket-server-6cd7b89cdf-n6z5z   80m    30Mi   
websocket-server-6cd7b89cdf-t5t2v   40m    36Mi   
websocket-server-6cd7b89cdf-w9qbx   100m   32Mi   
websocket-server-6cd7b89cdf-wxwcl   89m    30Mi   
websocket-server-6cd7b89cdf-xk9t8   65m    32Mi   
websocket-server-6cd7b89cdf-xvvsz   73m    35Mi   
1772471680
websocket-loadgen-rcjfk             32m    66Mi   
websocket-server-6cd7b89cdf-497df   97m    32Mi   
websocket-server-6cd7b89cdf-8r7k2   66m    30Mi   
websocket-server-6cd7b89cdf-8vwz6   103m   30Mi   
websocket-server-6cd7b89cdf-b75v5   107m   56Mi   
websocket-server-6cd7b89cdf-bt2h6   85m    36Mi   
websocket-server-6cd7b89cdf-fnd7l   33m    35Mi   
websocket-server-6cd7b89cdf-gjfjh   62m    35Mi   
websocket-server-6cd7b89cdf-gwr7r   112m   31Mi   
websocket-server-6cd7b89cdf-k4p75   75m    30Mi   
websocket-server-6cd7b89cdf-n6z5z   80m    30Mi   
websocket-server-6cd7b89cdf-t5t2v   40m    36Mi   
websocket-server-6cd7b89cdf-w9qbx   100m   32Mi   
websocket-server-6cd7b89cdf-wxwcl   89m    30Mi   
websocket-server-6cd7b89cdf-xk9t8   65m    32Mi   
websocket-server-6cd7b89cdf-xvvsz   73m    35Mi   
1772471685
websocket-loadgen-rcjfk             32m   66Mi   
websocket-server-6cd7b89cdf-b75v5   98m   56Mi   
websocket-server-6cd7b89cdf-fnd7l   99m   35Mi   
websocket-server-6cd7b89cdf-gjfjh   62m   35Mi   
websocket-server-6cd7b89cdf-sslgg   50m   28Mi   
websocket-server-6cd7b89cdf-t5t2v   91m   36Mi   
websocket-server-6cd7b89cdf-w9qbx   96m   32Mi   
websocket-server-6cd7b89cdf-xvvsz   81m   35Mi   
1772471690
websocket-loadgen-rcjfk             32m   66Mi   
websocket-server-6cd7b89cdf-b75v5   98m   56Mi   
websocket-server-6cd7b89cdf-fnd7l   99m   35Mi   
websocket-server-6cd7b89cdf-gjfjh   62m   35Mi   
websocket-server-6cd7b89cdf-sslgg   50m   28Mi   
websocket-server-6cd7b89cdf-t5t2v   91m   36Mi   
websocket-server-6cd7b89cdf-w9qbx   96m   32Mi   
websocket-server-6cd7b89cdf-xvvsz   81m   35Mi   
1772471695
websocket-loadgen-rcjfk             32m   66Mi   
websocket-server-6cd7b89cdf-b75v5   98m   56Mi   
websocket-server-6cd7b89cdf-fnd7l   99m   35Mi   
websocket-server-6cd7b89cdf-gjfjh   62m   35Mi   
websocket-server-6cd7b89cdf-sslgg   50m   28Mi   
websocket-server-6cd7b89cdf-t5t2v   91m   36Mi   
websocket-server-6cd7b89cdf-w9qbx   96m   32Mi   
websocket-server-6cd7b89cdf-xvvsz   81m   35Mi   
1772471701
websocket-loadgen-rcjfk             38m    66Mi   
websocket-server-6cd7b89cdf-b75v5   175m   59Mi   
websocket-server-6cd7b89cdf-fnd7l   179m   39Mi   
websocket-server-6cd7b89cdf-g69wz   64m    27Mi   
websocket-server-6cd7b89cdf-gjfjh   128m   40Mi   
websocket-server-6cd7b89cdf-hdt64   55m    27Mi   
websocket-server-6cd7b89cdf-sslgg   87m    31Mi   
websocket-server-6cd7b89cdf-t5t2v   100m   36Mi   
websocket-server-6cd7b89cdf-w9qbx   171m   36Mi   
websocket-server-6cd7b89cdf-xvvsz   152m   39Mi   
1772471706
websocket-loadgen-rcjfk             38m    66Mi   
websocket-server-6cd7b89cdf-b75v5   175m   59Mi   
websocket-server-6cd7b89cdf-fnd7l   179m   39Mi   
websocket-server-6cd7b89cdf-g69wz   64m    27Mi   
websocket-server-6cd7b89cdf-gjfjh   128m   40Mi   
websocket-server-6cd7b89cdf-hdt64   55m    27Mi   
websocket-server-6cd7b89cdf-sslgg   87m    31Mi   
websocket-server-6cd7b89cdf-t5t2v   100m   36Mi   
websocket-server-6cd7b89cdf-w9qbx   171m   36Mi   
websocket-server-6cd7b89cdf-xvvsz   152m   39Mi   
1772471711
websocket-loadgen-rcjfk             118m   84Mi   
websocket-server-6cd7b89cdf-645g8   56m    27Mi   
websocket-server-6cd7b89cdf-b75v5   191m   59Mi   
websocket-server-6cd7b89cdf-bpjww   69m    27Mi   
websocket-server-6cd7b89cdf-dz25c   58m    27Mi   
websocket-server-6cd7b89cdf-fnd7l   186m   39Mi   
websocket-server-6cd7b89cdf-g69wz   8m     27Mi   
websocket-server-6cd7b89cdf-gjfjh   189m   40Mi   
websocket-server-6cd7b89cdf-hdt64   0m     27Mi   
websocket-server-6cd7b89cdf-hjmxc   67m    27Mi   
websocket-server-6cd7b89cdf-mmsp5   58m    27Mi   
websocket-server-6cd7b89cdf-rm9ph   57m    27Mi   
websocket-server-6cd7b89cdf-sslgg   87m    31Mi   
websocket-server-6cd7b89cdf-t5t2v   206m   39Mi   
websocket-server-6cd7b89cdf-w9qbx   186m   36Mi   
websocket-server-6cd7b89cdf-xvvsz   194m   39Mi   
1772471716
websocket-loadgen-rcjfk             118m   84Mi   
websocket-server-6cd7b89cdf-645g8   56m    27Mi   
websocket-server-6cd7b89cdf-b75v5   191m   59Mi   
websocket-server-6cd7b89cdf-bpjww   69m    27Mi   
websocket-server-6cd7b89cdf-dz25c   58m    27Mi   
websocket-server-6cd7b89cdf-fnd7l   186m   39Mi   
websocket-server-6cd7b89cdf-g69wz   8m     27Mi   
websocket-server-6cd7b89cdf-gjfjh   189m   40Mi   
websocket-server-6cd7b89cdf-hdt64   0m     27Mi   
websocket-server-6cd7b89cdf-hjmxc   67m    27Mi   
websocket-server-6cd7b89cdf-mmsp5   58m    27Mi   
websocket-server-6cd7b89cdf-rm9ph   57m    27Mi   
websocket-server-6cd7b89cdf-sslgg   87m    31Mi   
websocket-server-6cd7b89cdf-t5t2v   206m   39Mi   
websocket-server-6cd7b89cdf-w9qbx   186m   36Mi   
websocket-server-6cd7b89cdf-xvvsz   194m   39Mi   
1772471721
websocket-loadgen-rcjfk             118m   84Mi   
websocket-server-6cd7b89cdf-645g8   56m    27Mi   
websocket-server-6cd7b89cdf-b75v5   191m   59Mi   
websocket-server-6cd7b89cdf-bpjww   69m    27Mi   
websocket-server-6cd7b89cdf-dz25c   58m    27Mi   
websocket-server-6cd7b89cdf-fnd7l   186m   39Mi   
websocket-server-6cd7b89cdf-g69wz   8m     27Mi   
websocket-server-6cd7b89cdf-gjfjh   189m   40Mi   
websocket-server-6cd7b89cdf-hdt64   0m     27Mi   
websocket-server-6cd7b89cdf-hjmxc   67m    27Mi   
websocket-server-6cd7b89cdf-mmsp5   58m    27Mi   
websocket-server-6cd7b89cdf-rm9ph   57m    27Mi   
websocket-server-6cd7b89cdf-sslgg   87m    31Mi   
websocket-server-6cd7b89cdf-t5t2v   206m   39Mi   
websocket-server-6cd7b89cdf-w9qbx   186m   36Mi   
websocket-server-6cd7b89cdf-xvvsz   194m   39Mi   
1772471726
websocket-loadgen-rcjfk             50m    86Mi   
websocket-server-6cd7b89cdf-645g8   1m     27Mi   
websocket-server-6cd7b89cdf-b75v5   191m   59Mi   
websocket-server-6cd7b89cdf-bpjww   0m     27Mi   
websocket-server-6cd7b89cdf-dz25c   0m     27Mi   
websocket-server-6cd7b89cdf-fnd7l   146m   39Mi   
websocket-server-6cd7b89cdf-g69wz   6m     27Mi   
websocket-server-6cd7b89cdf-gjfjh   189m   40Mi   
websocket-server-6cd7b89cdf-hdt64   2m     27Mi   
websocket-server-6cd7b89cdf-hjmxc   1m     27Mi   
websocket-server-6cd7b89cdf-mmsp5   1m     27Mi   
websocket-server-6cd7b89cdf-rm9ph   56m    27Mi   
websocket-server-6cd7b89cdf-sslgg   90m    31Mi   
websocket-server-6cd7b89cdf-t5t2v   177m   40Mi   
websocket-server-6cd7b89cdf-w9qbx   156m   36Mi   
websocket-server-6cd7b89cdf-xvvsz   162m   39Mi   
1772471731
websocket-loadgen-rcjfk             50m    86Mi   
websocket-server-6cd7b89cdf-645g8   1m     27Mi   
websocket-server-6cd7b89cdf-b75v5   191m   59Mi   
websocket-server-6cd7b89cdf-bpjww   0m     27Mi   
websocket-server-6cd7b89cdf-dz25c   0m     27Mi   
websocket-server-6cd7b89cdf-fnd7l   146m   39Mi   
websocket-server-6cd7b89cdf-g69wz   6m     27Mi   
websocket-server-6cd7b89cdf-gjfjh   189m   40Mi   
websocket-server-6cd7b89cdf-hdt64   2m     27Mi   
websocket-server-6cd7b89cdf-hjmxc   1m     27Mi   
websocket-server-6cd7b89cdf-mmsp5   1m     27Mi   
websocket-server-6cd7b89cdf-rm9ph   56m    27Mi   
websocket-server-6cd7b89cdf-sslgg   90m    31Mi   
websocket-server-6cd7b89cdf-t5t2v   177m   40Mi   
websocket-server-6cd7b89cdf-w9qbx   156m   36Mi   
websocket-server-6cd7b89cdf-xvvsz   162m   39Mi   
1772471736
websocket-server-6cd7b89cdf-645g8   1m     27Mi   
websocket-server-6cd7b89cdf-b75v5   191m   59Mi   
websocket-server-6cd7b89cdf-bpjww   0m     27Mi   
websocket-server-6cd7b89cdf-dz25c   0m     27Mi   
websocket-server-6cd7b89cdf-fnd7l   146m   39Mi   
websocket-server-6cd7b89cdf-g69wz   6m     27Mi   
websocket-server-6cd7b89cdf-gjfjh   189m   40Mi   
websocket-server-6cd7b89cdf-hdt64   2m     27Mi   
websocket-server-6cd7b89cdf-hjmxc   1m     27Mi   
websocket-server-6cd7b89cdf-mmsp5   1m     27Mi   
websocket-server-6cd7b89cdf-rm9ph   56m    27Mi   
websocket-server-6cd7b89cdf-sslgg   90m    31Mi   
websocket-server-6cd7b89cdf-t5t2v   177m   40Mi   
websocket-server-6cd7b89cdf-w9qbx   156m   36Mi   
websocket-server-6cd7b89cdf-xvvsz   162m   39Mi   
1772471741
websocket-server-6cd7b89cdf-645g8   1m     27Mi   
websocket-server-6cd7b89cdf-b75v5   152m   59Mi   
websocket-server-6cd7b89cdf-bpjww   1m     27Mi   
websocket-server-6cd7b89cdf-dz25c   1m     27Mi   
websocket-server-6cd7b89cdf-fnd7l   195m   39Mi   
websocket-server-6cd7b89cdf-g69wz   6m     27Mi   
websocket-server-6cd7b89cdf-gjfjh   152m   40Mi   
websocket-server-6cd7b89cdf-hdt64   2m     27Mi   
websocket-server-6cd7b89cdf-hjmxc   1m     27Mi   
websocket-server-6cd7b89cdf-mmsp5   1m     27Mi   
websocket-server-6cd7b89cdf-rm9ph   1m     27Mi   
websocket-server-6cd7b89cdf-sslgg   89m    31Mi   
websocket-server-6cd7b89cdf-t5t2v   163m   40Mi   
websocket-server-6cd7b89cdf-w9qbx   108m   35Mi   
websocket-server-6cd7b89cdf-xvvsz   138m   38Mi   
1772471746
websocket-server-6cd7b89cdf-645g8   1m     27Mi   
websocket-server-6cd7b89cdf-b75v5   152m   59Mi   
websocket-server-6cd7b89cdf-bpjww   1m     27Mi   
websocket-server-6cd7b89cdf-dz25c   1m     27Mi   
websocket-server-6cd7b89cdf-fnd7l   195m   39Mi   
websocket-server-6cd7b89cdf-g69wz   6m     27Mi   
websocket-server-6cd7b89cdf-gjfjh   152m   40Mi   
websocket-server-6cd7b89cdf-hdt64   2m     27Mi   
websocket-server-6cd7b89cdf-hjmxc   1m     27Mi   
websocket-server-6cd7b89cdf-mmsp5   1m     27Mi   
websocket-server-6cd7b89cdf-rm9ph   1m     27Mi   
websocket-server-6cd7b89cdf-sslgg   89m    31Mi   
websocket-server-6cd7b89cdf-t5t2v   163m   40Mi   
websocket-server-6cd7b89cdf-w9qbx   108m   35Mi   
websocket-server-6cd7b89cdf-xvvsz   138m   38Mi   
1772471752
websocket-server-6cd7b89cdf-645g8   1m     27Mi   
websocket-server-6cd7b89cdf-b75v5   152m   59Mi   
websocket-server-6cd7b89cdf-bpjww   1m     27Mi   
websocket-server-6cd7b89cdf-dz25c   1m     27Mi   
websocket-server-6cd7b89cdf-fnd7l   195m   39Mi   
websocket-server-6cd7b89cdf-g69wz   6m     27Mi   
websocket-server-6cd7b89cdf-gjfjh   152m   40Mi   
websocket-server-6cd7b89cdf-hdt64   2m     27Mi   
websocket-server-6cd7b89cdf-hjmxc   1m     27Mi   
websocket-server-6cd7b89cdf-mmsp5   1m     27Mi   
websocket-server-6cd7b89cdf-rm9ph   1m     27Mi   
websocket-server-6cd7b89cdf-sslgg   89m    31Mi   
websocket-server-6cd7b89cdf-t5t2v   163m   40Mi   
websocket-server-6cd7b89cdf-w9qbx   108m   35Mi   
websocket-server-6cd7b89cdf-xvvsz   138m   38Mi   
1772471757
websocket-server-6cd7b89cdf-645g8   1m     27Mi   
websocket-server-6cd7b89cdf-b75v5   125m   58Mi   
websocket-server-6cd7b89cdf-bpjww   1m     27Mi   
websocket-server-6cd7b89cdf-dz25c   1m     27Mi   
websocket-server-6cd7b89cdf-fnd7l   1m     39Mi   
websocket-server-6cd7b89cdf-g69wz   1m     27Mi   
websocket-server-6cd7b89cdf-gjfjh   119m   40Mi   
websocket-server-6cd7b89cdf-hdt64   1m     27Mi   
websocket-server-6cd7b89cdf-hjmxc   1m     27Mi   
websocket-server-6cd7b89cdf-mmsp5   1m     27Mi   
websocket-server-6cd7b89cdf-rm9ph   1m     27Mi   
websocket-server-6cd7b89cdf-sslgg   0m     31Mi   
websocket-server-6cd7b89cdf-t5t2v   52m    39Mi   
websocket-server-6cd7b89cdf-w9qbx   1m     35Mi   
websocket-server-6cd7b89cdf-xvvsz   1m     38Mi   
1772471762
websocket-server-6cd7b89cdf-645g8   1m     27Mi   
websocket-server-6cd7b89cdf-b75v5   125m   58Mi   
websocket-server-6cd7b89cdf-bpjww   1m     27Mi   
websocket-server-6cd7b89cdf-dz25c   1m     27Mi   
websocket-server-6cd7b89cdf-fnd7l   1m     39Mi   
websocket-server-6cd7b89cdf-g69wz   1m     27Mi   
websocket-server-6cd7b89cdf-gjfjh   119m   40Mi   
websocket-server-6cd7b89cdf-hdt64   1m     27Mi   
websocket-server-6cd7b89cdf-hjmxc   1m     27Mi   
websocket-server-6cd7b89cdf-mmsp5   1m     27Mi   
websocket-server-6cd7b89cdf-rm9ph   1m     27Mi   
websocket-server-6cd7b89cdf-sslgg   0m     31Mi   
websocket-server-6cd7b89cdf-t5t2v   52m    39Mi   
websocket-server-6cd7b89cdf-w9qbx   1m     35Mi   
websocket-server-6cd7b89cdf-xvvsz   1m     38Mi   
1772471767
websocket-server-6cd7b89cdf-645g8   1m     27Mi   
websocket-server-6cd7b89cdf-b75v5   125m   58Mi   
websocket-server-6cd7b89cdf-bpjww   1m     27Mi   
websocket-server-6cd7b89cdf-dz25c   1m     27Mi   
websocket-server-6cd7b89cdf-fnd7l   1m     39Mi   
websocket-server-6cd7b89cdf-g69wz   1m     27Mi   
websocket-server-6cd7b89cdf-gjfjh   119m   40Mi   
websocket-server-6cd7b89cdf-hdt64   1m     27Mi   
websocket-server-6cd7b89cdf-hjmxc   1m     27Mi   
websocket-server-6cd7b89cdf-mmsp5   1m     27Mi   
websocket-server-6cd7b89cdf-rm9ph   1m     27Mi   
websocket-server-6cd7b89cdf-sslgg   0m     31Mi   
websocket-server-6cd7b89cdf-t5t2v   52m    39Mi   
websocket-server-6cd7b89cdf-w9qbx   1m     35Mi   
websocket-server-6cd7b89cdf-xvvsz   1m     38Mi   
1772471772
websocket-server-6cd7b89cdf-645g8   1m    27Mi   
websocket-server-6cd7b89cdf-b75v5   1m    58Mi   
websocket-server-6cd7b89cdf-bpjww   1m    27Mi   
websocket-server-6cd7b89cdf-dz25c   1m    27Mi   
websocket-server-6cd7b89cdf-fnd7l   1m    39Mi   
websocket-server-6cd7b89cdf-g69wz   1m    27Mi   
websocket-server-6cd7b89cdf-gjfjh   1m    39Mi   
websocket-server-6cd7b89cdf-hdt64   1m    27Mi   
websocket-server-6cd7b89cdf-hjmxc   1m    27Mi   
websocket-server-6cd7b89cdf-mmsp5   1m    27Mi   
websocket-server-6cd7b89cdf-rm9ph   1m    28Mi   
websocket-server-6cd7b89cdf-sslgg   1m    31Mi   
websocket-server-6cd7b89cdf-t5t2v   1m    39Mi   
websocket-server-6cd7b89cdf-w9qbx   1m    35Mi   
websocket-server-6cd7b89cdf-xvvsz   1m    38Mi   
1772471777
websocket-server-6cd7b89cdf-645g8   1m    27Mi   
websocket-server-6cd7b89cdf-b75v5   1m    58Mi   
websocket-server-6cd7b89cdf-bpjww   1m    27Mi   
websocket-server-6cd7b89cdf-dz25c   1m    27Mi   
websocket-server-6cd7b89cdf-fnd7l   1m    39Mi   
websocket-server-6cd7b89cdf-g69wz   1m    27Mi   
websocket-server-6cd7b89cdf-gjfjh   1m    39Mi   
websocket-server-6cd7b89cdf-hdt64   1m    27Mi   
websocket-server-6cd7b89cdf-hjmxc   1m    27Mi   
websocket-server-6cd7b89cdf-mmsp5   1m    27Mi   
websocket-server-6cd7b89cdf-rm9ph   1m    28Mi   
websocket-server-6cd7b89cdf-sslgg   1m    31Mi   
websocket-server-6cd7b89cdf-t5t2v   1m    39Mi   
websocket-server-6cd7b89cdf-w9qbx   1m    35Mi   
websocket-server-6cd7b89cdf-xvvsz   1m    38Mi   
1772471782
websocket-server-6cd7b89cdf-645g8   1m    27Mi   
websocket-server-6cd7b89cdf-b75v5   1m    58Mi   
websocket-server-6cd7b89cdf-bpjww   1m    27Mi   
websocket-server-6cd7b89cdf-dz25c   1m    27Mi   
websocket-server-6cd7b89cdf-fnd7l   1m    39Mi   
websocket-server-6cd7b89cdf-g69wz   1m    27Mi   
websocket-server-6cd7b89cdf-gjfjh   1m    39Mi   
websocket-server-6cd7b89cdf-hdt64   1m    27Mi   
websocket-server-6cd7b89cdf-hjmxc   1m    27Mi   
websocket-server-6cd7b89cdf-mmsp5   1m    27Mi   
websocket-server-6cd7b89cdf-rm9ph   1m    28Mi   
websocket-server-6cd7b89cdf-sslgg   1m    31Mi   
websocket-server-6cd7b89cdf-t5t2v   1m    39Mi   
websocket-server-6cd7b89cdf-w9qbx   1m    35Mi   
websocket-server-6cd7b89cdf-xvvsz   1m    38Mi   
1772471787
websocket-server-6cd7b89cdf-645g8   1m    27Mi   
websocket-server-6cd7b89cdf-b75v5   1m    58Mi   
websocket-server-6cd7b89cdf-bpjww   1m    27Mi   
websocket-server-6cd7b89cdf-dz25c   1m    27Mi   
websocket-server-6cd7b89cdf-fnd7l   1m    39Mi   
websocket-server-6cd7b89cdf-g69wz   1m    27Mi   
websocket-server-6cd7b89cdf-gjfjh   1m    39Mi   
websocket-server-6cd7b89cdf-hdt64   1m    27Mi   
websocket-server-6cd7b89cdf-hjmxc   1m    27Mi   
websocket-server-6cd7b89cdf-mmsp5   1m    27Mi   
websocket-server-6cd7b89cdf-rm9ph   1m    27Mi   
websocket-server-6cd7b89cdf-sslgg   1m    31Mi   
websocket-server-6cd7b89cdf-t5t2v   1m    39Mi   
websocket-server-6cd7b89cdf-w9qbx   1m    35Mi   
websocket-server-6cd7b89cdf-xvvsz   1m    38Mi   
1772471792
websocket-server-6cd7b89cdf-645g8   1m    27Mi   
websocket-server-6cd7b89cdf-b75v5   1m    58Mi   
websocket-server-6cd7b89cdf-bpjww   1m    27Mi   
websocket-server-6cd7b89cdf-dz25c   1m    27Mi   
websocket-server-6cd7b89cdf-fnd7l   1m    39Mi   
websocket-server-6cd7b89cdf-g69wz   1m    27Mi   
websocket-server-6cd7b89cdf-gjfjh   1m    39Mi   
websocket-server-6cd7b89cdf-hdt64   1m    27Mi   
websocket-server-6cd7b89cdf-hjmxc   1m    27Mi   
websocket-server-6cd7b89cdf-mmsp5   1m    27Mi   
websocket-server-6cd7b89cdf-rm9ph   1m    27Mi   
websocket-server-6cd7b89cdf-sslgg   1m    31Mi   
websocket-server-6cd7b89cdf-t5t2v   1m    39Mi   
websocket-server-6cd7b89cdf-w9qbx   1m    35Mi   
websocket-server-6cd7b89cdf-xvvsz   1m    38Mi   
1772471798
websocket-server-6cd7b89cdf-645g8   1m    27Mi   
websocket-server-6cd7b89cdf-b75v5   1m    58Mi   
websocket-server-6cd7b89cdf-bpjww   1m    27Mi   
websocket-server-6cd7b89cdf-dz25c   1m    27Mi   
websocket-server-6cd7b89cdf-fnd7l   1m    39Mi   
websocket-server-6cd7b89cdf-g69wz   1m    27Mi   
websocket-server-6cd7b89cdf-gjfjh   1m    39Mi   
websocket-server-6cd7b89cdf-hdt64   1m    27Mi   
websocket-server-6cd7b89cdf-hjmxc   1m    27Mi   
websocket-server-6cd7b89cdf-mmsp5   1m    27Mi   
websocket-server-6cd7b89cdf-rm9ph   1m    27Mi   
websocket-server-6cd7b89cdf-sslgg   1m    31Mi   
websocket-server-6cd7b89cdf-t5t2v   1m    39Mi   
websocket-server-6cd7b89cdf-w9qbx   1m    35Mi   
websocket-server-6cd7b89cdf-xvvsz   1m    38Mi   
1772471803
websocket-server-6cd7b89cdf-645g8   1m    27Mi   
websocket-server-6cd7b89cdf-b75v5   1m    58Mi   
websocket-server-6cd7b89cdf-bpjww   1m    27Mi   
websocket-server-6cd7b89cdf-dz25c   1m    27Mi   
websocket-server-6cd7b89cdf-fnd7l   1m    39Mi   
websocket-server-6cd7b89cdf-g69wz   1m    28Mi   
websocket-server-6cd7b89cdf-gjfjh   1m    39Mi   
websocket-server-6cd7b89cdf-hdt64   1m    27Mi   
websocket-server-6cd7b89cdf-hjmxc   29m   30Mi   
websocket-server-6cd7b89cdf-mmsp5   14m   30Mi   
websocket-server-6cd7b89cdf-rm9ph   0m    27Mi   
websocket-server-6cd7b89cdf-sslgg   1m    31Mi   
websocket-server-6cd7b89cdf-t5t2v   11m   42Mi   
websocket-server-6cd7b89cdf-w9qbx   0m    35Mi   
websocket-server-6cd7b89cdf-xvvsz   1m    38Mi   
1772471808
websocket-server-6cd7b89cdf-645g8   1m    27Mi   
websocket-server-6cd7b89cdf-b75v5   1m    58Mi   
websocket-server-6cd7b89cdf-bpjww   1m    27Mi   
websocket-server-6cd7b89cdf-dz25c   1m    27Mi   
websocket-server-6cd7b89cdf-fnd7l   1m    39Mi   
websocket-server-6cd7b89cdf-g69wz   1m    28Mi   
websocket-server-6cd7b89cdf-gjfjh   1m    39Mi   
websocket-server-6cd7b89cdf-hdt64   1m    27Mi   
websocket-server-6cd7b89cdf-hjmxc   29m   30Mi   
websocket-server-6cd7b89cdf-mmsp5   14m   30Mi   
websocket-server-6cd7b89cdf-rm9ph   0m    27Mi   
websocket-server-6cd7b89cdf-sslgg   1m    31Mi   
websocket-server-6cd7b89cdf-t5t2v   11m   42Mi   
websocket-server-6cd7b89cdf-w9qbx   0m    35Mi   
websocket-server-6cd7b89cdf-xvvsz   1m    38Mi   
1772471813
websocket-server-6cd7b89cdf-645g8   1m    27Mi   
websocket-server-6cd7b89cdf-b75v5   1m    58Mi   
websocket-server-6cd7b89cdf-bpjww   1m    27Mi   
websocket-server-6cd7b89cdf-dz25c   1m    27Mi   
websocket-server-6cd7b89cdf-fnd7l   1m    39Mi   
websocket-server-6cd7b89cdf-g69wz   1m    28Mi   
websocket-server-6cd7b89cdf-gjfjh   1m    39Mi   
websocket-server-6cd7b89cdf-hdt64   1m    27Mi   
websocket-server-6cd7b89cdf-hjmxc   29m   30Mi   
websocket-server-6cd7b89cdf-mmsp5   14m   30Mi   
websocket-server-6cd7b89cdf-rm9ph   0m    27Mi   
websocket-server-6cd7b89cdf-sslgg   1m    31Mi   
websocket-server-6cd7b89cdf-t5t2v   11m   42Mi   
websocket-server-6cd7b89cdf-w9qbx   0m    35Mi   
websocket-server-6cd7b89cdf-xvvsz   1m    38Mi   
1772471818
websocket-loadgen-478td             124m   65Mi   
websocket-server-6cd7b89cdf-645g8   74m    30Mi   
websocket-server-6cd7b89cdf-b75v5   29m    61Mi   
websocket-server-6cd7b89cdf-bpjww   74m    30Mi   
websocket-server-6cd7b89cdf-dz25c   60m    30Mi   
websocket-server-6cd7b89cdf-fnd7l   71m    41Mi   
websocket-server-6cd7b89cdf-g69wz   101m   30Mi   
websocket-server-6cd7b89cdf-gjfjh   42m    42Mi   
websocket-server-6cd7b89cdf-hdt64   58m    30Mi   
websocket-server-6cd7b89cdf-hjmxc   29m    30Mi   
websocket-server-6cd7b89cdf-mmsp5   114m   30Mi   
websocket-server-6cd7b89cdf-rm9ph   78m    30Mi   
websocket-server-6cd7b89cdf-sslgg   69m    33Mi   
websocket-server-6cd7b89cdf-t5t2v   92m    42Mi   
websocket-server-6cd7b89cdf-w9qbx   71m    39Mi   
websocket-server-6cd7b89cdf-xvvsz   102m   41Mi   
1772471823
websocket-loadgen-478td             124m   65Mi   
websocket-server-6cd7b89cdf-645g8   74m    30Mi   
websocket-server-6cd7b89cdf-b75v5   29m    61Mi   
websocket-server-6cd7b89cdf-bpjww   74m    30Mi   
websocket-server-6cd7b89cdf-dz25c   60m    30Mi   
websocket-server-6cd7b89cdf-fnd7l   71m    41Mi   
websocket-server-6cd7b89cdf-g69wz   101m   30Mi   
websocket-server-6cd7b89cdf-gjfjh   42m    42Mi   
websocket-server-6cd7b89cdf-hdt64   58m    30Mi   
websocket-server-6cd7b89cdf-hjmxc   29m    30Mi   
websocket-server-6cd7b89cdf-mmsp5   114m   30Mi   
websocket-server-6cd7b89cdf-rm9ph   78m    30Mi   
websocket-server-6cd7b89cdf-sslgg   69m    33Mi   
websocket-server-6cd7b89cdf-t5t2v   92m    42Mi   
websocket-server-6cd7b89cdf-w9qbx   71m    39Mi   
websocket-server-6cd7b89cdf-xvvsz   102m   41Mi   
1772471828
websocket-loadgen-478td             124m   65Mi   
websocket-server-6cd7b89cdf-645g8   74m    30Mi   
websocket-server-6cd7b89cdf-b75v5   29m    61Mi   
websocket-server-6cd7b89cdf-bpjww   74m    30Mi   
websocket-server-6cd7b89cdf-dz25c   60m    30Mi   
websocket-server-6cd7b89cdf-fnd7l   71m    41Mi   
websocket-server-6cd7b89cdf-g69wz   101m   30Mi   
websocket-server-6cd7b89cdf-gjfjh   42m    42Mi   
websocket-server-6cd7b89cdf-hdt64   58m    30Mi   
websocket-server-6cd7b89cdf-hjmxc   29m    30Mi   
websocket-server-6cd7b89cdf-mmsp5   114m   30Mi   
websocket-server-6cd7b89cdf-rm9ph   78m    30Mi   
websocket-server-6cd7b89cdf-sslgg   69m    33Mi   
websocket-server-6cd7b89cdf-t5t2v   92m    42Mi   
websocket-server-6cd7b89cdf-w9qbx   71m    39Mi   
websocket-server-6cd7b89cdf-xvvsz   102m   41Mi   
1772471834
websocket-loadgen-478td             42m    65Mi   
websocket-server-6cd7b89cdf-9sjc4   49m    27Mi   
websocket-server-6cd7b89cdf-b75v5   88m    61Mi   
websocket-server-6cd7b89cdf-fnd7l   82m    41Mi   
websocket-server-6cd7b89cdf-t5t2v   103m   42Mi   
websocket-server-6cd7b89cdf-ttb7d   51m    27Mi   
websocket-server-6cd7b89cdf-w9qbx   100m   39Mi   
websocket-server-6cd7b89cdf-xvvsz   99m    41Mi   
1772471839
websocket-loadgen-478td             42m    65Mi   
websocket-server-6cd7b89cdf-9sjc4   49m    27Mi   
websocket-server-6cd7b89cdf-b75v5   88m    61Mi   
websocket-server-6cd7b89cdf-fnd7l   82m    41Mi   
websocket-server-6cd7b89cdf-t5t2v   103m   42Mi   
websocket-server-6cd7b89cdf-ttb7d   51m    27Mi   
websocket-server-6cd7b89cdf-w9qbx   100m   39Mi   
websocket-server-6cd7b89cdf-xvvsz   99m    41Mi   
1772471844
websocket-loadgen-478td             42m    65Mi   
websocket-server-6cd7b89cdf-9sjc4   49m    27Mi   
websocket-server-6cd7b89cdf-b75v5   88m    61Mi   
websocket-server-6cd7b89cdf-fnd7l   82m    41Mi   
websocket-server-6cd7b89cdf-t5t2v   103m   42Mi   
websocket-server-6cd7b89cdf-ttb7d   51m    27Mi   
websocket-server-6cd7b89cdf-w9qbx   100m   39Mi   
websocket-server-6cd7b89cdf-xvvsz   99m    41Mi   
1772471849
websocket-loadgen-478td             42m    65Mi   
websocket-server-6cd7b89cdf-9sjc4   96m    32Mi   
websocket-server-6cd7b89cdf-b75v5   115m   63Mi   
websocket-server-6cd7b89cdf-fnd7l   163m   42Mi   
websocket-server-6cd7b89cdf-rn7kq   59m    27Mi   
websocket-server-6cd7b89cdf-t5t2v   141m   43Mi   
websocket-server-6cd7b89cdf-ttb7d   51m    27Mi   
websocket-server-6cd7b89cdf-w9qbx   166m   40Mi   
websocket-server-6cd7b89cdf-xvvsz   99m    41Mi   
1772471854
websocket-loadgen-478td             42m    65Mi   
websocket-server-6cd7b89cdf-9sjc4   96m    32Mi   
websocket-server-6cd7b89cdf-b75v5   115m   63Mi   
websocket-server-6cd7b89cdf-fnd7l   163m   42Mi   
websocket-server-6cd7b89cdf-rn7kq   59m    27Mi   
websocket-server-6cd7b89cdf-t5t2v   141m   43Mi   
websocket-server-6cd7b89cdf-ttb7d   51m    27Mi   
websocket-server-6cd7b89cdf-w9qbx   166m   40Mi   
websocket-server-6cd7b89cdf-xvvsz   99m    41Mi   
1772471859
websocket-loadgen-478td             42m    65Mi   
websocket-server-6cd7b89cdf-9sjc4   96m    32Mi   
websocket-server-6cd7b89cdf-b75v5   115m   63Mi   
websocket-server-6cd7b89cdf-fnd7l   163m   42Mi   
websocket-server-6cd7b89cdf-rn7kq   59m    27Mi   
websocket-server-6cd7b89cdf-t5t2v   141m   43Mi   
websocket-server-6cd7b89cdf-ttb7d   51m    27Mi   
websocket-server-6cd7b89cdf-w9qbx   166m   40Mi   
websocket-server-6cd7b89cdf-xvvsz   99m    41Mi   
1772471864
websocket-loadgen-478td             95m    89Mi   
websocket-server-6cd7b89cdf-2bkqp   58m    27Mi   
websocket-server-6cd7b89cdf-97qsr   58m    27Mi   
websocket-server-6cd7b89cdf-9sjc4   126m   32Mi   
websocket-server-6cd7b89cdf-b75v5   184m   64Mi   
websocket-server-6cd7b89cdf-cwlpf   60m    27Mi   
websocket-server-6cd7b89cdf-fnd7l   158m   43Mi   
websocket-server-6cd7b89cdf-jxkx8   61m    27Mi   
websocket-server-6cd7b89cdf-lcshk   57m    27Mi   
websocket-server-6cd7b89cdf-rn7kq   1m     27Mi   
websocket-server-6cd7b89cdf-t5t2v   182m   43Mi   
websocket-server-6cd7b89cdf-ttb7d   108m   31Mi   
websocket-server-6cd7b89cdf-w9qbx   274m   40Mi   
websocket-server-6cd7b89cdf-xvvsz   171m   42Mi   
1772471870
websocket-loadgen-478td             95m    89Mi   
websocket-server-6cd7b89cdf-2bkqp   58m    27Mi   
websocket-server-6cd7b89cdf-97qsr   58m    27Mi   
websocket-server-6cd7b89cdf-9sjc4   126m   32Mi   
websocket-server-6cd7b89cdf-b75v5   184m   64Mi   
websocket-server-6cd7b89cdf-cwlpf   60m    27Mi   
websocket-server-6cd7b89cdf-fnd7l   158m   43Mi   
websocket-server-6cd7b89cdf-jxkx8   61m    27Mi   
websocket-server-6cd7b89cdf-lcshk   57m    27Mi   
websocket-server-6cd7b89cdf-rn7kq   1m     27Mi   
websocket-server-6cd7b89cdf-t5t2v   182m   43Mi   
websocket-server-6cd7b89cdf-ttb7d   108m   31Mi   
websocket-server-6cd7b89cdf-w9qbx   274m   40Mi   
websocket-server-6cd7b89cdf-xvvsz   171m   42Mi   
1772471875
websocket-loadgen-478td             95m    89Mi   
websocket-server-6cd7b89cdf-2bkqp   58m    27Mi   
websocket-server-6cd7b89cdf-97qsr   58m    27Mi   
websocket-server-6cd7b89cdf-9sjc4   126m   32Mi   
websocket-server-6cd7b89cdf-b75v5   184m   64Mi   
websocket-server-6cd7b89cdf-cwlpf   60m    27Mi   
websocket-server-6cd7b89cdf-fnd7l   158m   43Mi   
websocket-server-6cd7b89cdf-jxkx8   61m    27Mi   
websocket-server-6cd7b89cdf-lcshk   57m    27Mi   
websocket-server-6cd7b89cdf-rn7kq   1m     27Mi   
websocket-server-6cd7b89cdf-t5t2v   182m   43Mi   
websocket-server-6cd7b89cdf-ttb7d   108m   31Mi   
websocket-server-6cd7b89cdf-w9qbx   274m   40Mi   
websocket-server-6cd7b89cdf-xvvsz   171m   42Mi   
1772471880
websocket-loadgen-478td             42m    90Mi   
websocket-server-6cd7b89cdf-2bkqp   1m     27Mi   
websocket-server-6cd7b89cdf-6k6l8   43m    27Mi   
websocket-server-6cd7b89cdf-97qsr   1m     27Mi   
websocket-server-6cd7b89cdf-9sjc4   126m   32Mi   
websocket-server-6cd7b89cdf-b75v5   166m   64Mi   
websocket-server-6cd7b89cdf-cwlpf   1m     27Mi   
websocket-server-6cd7b89cdf-fnd7l   147m   42Mi   
websocket-server-6cd7b89cdf-jxkx8   0m     27Mi   
websocket-server-6cd7b89cdf-lcshk   1m     27Mi   
websocket-server-6cd7b89cdf-p67zx   40m    27Mi   
websocket-server-6cd7b89cdf-rn7kq   1m     27Mi   
websocket-server-6cd7b89cdf-t5t2v   162m   43Mi   
websocket-server-6cd7b89cdf-ttb7d   89m    31Mi   
websocket-server-6cd7b89cdf-w9qbx   205m   40Mi   
websocket-server-6cd7b89cdf-xvvsz   171m   42Mi   
1772471885
websocket-loadgen-478td             42m    90Mi   
websocket-server-6cd7b89cdf-2bkqp   1m     27Mi   
websocket-server-6cd7b89cdf-6k6l8   43m    27Mi   
websocket-server-6cd7b89cdf-97qsr   1m     27Mi   
websocket-server-6cd7b89cdf-9sjc4   126m   32Mi   
websocket-server-6cd7b89cdf-b75v5   166m   64Mi   
websocket-server-6cd7b89cdf-cwlpf   1m     27Mi   
websocket-server-6cd7b89cdf-fnd7l   147m   42Mi   
websocket-server-6cd7b89cdf-jxkx8   0m     27Mi   
websocket-server-6cd7b89cdf-lcshk   1m     27Mi   
websocket-server-6cd7b89cdf-p67zx   40m    27Mi   
websocket-server-6cd7b89cdf-rn7kq   1m     27Mi   
websocket-server-6cd7b89cdf-t5t2v   162m   43Mi   
websocket-server-6cd7b89cdf-ttb7d   89m    31Mi   
websocket-server-6cd7b89cdf-w9qbx   205m   40Mi   
websocket-server-6cd7b89cdf-xvvsz   171m   42Mi   
1772471890
websocket-server-6cd7b89cdf-2bkqp   1m     27Mi   
websocket-server-6cd7b89cdf-6k6l8   43m    27Mi   
websocket-server-6cd7b89cdf-97qsr   1m     27Mi   
websocket-server-6cd7b89cdf-9sjc4   126m   32Mi   
websocket-server-6cd7b89cdf-b75v5   166m   64Mi   
websocket-server-6cd7b89cdf-cwlpf   1m     27Mi   
websocket-server-6cd7b89cdf-fnd7l   147m   42Mi   
websocket-server-6cd7b89cdf-jxkx8   0m     27Mi   
websocket-server-6cd7b89cdf-lcshk   1m     27Mi   
websocket-server-6cd7b89cdf-p67zx   40m    27Mi   
websocket-server-6cd7b89cdf-rn7kq   1m     27Mi   
websocket-server-6cd7b89cdf-t5t2v   162m   43Mi   
websocket-server-6cd7b89cdf-ttb7d   89m    31Mi   
websocket-server-6cd7b89cdf-w9qbx   205m   40Mi   
websocket-server-6cd7b89cdf-xvvsz   171m   42Mi   
1772471895
websocket-server-6cd7b89cdf-2bkqp   1m     27Mi   
websocket-server-6cd7b89cdf-6k6l8   1m     27Mi   
websocket-server-6cd7b89cdf-97qsr   1m     27Mi   
websocket-server-6cd7b89cdf-9sjc4   113m   32Mi   
websocket-server-6cd7b89cdf-b75v5   158m   64Mi   
websocket-server-6cd7b89cdf-cwlpf   0m     27Mi   
websocket-server-6cd7b89cdf-fnd7l   165m   43Mi   
websocket-server-6cd7b89cdf-jxkx8   1m     27Mi   
websocket-server-6cd7b89cdf-lcshk   1m     27Mi   
websocket-server-6cd7b89cdf-p67zx   0m     27Mi   
websocket-server-6cd7b89cdf-rn7kq   1m     27Mi   
websocket-server-6cd7b89cdf-t5t2v   162m   43Mi   
websocket-server-6cd7b89cdf-ttb7d   89m    31Mi   
websocket-server-6cd7b89cdf-w9qbx   205m   40Mi   
websocket-server-6cd7b89cdf-xvvsz   146m   42Mi   
1772471900
websocket-server-6cd7b89cdf-2bkqp   1m     27Mi   
websocket-server-6cd7b89cdf-6k6l8   1m     27Mi   
websocket-server-6cd7b89cdf-97qsr   1m     27Mi   
websocket-server-6cd7b89cdf-9sjc4   113m   32Mi   
websocket-server-6cd7b89cdf-b75v5   158m   64Mi   
websocket-server-6cd7b89cdf-cwlpf   0m     27Mi   
websocket-server-6cd7b89cdf-fnd7l   165m   43Mi   
websocket-server-6cd7b89cdf-jxkx8   1m     27Mi   
websocket-server-6cd7b89cdf-lcshk   1m     27Mi   
websocket-server-6cd7b89cdf-p67zx   0m     27Mi   
websocket-server-6cd7b89cdf-rn7kq   1m     27Mi   
websocket-server-6cd7b89cdf-t5t2v   162m   43Mi   
websocket-server-6cd7b89cdf-ttb7d   89m    31Mi   
websocket-server-6cd7b89cdf-w9qbx   205m   40Mi   
websocket-server-6cd7b89cdf-xvvsz   146m   42Mi   
1772471905
websocket-server-6cd7b89cdf-2bkqp   1m     27Mi   
websocket-server-6cd7b89cdf-6k6l8   1m     27Mi   
websocket-server-6cd7b89cdf-97qsr   1m     27Mi   
websocket-server-6cd7b89cdf-9sjc4   113m   32Mi   
websocket-server-6cd7b89cdf-b75v5   158m   64Mi   
websocket-server-6cd7b89cdf-cwlpf   0m     27Mi   
websocket-server-6cd7b89cdf-fnd7l   165m   43Mi   
websocket-server-6cd7b89cdf-jxkx8   1m     27Mi   
websocket-server-6cd7b89cdf-lcshk   1m     27Mi   
websocket-server-6cd7b89cdf-p67zx   0m     27Mi   
websocket-server-6cd7b89cdf-rn7kq   1m     27Mi   
websocket-server-6cd7b89cdf-t5t2v   162m   43Mi   
websocket-server-6cd7b89cdf-ttb7d   89m    31Mi   
websocket-server-6cd7b89cdf-w9qbx   205m   40Mi   
websocket-server-6cd7b89cdf-xvvsz   146m   42Mi   
1772471910
websocket-server-6cd7b89cdf-2bkqp   1m     27Mi   
websocket-server-6cd7b89cdf-6k6l8   1m     27Mi   
websocket-server-6cd7b89cdf-97qsr   1m     27Mi   
websocket-server-6cd7b89cdf-9sjc4   84m    32Mi   
websocket-server-6cd7b89cdf-b75v5   8m     63Mi   
websocket-server-6cd7b89cdf-cwlpf   1m     27Mi   
websocket-server-6cd7b89cdf-fnd7l   8m     42Mi   
websocket-server-6cd7b89cdf-jxkx8   1m     27Mi   
websocket-server-6cd7b89cdf-lcshk   1m     27Mi   
websocket-server-6cd7b89cdf-p67zx   1m     27Mi   
websocket-server-6cd7b89cdf-rn7kq   1m     27Mi   
websocket-server-6cd7b89cdf-t5t2v   88m    42Mi   
websocket-server-6cd7b89cdf-ttb7d   57m    31Mi   
websocket-server-6cd7b89cdf-w9qbx   97m    39Mi   
websocket-server-6cd7b89cdf-xvvsz   115m   42Mi   
1772471915
websocket-server-6cd7b89cdf-2bkqp   1m     27Mi   
websocket-server-6cd7b89cdf-6k6l8   1m     27Mi   
websocket-server-6cd7b89cdf-97qsr   1m     27Mi   
websocket-server-6cd7b89cdf-9sjc4   84m    32Mi   
websocket-server-6cd7b89cdf-b75v5   8m     63Mi   
websocket-server-6cd7b89cdf-cwlpf   1m     27Mi   
websocket-server-6cd7b89cdf-fnd7l   8m     42Mi   
websocket-server-6cd7b89cdf-jxkx8   1m     27Mi   
websocket-server-6cd7b89cdf-lcshk   1m     27Mi   
websocket-server-6cd7b89cdf-p67zx   1m     27Mi   
websocket-server-6cd7b89cdf-rn7kq   1m     27Mi   
websocket-server-6cd7b89cdf-t5t2v   88m    42Mi   
websocket-server-6cd7b89cdf-ttb7d   57m    31Mi   
websocket-server-6cd7b89cdf-w9qbx   97m    39Mi   
websocket-server-6cd7b89cdf-xvvsz   115m   42Mi   
1772471921
websocket-server-6cd7b89cdf-2bkqp   1m    27Mi   
websocket-server-6cd7b89cdf-6k6l8   1m    27Mi   
websocket-server-6cd7b89cdf-97qsr   1m    27Mi   
websocket-server-6cd7b89cdf-9sjc4   1m    32Mi   
websocket-server-6cd7b89cdf-b75v5   8m    63Mi   
websocket-server-6cd7b89cdf-cwlpf   1m    27Mi   
websocket-server-6cd7b89cdf-fnd7l   1m    42Mi   
websocket-server-6cd7b89cdf-jxkx8   1m    27Mi   
websocket-server-6cd7b89cdf-lcshk   1m    27Mi   
websocket-server-6cd7b89cdf-p67zx   1m    27Mi   
websocket-server-6cd7b89cdf-rn7kq   1m    27Mi   
websocket-server-6cd7b89cdf-t5t2v   1m    42Mi   
websocket-server-6cd7b89cdf-ttb7d   1m    31Mi   
websocket-server-6cd7b89cdf-w9qbx   1m    39Mi   
websocket-server-6cd7b89cdf-xvvsz   1m    42Mi   
1772471926
websocket-server-6cd7b89cdf-2bkqp   1m    27Mi   
websocket-server-6cd7b89cdf-6k6l8   1m    27Mi   
websocket-server-6cd7b89cdf-97qsr   1m    27Mi   
websocket-server-6cd7b89cdf-9sjc4   1m    32Mi   
websocket-server-6cd7b89cdf-b75v5   8m    63Mi   
websocket-server-6cd7b89cdf-cwlpf   1m    27Mi   
websocket-server-6cd7b89cdf-fnd7l   1m    42Mi   
websocket-server-6cd7b89cdf-jxkx8   1m    27Mi   
websocket-server-6cd7b89cdf-lcshk   1m    27Mi   
websocket-server-6cd7b89cdf-p67zx   1m    27Mi   
websocket-server-6cd7b89cdf-rn7kq   1m    27Mi   
websocket-server-6cd7b89cdf-t5t2v   1m    42Mi   
websocket-server-6cd7b89cdf-ttb7d   1m    31Mi   
websocket-server-6cd7b89cdf-w9qbx   1m    39Mi   
websocket-server-6cd7b89cdf-xvvsz   1m    42Mi   
1772471931
websocket-server-6cd7b89cdf-2bkqp   1m    27Mi   
websocket-server-6cd7b89cdf-6k6l8   1m    27Mi   
websocket-server-6cd7b89cdf-97qsr   1m    27Mi   
websocket-server-6cd7b89cdf-9sjc4   1m    32Mi   
websocket-server-6cd7b89cdf-b75v5   8m    63Mi   
websocket-server-6cd7b89cdf-cwlpf   1m    27Mi   
websocket-server-6cd7b89cdf-fnd7l   1m    42Mi   
websocket-server-6cd7b89cdf-jxkx8   1m    27Mi   
websocket-server-6cd7b89cdf-lcshk   1m    27Mi   
websocket-server-6cd7b89cdf-p67zx   1m    27Mi   
websocket-server-6cd7b89cdf-rn7kq   1m    27Mi   
websocket-server-6cd7b89cdf-t5t2v   1m    42Mi   
websocket-server-6cd7b89cdf-ttb7d   1m    31Mi   
websocket-server-6cd7b89cdf-w9qbx   1m    39Mi   
websocket-server-6cd7b89cdf-xvvsz   1m    42Mi   
1772471936
websocket-server-6cd7b89cdf-2bkqp   1m    27Mi   
websocket-server-6cd7b89cdf-6k6l8   1m    27Mi   
websocket-server-6cd7b89cdf-97qsr   1m    27Mi   
websocket-server-6cd7b89cdf-9sjc4   1m    32Mi   
websocket-server-6cd7b89cdf-b75v5   1m    63Mi   
websocket-server-6cd7b89cdf-cwlpf   1m    27Mi   
websocket-server-6cd7b89cdf-fnd7l   1m    42Mi   
websocket-server-6cd7b89cdf-jxkx8   1m    27Mi   
websocket-server-6cd7b89cdf-lcshk   1m    27Mi   
websocket-server-6cd7b89cdf-p67zx   1m    27Mi   
websocket-server-6cd7b89cdf-rn7kq   1m    27Mi   
websocket-server-6cd7b89cdf-t5t2v   1m    42Mi   
websocket-server-6cd7b89cdf-ttb7d   1m    31Mi   
websocket-server-6cd7b89cdf-w9qbx   1m    39Mi   
websocket-server-6cd7b89cdf-xvvsz   1m    42Mi   
1772471941
websocket-server-6cd7b89cdf-2bkqp   1m    27Mi   
websocket-server-6cd7b89cdf-6k6l8   1m    27Mi   
websocket-server-6cd7b89cdf-97qsr   1m    27Mi   
websocket-server-6cd7b89cdf-9sjc4   1m    32Mi   
websocket-server-6cd7b89cdf-b75v5   1m    63Mi   
websocket-server-6cd7b89cdf-cwlpf   1m    27Mi   
websocket-server-6cd7b89cdf-fnd7l   1m    42Mi   
websocket-server-6cd7b89cdf-jxkx8   1m    27Mi   
websocket-server-6cd7b89cdf-lcshk   1m    27Mi   
websocket-server-6cd7b89cdf-p67zx   1m    27Mi   
websocket-server-6cd7b89cdf-rn7kq   1m    27Mi   
websocket-server-6cd7b89cdf-t5t2v   1m    42Mi   
websocket-server-6cd7b89cdf-ttb7d   1m    31Mi   
websocket-server-6cd7b89cdf-w9qbx   1m    39Mi   
websocket-server-6cd7b89cdf-xvvsz   1m    42Mi   
1772471946
websocket-server-6cd7b89cdf-2bkqp   1m    27Mi   
websocket-server-6cd7b89cdf-6k6l8   1m    27Mi   
websocket-server-6cd7b89cdf-97qsr   1m    27Mi   
websocket-server-6cd7b89cdf-9sjc4   1m    32Mi   
websocket-server-6cd7b89cdf-b75v5   1m    63Mi   
websocket-server-6cd7b89cdf-cwlpf   1m    27Mi   
websocket-server-6cd7b89cdf-fnd7l   1m    42Mi   
websocket-server-6cd7b89cdf-jxkx8   1m    27Mi   
websocket-server-6cd7b89cdf-lcshk   1m    27Mi   
websocket-server-6cd7b89cdf-p67zx   1m    27Mi   
websocket-server-6cd7b89cdf-rn7kq   1m    27Mi   
websocket-server-6cd7b89cdf-t5t2v   1m    42Mi   
websocket-server-6cd7b89cdf-ttb7d   1m    31Mi   
websocket-server-6cd7b89cdf-w9qbx   1m    39Mi   
websocket-server-6cd7b89cdf-xvvsz   1m    42Mi   
1772471951
websocket-server-6cd7b89cdf-2bkqp   1m    27Mi   
websocket-server-6cd7b89cdf-6k6l8   1m    27Mi   
websocket-server-6cd7b89cdf-97qsr   1m    27Mi   
websocket-server-6cd7b89cdf-9sjc4   1m    32Mi   
websocket-server-6cd7b89cdf-b75v5   1m    63Mi   
websocket-server-6cd7b89cdf-cwlpf   1m    27Mi   
websocket-server-6cd7b89cdf-fnd7l   1m    42Mi   
websocket-server-6cd7b89cdf-jxkx8   23m   30Mi   
websocket-server-6cd7b89cdf-lcshk   1m    27Mi   
websocket-server-6cd7b89cdf-p67zx   19m   30Mi   
websocket-server-6cd7b89cdf-rn7kq   1m    27Mi   
websocket-server-6cd7b89cdf-t5t2v   1m    42Mi   
websocket-server-6cd7b89cdf-ttb7d   0m    31Mi   
websocket-server-6cd7b89cdf-w9qbx   6m    40Mi   
websocket-server-6cd7b89cdf-xvvsz   4m    43Mi   
1772471956
websocket-server-6cd7b89cdf-2bkqp   1m    27Mi   
websocket-server-6cd7b89cdf-6k6l8   1m    27Mi   
websocket-server-6cd7b89cdf-97qsr   1m    27Mi   
websocket-server-6cd7b89cdf-9sjc4   1m    32Mi   
websocket-server-6cd7b89cdf-b75v5   1m    63Mi   
websocket-server-6cd7b89cdf-cwlpf   1m    27Mi   
websocket-server-6cd7b89cdf-fnd7l   1m    42Mi   
websocket-server-6cd7b89cdf-jxkx8   23m   30Mi   
websocket-server-6cd7b89cdf-lcshk   1m    27Mi   
websocket-server-6cd7b89cdf-p67zx   19m   30Mi   
websocket-server-6cd7b89cdf-rn7kq   1m    27Mi   
websocket-server-6cd7b89cdf-t5t2v   1m    42Mi   
websocket-server-6cd7b89cdf-ttb7d   0m    31Mi   
websocket-server-6cd7b89cdf-w9qbx   6m    40Mi   
websocket-server-6cd7b89cdf-xvvsz   4m    43Mi   
1772471961
websocket-server-6cd7b89cdf-2bkqp   1m    27Mi   
websocket-server-6cd7b89cdf-6k6l8   1m    27Mi   
websocket-server-6cd7b89cdf-97qsr   1m    27Mi   
websocket-server-6cd7b89cdf-9sjc4   1m    32Mi   
websocket-server-6cd7b89cdf-b75v5   1m    63Mi   
websocket-server-6cd7b89cdf-cwlpf   1m    27Mi   
websocket-server-6cd7b89cdf-fnd7l   1m    42Mi   
websocket-server-6cd7b89cdf-jxkx8   23m   30Mi   
websocket-server-6cd7b89cdf-lcshk   1m    27Mi   
websocket-server-6cd7b89cdf-p67zx   19m   30Mi   
websocket-server-6cd7b89cdf-rn7kq   1m    27Mi   
websocket-server-6cd7b89cdf-t5t2v   1m    42Mi   
websocket-server-6cd7b89cdf-ttb7d   0m    31Mi   
websocket-server-6cd7b89cdf-w9qbx   6m    40Mi   
websocket-server-6cd7b89cdf-xvvsz   4m    43Mi   
1772471966
websocket-loadgen-4rfwp             32m    65Mi   
websocket-server-6cd7b89cdf-2bkqp   74m    30Mi   
websocket-server-6cd7b89cdf-6k6l8   67m    29Mi   
websocket-server-6cd7b89cdf-97qsr   55m    29Mi   
websocket-server-6cd7b89cdf-9sjc4   79m    33Mi   
websocket-server-6cd7b89cdf-b75v5   44m    66Mi   
websocket-server-6cd7b89cdf-cwlpf   49m    30Mi   
websocket-server-6cd7b89cdf-fnd7l   57m    42Mi   
websocket-server-6cd7b89cdf-jxkx8   105m   30Mi   
websocket-server-6cd7b89cdf-lcshk   40m    30Mi   
websocket-server-6cd7b89cdf-p67zx   93m    30Mi   
websocket-server-6cd7b89cdf-rn7kq   71m    30Mi   
websocket-server-6cd7b89cdf-t5t2v   57m    43Mi   
websocket-server-6cd7b89cdf-ttb7d   70m    33Mi   
websocket-server-6cd7b89cdf-w9qbx   108m   40Mi   
websocket-server-6cd7b89cdf-xvvsz   4m     43Mi   
1772471972
websocket-loadgen-4rfwp             32m    65Mi   
websocket-server-6cd7b89cdf-2bkqp   74m    30Mi   
websocket-server-6cd7b89cdf-6k6l8   67m    29Mi   
websocket-server-6cd7b89cdf-97qsr   55m    29Mi   
websocket-server-6cd7b89cdf-9sjc4   79m    33Mi   
websocket-server-6cd7b89cdf-b75v5   44m    66Mi   
websocket-server-6cd7b89cdf-cwlpf   49m    30Mi   
websocket-server-6cd7b89cdf-fnd7l   57m    42Mi   
websocket-server-6cd7b89cdf-jxkx8   105m   30Mi   
websocket-server-6cd7b89cdf-lcshk   40m    30Mi   
websocket-server-6cd7b89cdf-p67zx   93m    30Mi   
websocket-server-6cd7b89cdf-rn7kq   71m    30Mi   
websocket-server-6cd7b89cdf-t5t2v   57m    43Mi   
websocket-server-6cd7b89cdf-ttb7d   70m    33Mi   
websocket-server-6cd7b89cdf-w9qbx   108m   40Mi   
websocket-server-6cd7b89cdf-xvvsz   4m     43Mi   
1772471977
websocket-loadgen-4rfwp             32m    65Mi   
websocket-server-6cd7b89cdf-2bkqp   74m    30Mi   
websocket-server-6cd7b89cdf-6k6l8   67m    29Mi   
websocket-server-6cd7b89cdf-97qsr   55m    29Mi   
websocket-server-6cd7b89cdf-9sjc4   79m    33Mi   
websocket-server-6cd7b89cdf-b75v5   44m    66Mi   
websocket-server-6cd7b89cdf-cwlpf   49m    30Mi   
websocket-server-6cd7b89cdf-fnd7l   57m    42Mi   
websocket-server-6cd7b89cdf-jxkx8   105m   30Mi   
websocket-server-6cd7b89cdf-lcshk   40m    30Mi   
websocket-server-6cd7b89cdf-p67zx   93m    30Mi   
websocket-server-6cd7b89cdf-rn7kq   71m    30Mi   
websocket-server-6cd7b89cdf-t5t2v   57m    43Mi   
websocket-server-6cd7b89cdf-ttb7d   70m    33Mi   
websocket-server-6cd7b89cdf-w9qbx   108m   40Mi   
websocket-server-6cd7b89cdf-xvvsz   4m     43Mi   
1772471982
websocket-loadgen-4rfwp             32m    65Mi   
websocket-server-6cd7b89cdf-2bkqp   74m    30Mi   
websocket-server-6cd7b89cdf-6k6l8   78m    29Mi   
websocket-server-6cd7b89cdf-97qsr   70m    29Mi   
websocket-server-6cd7b89cdf-9sjc4   95m    33Mi   
websocket-server-6cd7b89cdf-b75v5   103m   66Mi   
websocket-server-6cd7b89cdf-cwlpf   99m    30Mi   
websocket-server-6cd7b89cdf-fnd7l   105m   43Mi   
websocket-server-6cd7b89cdf-jxkx8   100m   30Mi   
websocket-server-6cd7b89cdf-lcshk   106m   30Mi   
websocket-server-6cd7b89cdf-p67zx   95m    30Mi   
websocket-server-6cd7b89cdf-rn7kq   79m    30Mi   
websocket-server-6cd7b89cdf-t5t2v   67m    43Mi   
websocket-server-6cd7b89cdf-ttb7d   85m    33Mi   
websocket-server-6cd7b89cdf-w9qbx   126m   40Mi   
websocket-server-6cd7b89cdf-wfvxv   44m    27Mi   
websocket-server-6cd7b89cdf-xvvsz   77m    42Mi   
1772471987
websocket-loadgen-4rfwp             32m    65Mi   
websocket-server-6cd7b89cdf-2bkqp   74m    30Mi   
websocket-server-6cd7b89cdf-b75v5   103m   66Mi   
websocket-server-6cd7b89cdf-fnd7l   105m   43Mi   
websocket-server-6cd7b89cdf-jxkx8   100m   30Mi   
websocket-server-6cd7b89cdf-p67zx   95m    30Mi   
websocket-server-6cd7b89cdf-t5t2v   67m    43Mi   
websocket-server-6cd7b89cdf-w9qbx   126m   40Mi   
websocket-server-6cd7b89cdf-wfvxv   44m    27Mi   
websocket-server-6cd7b89cdf-xvvsz   77m    42Mi   
1772471992
websocket-loadgen-4rfwp             32m    65Mi   
websocket-server-6cd7b89cdf-2bkqp   74m    30Mi   
websocket-server-6cd7b89cdf-b75v5   103m   66Mi   
websocket-server-6cd7b89cdf-fnd7l   105m   43Mi   
websocket-server-6cd7b89cdf-jxkx8   100m   30Mi   
websocket-server-6cd7b89cdf-p67zx   95m    30Mi   
websocket-server-6cd7b89cdf-t5t2v   67m    43Mi   
websocket-server-6cd7b89cdf-w9qbx   126m   40Mi   
websocket-server-6cd7b89cdf-wfvxv   44m    27Mi   
websocket-server-6cd7b89cdf-xvvsz   77m    42Mi   
1772471997
websocket-loadgen-4rfwp             47m    66Mi   
websocket-server-6cd7b89cdf-2bkqp   116m   32Mi   
websocket-server-6cd7b89cdf-b75v5   95m    67Mi   
websocket-server-6cd7b89cdf-fnd7l   129m   43Mi   
websocket-server-6cd7b89cdf-jxkx8   118m   32Mi   
websocket-server-6cd7b89cdf-kvpxw   58m    27Mi   
websocket-server-6cd7b89cdf-p5hbb   55m    27Mi   
websocket-server-6cd7b89cdf-p67zx   151m   33Mi   
websocket-server-6cd7b89cdf-qzlqc   56m    27Mi   
websocket-server-6cd7b89cdf-sdbg5   58m    27Mi   
websocket-server-6cd7b89cdf-t5t2v   81m    43Mi   
websocket-server-6cd7b89cdf-w9qbx   126m   40Mi   
websocket-server-6cd7b89cdf-wfvxv   41m    27Mi   
websocket-server-6cd7b89cdf-xvvsz   102m   42Mi   
1772472002
websocket-loadgen-4rfwp             47m    66Mi   
websocket-server-6cd7b89cdf-2bkqp   116m   32Mi   
websocket-server-6cd7b89cdf-b75v5   95m    67Mi   
websocket-server-6cd7b89cdf-fnd7l   129m   43Mi   
websocket-server-6cd7b89cdf-jxkx8   118m   32Mi   
websocket-server-6cd7b89cdf-kvpxw   58m    27Mi   
websocket-server-6cd7b89cdf-p5hbb   55m    27Mi   
websocket-server-6cd7b89cdf-p67zx   151m   33Mi   
websocket-server-6cd7b89cdf-qzlqc   56m    27Mi   
websocket-server-6cd7b89cdf-sdbg5   58m    27Mi   
websocket-server-6cd7b89cdf-t5t2v   81m    43Mi   
websocket-server-6cd7b89cdf-w9qbx   126m   40Mi   
websocket-server-6cd7b89cdf-wfvxv   41m    27Mi   
websocket-server-6cd7b89cdf-xvvsz   102m   42Mi   
1772472007
websocket-loadgen-4rfwp             47m    66Mi   
websocket-server-6cd7b89cdf-2bkqp   116m   32Mi   
websocket-server-6cd7b89cdf-b75v5   95m    67Mi   
websocket-server-6cd7b89cdf-fnd7l   129m   43Mi   
websocket-server-6cd7b89cdf-jxkx8   118m   32Mi   
websocket-server-6cd7b89cdf-kvpxw   58m    27Mi   
websocket-server-6cd7b89cdf-p5hbb   55m    27Mi   
websocket-server-6cd7b89cdf-p67zx   151m   33Mi   
websocket-server-6cd7b89cdf-qzlqc   56m    27Mi   
websocket-server-6cd7b89cdf-sdbg5   58m    27Mi   
websocket-server-6cd7b89cdf-t5t2v   81m    43Mi   
websocket-server-6cd7b89cdf-w9qbx   126m   40Mi   
websocket-server-6cd7b89cdf-wfvxv   41m    27Mi   
websocket-server-6cd7b89cdf-xvvsz   102m   42Mi   
1772472012
websocket-loadgen-4rfwp             86m    83Mi   
websocket-server-6cd7b89cdf-2bkqp   170m   33Mi   
websocket-server-6cd7b89cdf-b75v5   150m   67Mi   
websocket-server-6cd7b89cdf-fnd7l   147m   43Mi   
websocket-server-6cd7b89cdf-gjxmc   44m    27Mi   
websocket-server-6cd7b89cdf-jxkx8   151m   33Mi   
websocket-server-6cd7b89cdf-kvpxw   0m     27Mi   
websocket-server-6cd7b89cdf-md95s   45m    27Mi   
websocket-server-6cd7b89cdf-p5hbb   0m     27Mi   
websocket-server-6cd7b89cdf-p67zx   145m   32Mi   
websocket-server-6cd7b89cdf-qzlqc   48m    27Mi   
websocket-server-6cd7b89cdf-sdbg5   0m     27Mi   
websocket-server-6cd7b89cdf-t5t2v   147m   43Mi   
websocket-server-6cd7b89cdf-w9qbx   175m   41Mi   
websocket-server-6cd7b89cdf-wfvxv   65m    29Mi   
websocket-server-6cd7b89cdf-xvvsz   143m   43Mi   
1772472018
websocket-loadgen-4rfwp             86m    83Mi   
websocket-server-6cd7b89cdf-2bkqp   170m   33Mi   
websocket-server-6cd7b89cdf-b75v5   150m   67Mi   
websocket-server-6cd7b89cdf-fnd7l   147m   43Mi   
websocket-server-6cd7b89cdf-gjxmc   44m    27Mi   
websocket-server-6cd7b89cdf-jxkx8   151m   33Mi   
websocket-server-6cd7b89cdf-kvpxw   0m     27Mi   
websocket-server-6cd7b89cdf-md95s   45m    27Mi   
websocket-server-6cd7b89cdf-p5hbb   0m     27Mi   
websocket-server-6cd7b89cdf-p67zx   145m   32Mi   
websocket-server-6cd7b89cdf-qzlqc   48m    27Mi   
websocket-server-6cd7b89cdf-sdbg5   0m     27Mi   
websocket-server-6cd7b89cdf-t5t2v   147m   43Mi   
websocket-server-6cd7b89cdf-w9qbx   175m   41Mi   
websocket-server-6cd7b89cdf-wfvxv   65m    29Mi   
websocket-server-6cd7b89cdf-xvvsz   143m   43Mi   
1772472023
websocket-loadgen-4rfwp             86m    83Mi   
websocket-server-6cd7b89cdf-2bkqp   170m   33Mi   
websocket-server-6cd7b89cdf-b75v5   150m   67Mi   
websocket-server-6cd7b89cdf-fnd7l   147m   43Mi   
websocket-server-6cd7b89cdf-gjxmc   44m    27Mi   
websocket-server-6cd7b89cdf-jxkx8   151m   33Mi   
websocket-server-6cd7b89cdf-kvpxw   0m     27Mi   
websocket-server-6cd7b89cdf-md95s   45m    27Mi   
websocket-server-6cd7b89cdf-p5hbb   0m     27Mi   
websocket-server-6cd7b89cdf-p67zx   145m   32Mi   
websocket-server-6cd7b89cdf-qzlqc   48m    27Mi   
websocket-server-6cd7b89cdf-sdbg5   0m     27Mi   
websocket-server-6cd7b89cdf-t5t2v   147m   43Mi   
websocket-server-6cd7b89cdf-w9qbx   175m   41Mi   
websocket-server-6cd7b89cdf-wfvxv   65m    29Mi   
websocket-server-6cd7b89cdf-xvvsz   143m   43Mi   
1772472028
websocket-loadgen-4rfwp             50m    82Mi   
websocket-server-6cd7b89cdf-2bkqp   175m   33Mi   
websocket-server-6cd7b89cdf-b75v5   152m   67Mi   
websocket-server-6cd7b89cdf-fnd7l   154m   43Mi   
websocket-server-6cd7b89cdf-gjxmc   1m     27Mi   
websocket-server-6cd7b89cdf-jxkx8   139m   32Mi   
websocket-server-6cd7b89cdf-kvpxw   1m     27Mi   
websocket-server-6cd7b89cdf-md95s   41m    27Mi   
websocket-server-6cd7b89cdf-p5hbb   1m     27Mi   
websocket-server-6cd7b89cdf-p67zx   145m   32Mi   
websocket-server-6cd7b89cdf-qzlqc   1m     27Mi   
websocket-server-6cd7b89cdf-sdbg5   1m     27Mi   
websocket-server-6cd7b89cdf-t5t2v   147m   43Mi   
websocket-server-6cd7b89cdf-w9qbx   143m   40Mi   
websocket-server-6cd7b89cdf-wfvxv   83m    30Mi   
websocket-server-6cd7b89cdf-xvvsz   146m   43Mi   
1772472033
websocket-loadgen-4rfwp             50m    82Mi   
websocket-server-6cd7b89cdf-2bkqp   175m   33Mi   
websocket-server-6cd7b89cdf-b75v5   152m   67Mi   
websocket-server-6cd7b89cdf-fnd7l   154m   43Mi   
websocket-server-6cd7b89cdf-gjxmc   1m     27Mi   
websocket-server-6cd7b89cdf-jxkx8   139m   32Mi   
websocket-server-6cd7b89cdf-kvpxw   1m     27Mi   
websocket-server-6cd7b89cdf-md95s   41m    27Mi   
websocket-server-6cd7b89cdf-p5hbb   1m     27Mi   
websocket-server-6cd7b89cdf-p67zx   145m   32Mi   
websocket-server-6cd7b89cdf-qzlqc   1m     27Mi   
websocket-server-6cd7b89cdf-sdbg5   1m     27Mi   
websocket-server-6cd7b89cdf-t5t2v   147m   43Mi   
websocket-server-6cd7b89cdf-w9qbx   143m   40Mi   
websocket-server-6cd7b89cdf-wfvxv   83m    30Mi   
websocket-server-6cd7b89cdf-xvvsz   146m   43Mi   
1772472038
websocket-server-6cd7b89cdf-2bkqp   175m   33Mi   
websocket-server-6cd7b89cdf-b75v5   152m   67Mi   
websocket-server-6cd7b89cdf-fnd7l   154m   43Mi   
websocket-server-6cd7b89cdf-gjxmc   1m     27Mi   
websocket-server-6cd7b89cdf-jxkx8   139m   32Mi   
websocket-server-6cd7b89cdf-kvpxw   1m     27Mi   
websocket-server-6cd7b89cdf-md95s   41m    27Mi   
websocket-server-6cd7b89cdf-p5hbb   1m     27Mi   
websocket-server-6cd7b89cdf-p67zx   145m   32Mi   
websocket-server-6cd7b89cdf-qzlqc   1m     27Mi   
websocket-server-6cd7b89cdf-sdbg5   1m     27Mi   
websocket-server-6cd7b89cdf-t5t2v   147m   43Mi   
websocket-server-6cd7b89cdf-w9qbx   143m   40Mi   
websocket-server-6cd7b89cdf-wfvxv   83m    30Mi   
websocket-server-6cd7b89cdf-xvvsz   146m   43Mi   
1772472043
websocket-server-6cd7b89cdf-2bkqp   173m   33Mi   
websocket-server-6cd7b89cdf-b75v5   156m   67Mi   
websocket-server-6cd7b89cdf-fnd7l   147m   43Mi   
websocket-server-6cd7b89cdf-gjxmc   1m     27Mi   
websocket-server-6cd7b89cdf-jxkx8   139m   32Mi   
websocket-server-6cd7b89cdf-kvpxw   0m     27Mi   
websocket-server-6cd7b89cdf-md95s   1m     27Mi   
websocket-server-6cd7b89cdf-p5hbb   1m     27Mi   
websocket-server-6cd7b89cdf-p67zx   138m   32Mi   
websocket-server-6cd7b89cdf-qzlqc   1m     27Mi   
websocket-server-6cd7b89cdf-sdbg5   1m     27Mi   
websocket-server-6cd7b89cdf-t5t2v   124m   43Mi   
websocket-server-6cd7b89cdf-w9qbx   138m   40Mi   
websocket-server-6cd7b89cdf-wfvxv   64m    29Mi   
websocket-server-6cd7b89cdf-xvvsz   146m   43Mi   
1772472048
websocket-server-6cd7b89cdf-2bkqp   173m   33Mi   
websocket-server-6cd7b89cdf-b75v5   156m   67Mi   
websocket-server-6cd7b89cdf-fnd7l   147m   43Mi   
websocket-server-6cd7b89cdf-gjxmc   1m     27Mi   
websocket-server-6cd7b89cdf-jxkx8   139m   32Mi   
websocket-server-6cd7b89cdf-kvpxw   0m     27Mi   
websocket-server-6cd7b89cdf-md95s   1m     27Mi   
websocket-server-6cd7b89cdf-p5hbb   1m     27Mi   
websocket-server-6cd7b89cdf-p67zx   138m   32Mi   
websocket-server-6cd7b89cdf-qzlqc   1m     27Mi   
websocket-server-6cd7b89cdf-sdbg5   1m     27Mi   
websocket-server-6cd7b89cdf-t5t2v   124m   43Mi   
websocket-server-6cd7b89cdf-w9qbx   138m   40Mi   
websocket-server-6cd7b89cdf-wfvxv   64m    29Mi   
websocket-server-6cd7b89cdf-xvvsz   146m   43Mi   
1772472053
websocket-server-6cd7b89cdf-2bkqp   173m   33Mi   
websocket-server-6cd7b89cdf-b75v5   156m   67Mi   
websocket-server-6cd7b89cdf-fnd7l   147m   43Mi   
websocket-server-6cd7b89cdf-gjxmc   1m     27Mi   
websocket-server-6cd7b89cdf-jxkx8   139m   32Mi   
websocket-server-6cd7b89cdf-kvpxw   0m     27Mi   
websocket-server-6cd7b89cdf-md95s   1m     27Mi   
websocket-server-6cd7b89cdf-p5hbb   1m     27Mi   
websocket-server-6cd7b89cdf-p67zx   138m   32Mi   
websocket-server-6cd7b89cdf-qzlqc   1m     27Mi   
websocket-server-6cd7b89cdf-sdbg5   1m     27Mi   
websocket-server-6cd7b89cdf-t5t2v   124m   43Mi   
websocket-server-6cd7b89cdf-w9qbx   138m   40Mi   
websocket-server-6cd7b89cdf-wfvxv   64m    29Mi   
websocket-server-6cd7b89cdf-xvvsz   146m   43Mi   
1772472058
websocket-server-6cd7b89cdf-2bkqp   108m   33Mi   
websocket-server-6cd7b89cdf-b75v5   3m     67Mi   
websocket-server-6cd7b89cdf-fnd7l   71m    42Mi   
websocket-server-6cd7b89cdf-gjxmc   1m     27Mi   
websocket-server-6cd7b89cdf-jxkx8   89m    32Mi   
websocket-server-6cd7b89cdf-kvpxw   1m     27Mi   
websocket-server-6cd7b89cdf-md95s   1m     27Mi   
websocket-server-6cd7b89cdf-p5hbb   1m     27Mi   
websocket-server-6cd7b89cdf-p67zx   58m    32Mi   
websocket-server-6cd7b89cdf-qzlqc   1m     27Mi   
websocket-server-6cd7b89cdf-sdbg5   1m     27Mi   
websocket-server-6cd7b89cdf-t5t2v   98m    42Mi   
websocket-server-6cd7b89cdf-w9qbx   1m     40Mi   
websocket-server-6cd7b89cdf-wfvxv   64m    29Mi   
websocket-server-6cd7b89cdf-xvvsz   81m    43Mi   
1772472064
websocket-server-6cd7b89cdf-2bkqp   108m   33Mi   
websocket-server-6cd7b89cdf-b75v5   3m     67Mi   
websocket-server-6cd7b89cdf-fnd7l   71m    42Mi   
websocket-server-6cd7b89cdf-gjxmc   1m     27Mi   
websocket-server-6cd7b89cdf-jxkx8   89m    32Mi   
websocket-server-6cd7b89cdf-kvpxw   1m     27Mi   
websocket-server-6cd7b89cdf-md95s   1m     27Mi   
websocket-server-6cd7b89cdf-p5hbb   1m     27Mi   
websocket-server-6cd7b89cdf-p67zx   58m    32Mi   
websocket-server-6cd7b89cdf-qzlqc   1m     27Mi   
websocket-server-6cd7b89cdf-sdbg5   1m     27Mi   
websocket-server-6cd7b89cdf-t5t2v   98m    42Mi   
websocket-server-6cd7b89cdf-w9qbx   1m     40Mi   
websocket-server-6cd7b89cdf-wfvxv   64m    29Mi   
websocket-server-6cd7b89cdf-xvvsz   81m    43Mi   
1772472069
websocket-server-6cd7b89cdf-2bkqp   108m   33Mi   
websocket-server-6cd7b89cdf-b75v5   3m     67Mi   
websocket-server-6cd7b89cdf-fnd7l   71m    42Mi   
websocket-server-6cd7b89cdf-gjxmc   1m     27Mi   
websocket-server-6cd7b89cdf-jxkx8   89m    32Mi   
websocket-server-6cd7b89cdf-kvpxw   1m     27Mi   
websocket-server-6cd7b89cdf-md95s   1m     27Mi   
websocket-server-6cd7b89cdf-p5hbb   1m     27Mi   
websocket-server-6cd7b89cdf-p67zx   58m    32Mi   
websocket-server-6cd7b89cdf-qzlqc   1m     27Mi   
websocket-server-6cd7b89cdf-sdbg5   1m     27Mi   
websocket-server-6cd7b89cdf-t5t2v   98m    42Mi   
websocket-server-6cd7b89cdf-w9qbx   1m     40Mi   
websocket-server-6cd7b89cdf-wfvxv   64m    29Mi   
websocket-server-6cd7b89cdf-xvvsz   81m    43Mi   
1772472074
websocket-server-6cd7b89cdf-2bkqp   1m    33Mi   
websocket-server-6cd7b89cdf-b75v5   1m    67Mi   
websocket-server-6cd7b89cdf-fnd7l   1m    42Mi   
websocket-server-6cd7b89cdf-gjxmc   1m    27Mi   
websocket-server-6cd7b89cdf-jxkx8   1m    32Mi   
websocket-server-6cd7b89cdf-kvpxw   1m    27Mi   
websocket-server-6cd7b89cdf-md95s   0m    27Mi   
websocket-server-6cd7b89cdf-p5hbb   1m    27Mi   
websocket-server-6cd7b89cdf-p67zx   58m   32Mi   
websocket-server-6cd7b89cdf-qzlqc   0m    27Mi   
websocket-server-6cd7b89cdf-sdbg5   1m    27Mi   
websocket-server-6cd7b89cdf-t5t2v   1m    42Mi   
websocket-server-6cd7b89cdf-w9qbx   1m    40Mi   
websocket-server-6cd7b89cdf-wfvxv   1m    29Mi   
websocket-server-6cd7b89cdf-xvvsz   1m    42Mi   
1772472079
websocket-server-6cd7b89cdf-2bkqp   1m    33Mi   
websocket-server-6cd7b89cdf-b75v5   1m    67Mi   
websocket-server-6cd7b89cdf-fnd7l   1m    42Mi   
websocket-server-6cd7b89cdf-gjxmc   1m    27Mi   
websocket-server-6cd7b89cdf-jxkx8   1m    32Mi   
websocket-server-6cd7b89cdf-kvpxw   1m    27Mi   
websocket-server-6cd7b89cdf-md95s   0m    27Mi   
websocket-server-6cd7b89cdf-p5hbb   1m    27Mi   
websocket-server-6cd7b89cdf-p67zx   58m   32Mi   
websocket-server-6cd7b89cdf-qzlqc   0m    27Mi   
websocket-server-6cd7b89cdf-sdbg5   1m    27Mi   
websocket-server-6cd7b89cdf-t5t2v   1m    42Mi   
websocket-server-6cd7b89cdf-w9qbx   1m    40Mi   
websocket-server-6cd7b89cdf-wfvxv   1m    29Mi   
websocket-server-6cd7b89cdf-xvvsz   1m    42Mi   
1772472084
websocket-server-6cd7b89cdf-2bkqp   1m    33Mi   
websocket-server-6cd7b89cdf-b75v5   1m    67Mi   
websocket-server-6cd7b89cdf-fnd7l   1m    42Mi   
websocket-server-6cd7b89cdf-gjxmc   1m    27Mi   
websocket-server-6cd7b89cdf-jxkx8   1m    32Mi   
websocket-server-6cd7b89cdf-kvpxw   1m    27Mi   
websocket-server-6cd7b89cdf-md95s   0m    27Mi   
websocket-server-6cd7b89cdf-p5hbb   1m    27Mi   
websocket-server-6cd7b89cdf-p67zx   58m   32Mi   
websocket-server-6cd7b89cdf-qzlqc   0m    27Mi   
websocket-server-6cd7b89cdf-sdbg5   1m    27Mi   
websocket-server-6cd7b89cdf-t5t2v   1m    42Mi   
websocket-server-6cd7b89cdf-w9qbx   1m    40Mi   
websocket-server-6cd7b89cdf-wfvxv   1m    29Mi   
websocket-server-6cd7b89cdf-xvvsz   1m    42Mi   
1772472089
websocket-server-6cd7b89cdf-2bkqp   1m    33Mi   
websocket-server-6cd7b89cdf-b75v5   1m    67Mi   
websocket-server-6cd7b89cdf-fnd7l   1m    42Mi   
websocket-server-6cd7b89cdf-gjxmc   1m    27Mi   
websocket-server-6cd7b89cdf-jxkx8   1m    32Mi   
websocket-server-6cd7b89cdf-kvpxw   1m    27Mi   
websocket-server-6cd7b89cdf-md95s   1m    27Mi   
websocket-server-6cd7b89cdf-p5hbb   1m    27Mi   
websocket-server-6cd7b89cdf-p67zx   1m    32Mi   
websocket-server-6cd7b89cdf-qzlqc   1m    27Mi   
websocket-server-6cd7b89cdf-sdbg5   1m    27Mi   
websocket-server-6cd7b89cdf-t5t2v   1m    42Mi   
websocket-server-6cd7b89cdf-w9qbx   1m    40Mi   
websocket-server-6cd7b89cdf-wfvxv   1m    29Mi   
websocket-server-6cd7b89cdf-xvvsz   0m    42Mi   
1772472094
websocket-server-6cd7b89cdf-2bkqp   1m    33Mi   
websocket-server-6cd7b89cdf-b75v5   1m    67Mi   
websocket-server-6cd7b89cdf-fnd7l   1m    42Mi   
websocket-server-6cd7b89cdf-gjxmc   1m    27Mi   
websocket-server-6cd7b89cdf-jxkx8   1m    32Mi   
websocket-server-6cd7b89cdf-kvpxw   1m    27Mi   
websocket-server-6cd7b89cdf-md95s   1m    27Mi   
websocket-server-6cd7b89cdf-p5hbb   1m    27Mi   
websocket-server-6cd7b89cdf-p67zx   1m    32Mi   
websocket-server-6cd7b89cdf-qzlqc   1m    27Mi   
websocket-server-6cd7b89cdf-sdbg5   1m    27Mi   
websocket-server-6cd7b89cdf-t5t2v   1m    42Mi   
websocket-server-6cd7b89cdf-w9qbx   1m    40Mi   
websocket-server-6cd7b89cdf-wfvxv   1m    29Mi   
websocket-server-6cd7b89cdf-xvvsz   0m    42Mi   
1772472099
websocket-server-6cd7b89cdf-2bkqp   1m    33Mi   
websocket-server-6cd7b89cdf-b75v5   1m    67Mi   
websocket-server-6cd7b89cdf-fnd7l   1m    42Mi   
websocket-server-6cd7b89cdf-gjxmc   1m    27Mi   
websocket-server-6cd7b89cdf-jxkx8   1m    32Mi   
websocket-server-6cd7b89cdf-kvpxw   1m    27Mi   
websocket-server-6cd7b89cdf-md95s   1m    27Mi   
websocket-server-6cd7b89cdf-p5hbb   1m    27Mi   
websocket-server-6cd7b89cdf-p67zx   1m    32Mi   
websocket-server-6cd7b89cdf-qzlqc   1m    27Mi   
websocket-server-6cd7b89cdf-sdbg5   1m    27Mi   
websocket-server-6cd7b89cdf-t5t2v   1m    42Mi   
websocket-server-6cd7b89cdf-w9qbx   1m    40Mi   
websocket-server-6cd7b89cdf-wfvxv   1m    29Mi   
websocket-server-6cd7b89cdf-xvvsz   0m    42Mi   
1772472104
websocket-server-6cd7b89cdf-2bkqp   1m    33Mi   
websocket-server-6cd7b89cdf-b75v5   1m    67Mi   
websocket-server-6cd7b89cdf-fnd7l   1m    42Mi   
websocket-server-6cd7b89cdf-gjxmc   1m    27Mi   
websocket-server-6cd7b89cdf-jxkx8   1m    32Mi   
websocket-server-6cd7b89cdf-kvpxw   1m    27Mi   
websocket-server-6cd7b89cdf-md95s   1m    27Mi   
websocket-server-6cd7b89cdf-p5hbb   1m    27Mi   
websocket-server-6cd7b89cdf-p67zx   1m    32Mi   
websocket-server-6cd7b89cdf-qzlqc   1m    27Mi   
websocket-server-6cd7b89cdf-sdbg5   1m    27Mi   
websocket-server-6cd7b89cdf-t5t2v   1m    42Mi   
websocket-server-6cd7b89cdf-w9qbx   1m    40Mi   
websocket-server-6cd7b89cdf-wfvxv   1m    29Mi   
websocket-server-6cd7b89cdf-xvvsz   1m    43Mi   
1772472109
websocket-server-6cd7b89cdf-2bkqp   1m    33Mi   
websocket-server-6cd7b89cdf-b75v5   1m    67Mi   
websocket-server-6cd7b89cdf-fnd7l   1m    42Mi   
websocket-server-6cd7b89cdf-gjxmc   1m    27Mi   
websocket-server-6cd7b89cdf-jxkx8   1m    32Mi   
websocket-server-6cd7b89cdf-kvpxw   1m    27Mi   
websocket-server-6cd7b89cdf-md95s   1m    27Mi   
websocket-server-6cd7b89cdf-p5hbb   1m    27Mi   
websocket-server-6cd7b89cdf-p67zx   1m    32Mi   
websocket-server-6cd7b89cdf-qzlqc   1m    27Mi   
websocket-server-6cd7b89cdf-sdbg5   1m    27Mi   
websocket-server-6cd7b89cdf-t5t2v   1m    42Mi   
websocket-server-6cd7b89cdf-w9qbx   1m    40Mi   
websocket-server-6cd7b89cdf-wfvxv   1m    29Mi   
websocket-server-6cd7b89cdf-xvvsz   1m    43Mi   
1772472115
websocket-server-6cd7b89cdf-2bkqp   1m    33Mi   
websocket-server-6cd7b89cdf-b75v5   1m    67Mi   
websocket-server-6cd7b89cdf-fnd7l   1m    42Mi   
websocket-server-6cd7b89cdf-gjxmc   1m    27Mi   
websocket-server-6cd7b89cdf-jxkx8   1m    32Mi   
websocket-server-6cd7b89cdf-kvpxw   1m    27Mi   
websocket-server-6cd7b89cdf-md95s   1m    27Mi   
websocket-server-6cd7b89cdf-p5hbb   1m    27Mi   
websocket-server-6cd7b89cdf-p67zx   1m    32Mi   
websocket-server-6cd7b89cdf-qzlqc   1m    27Mi   
websocket-server-6cd7b89cdf-sdbg5   1m    27Mi   
websocket-server-6cd7b89cdf-t5t2v   1m    42Mi   
websocket-server-6cd7b89cdf-w9qbx   1m    40Mi   
websocket-server-6cd7b89cdf-wfvxv   1m    29Mi   
websocket-server-6cd7b89cdf-xvvsz   1m    43Mi   
1772472120
websocket-server-6cd7b89cdf-2bkqp   1m    33Mi   
websocket-server-6cd7b89cdf-b75v5   1m    67Mi   
websocket-server-6cd7b89cdf-fnd7l   1m    42Mi   
websocket-server-6cd7b89cdf-gjxmc   1m    27Mi   
websocket-server-6cd7b89cdf-jxkx8   1m    32Mi   
websocket-server-6cd7b89cdf-kvpxw   1m    27Mi   
websocket-server-6cd7b89cdf-md95s   1m    27Mi   
websocket-server-6cd7b89cdf-p5hbb   1m    27Mi   
websocket-server-6cd7b89cdf-p67zx   1m    32Mi   
websocket-server-6cd7b89cdf-qzlqc   1m    27Mi   
websocket-server-6cd7b89cdf-sdbg5   1m    27Mi   
websocket-server-6cd7b89cdf-t5t2v   0m    42Mi   
websocket-server-6cd7b89cdf-w9qbx   1m    40Mi   
websocket-server-6cd7b89cdf-wfvxv   1m    29Mi   
websocket-server-6cd7b89cdf-xvvsz   1m    42Mi   
1772472125
websocket-server-6cd7b89cdf-2bkqp   1m    33Mi   
websocket-server-6cd7b89cdf-b75v5   1m    67Mi   
websocket-server-6cd7b89cdf-fnd7l   1m    42Mi   
websocket-server-6cd7b89cdf-gjxmc   1m    27Mi   
websocket-server-6cd7b89cdf-jxkx8   1m    32Mi   
websocket-server-6cd7b89cdf-kvpxw   1m    27Mi   
websocket-server-6cd7b89cdf-md95s   1m    27Mi   
websocket-server-6cd7b89cdf-p5hbb   1m    27Mi   
websocket-server-6cd7b89cdf-p67zx   1m    32Mi   
websocket-server-6cd7b89cdf-qzlqc   1m    27Mi   
websocket-server-6cd7b89cdf-sdbg5   1m    27Mi   
websocket-server-6cd7b89cdf-t5t2v   0m    42Mi   
websocket-server-6cd7b89cdf-w9qbx   1m    40Mi   
websocket-server-6cd7b89cdf-wfvxv   1m    29Mi   
websocket-server-6cd7b89cdf-xvvsz   1m    42Mi   
1772472130
websocket-server-6cd7b89cdf-2bkqp   1m    33Mi   
websocket-server-6cd7b89cdf-b75v5   1m    67Mi   
websocket-server-6cd7b89cdf-fnd7l   1m    42Mi   
websocket-server-6cd7b89cdf-gjxmc   1m    27Mi   
websocket-server-6cd7b89cdf-jxkx8   1m    32Mi   
websocket-server-6cd7b89cdf-kvpxw   1m    27Mi   
websocket-server-6cd7b89cdf-md95s   1m    27Mi   
websocket-server-6cd7b89cdf-p5hbb   1m    27Mi   
websocket-server-6cd7b89cdf-p67zx   1m    32Mi   
websocket-server-6cd7b89cdf-qzlqc   1m    27Mi   
websocket-server-6cd7b89cdf-sdbg5   1m    27Mi   
websocket-server-6cd7b89cdf-t5t2v   0m    42Mi   
websocket-server-6cd7b89cdf-w9qbx   1m    40Mi   
websocket-server-6cd7b89cdf-wfvxv   1m    29Mi   
websocket-server-6cd7b89cdf-xvvsz   1m    42Mi   
1772472135
websocket-server-6cd7b89cdf-2bkqp   1m    33Mi   
websocket-server-6cd7b89cdf-b75v5   1m    67Mi   
websocket-server-6cd7b89cdf-fnd7l   1m    42Mi   
websocket-server-6cd7b89cdf-jxkx8   1m    32Mi   
websocket-server-6cd7b89cdf-md95s   0m    27Mi   
websocket-server-6cd7b89cdf-p67zx   1m    32Mi   
websocket-server-6cd7b89cdf-t5t2v   1m    42Mi   
websocket-server-6cd7b89cdf-w9qbx   1m    40Mi   
websocket-server-6cd7b89cdf-wfvxv   1m    29Mi   
websocket-server-6cd7b89cdf-xvvsz   1m    42Mi   
1772472140
websocket-server-6cd7b89cdf-2bkqp   1m    33Mi   
websocket-server-6cd7b89cdf-b75v5   1m    67Mi   
websocket-server-6cd7b89cdf-fnd7l   1m    42Mi   
websocket-server-6cd7b89cdf-jxkx8   1m    32Mi   
websocket-server-6cd7b89cdf-md95s   0m    27Mi   
websocket-server-6cd7b89cdf-p67zx   1m    32Mi   
websocket-server-6cd7b89cdf-t5t2v   1m    42Mi   
websocket-server-6cd7b89cdf-w9qbx   1m    40Mi   
websocket-server-6cd7b89cdf-wfvxv   1m    29Mi   
websocket-server-6cd7b89cdf-xvvsz   1m    42Mi   
1772472145
websocket-server-6cd7b89cdf-2bkqp   1m    33Mi   
websocket-server-6cd7b89cdf-b75v5   1m    67Mi   
websocket-server-6cd7b89cdf-fnd7l   1m    42Mi   
websocket-server-6cd7b89cdf-jxkx8   1m    32Mi   
websocket-server-6cd7b89cdf-md95s   0m    27Mi   
websocket-server-6cd7b89cdf-p67zx   1m    32Mi   
websocket-server-6cd7b89cdf-t5t2v   1m    42Mi   
websocket-server-6cd7b89cdf-w9qbx   1m    40Mi   
websocket-server-6cd7b89cdf-wfvxv   1m    29Mi   
websocket-server-6cd7b89cdf-xvvsz   1m    42Mi   
1772472150
websocket-server-6cd7b89cdf-2bkqp   1m    33Mi   
websocket-server-6cd7b89cdf-wfvxv   1m    29Mi   
1783198729
websocket-server-8585946c55-q54gt   50m   28Mi   
websocket-server-8585946c55-zgv92   50m   27Mi   
1783198734
websocket-server-8585946c55-q54gt   40m   28Mi   
websocket-server-8585946c55-zgv92   48m   27Mi   
1783198739
websocket-server-8585946c55-q54gt   40m   28Mi   
websocket-server-8585946c55-zgv92   48m   27Mi   
1783198744
websocket-server-8585946c55-q54gt   40m   28Mi   
websocket-server-8585946c55-zgv92   48m   27Mi   
1783198749
websocket-loadgen-p9xk5             34m   33Mi   
websocket-server-8585946c55-q54gt   9m    29Mi   
websocket-server-8585946c55-zgv92   5m    28Mi   
1783198754
websocket-loadgen-p9xk5             34m   33Mi   
websocket-server-8585946c55-q54gt   9m    29Mi   
websocket-server-8585946c55-zgv92   5m    28Mi   
1783198759
websocket-loadgen-p9xk5             34m   33Mi   
websocket-server-8585946c55-q54gt   9m    29Mi   
websocket-server-8585946c55-zgv92   5m    28Mi   
1783198764
websocket-loadgen-p9xk5             50m    42Mi   
websocket-server-8585946c55-q54gt   96m    32Mi   
websocket-server-8585946c55-zgv92   117m   34Mi   
1783198770
websocket-loadgen-p9xk5             50m    42Mi   
websocket-server-8585946c55-q54gt   96m    32Mi   
websocket-server-8585946c55-zgv92   117m   34Mi   
1783198775
websocket-loadgen-p9xk5             50m    42Mi   
websocket-server-8585946c55-q54gt   96m    32Mi   
websocket-server-8585946c55-zgv92   117m   34Mi   
1783198780
websocket-loadgen-p9xk5             50m    42Mi   
websocket-server-8585946c55-pdbl7   91m    29Mi   
websocket-server-8585946c55-q54gt   216m   37Mi   
websocket-server-8585946c55-z2jjz   71m    28Mi   
websocket-server-8585946c55-zgv92   239m   37Mi   
1783198785
websocket-loadgen-p9xk5             50m    42Mi   
websocket-server-8585946c55-pdbl7   91m    29Mi   
websocket-server-8585946c55-q54gt   216m   37Mi   
websocket-server-8585946c55-z2jjz   71m    28Mi   
websocket-server-8585946c55-zgv92   239m   37Mi   
1783198790
websocket-loadgen-p9xk5             50m    42Mi   
websocket-server-8585946c55-pdbl7   91m    29Mi   
websocket-server-8585946c55-q54gt   216m   37Mi   
websocket-server-8585946c55-z2jjz   71m    28Mi   
websocket-server-8585946c55-zgv92   239m   37Mi   
1783198795
websocket-loadgen-p9xk5             73m    50Mi   
websocket-server-8585946c55-86tmp   76m    28Mi   
websocket-server-8585946c55-j4mh2   84m    28Mi   
websocket-server-8585946c55-jwn2v   81m    28Mi   
websocket-server-8585946c55-jxhmk   74m    28Mi   
websocket-server-8585946c55-pdbl7   74m    29Mi   
websocket-server-8585946c55-q54gt   333m   40Mi   
websocket-server-8585946c55-z2jjz   44m    28Mi   
websocket-server-8585946c55-zgv92   315m   38Mi   
1783198800
websocket-loadgen-p9xk5             73m    50Mi   
websocket-server-8585946c55-86tmp   76m    28Mi   
websocket-server-8585946c55-j4mh2   84m    28Mi   
websocket-server-8585946c55-jwn2v   81m    28Mi   
websocket-server-8585946c55-jxhmk   74m    28Mi   
websocket-server-8585946c55-pdbl7   74m    29Mi   
websocket-server-8585946c55-q54gt   333m   40Mi   
websocket-server-8585946c55-z2jjz   44m    28Mi   
websocket-server-8585946c55-zgv92   315m   38Mi   
1783198806
websocket-loadgen-p9xk5             73m    50Mi   
websocket-server-8585946c55-86tmp   76m    28Mi   
websocket-server-8585946c55-j4mh2   84m    28Mi   
websocket-server-8585946c55-jwn2v   81m    28Mi   
websocket-server-8585946c55-jxhmk   74m    28Mi   
websocket-server-8585946c55-pdbl7   74m    29Mi   
websocket-server-8585946c55-q54gt   333m   40Mi   
websocket-server-8585946c55-z2jjz   44m    28Mi   
websocket-server-8585946c55-zgv92   315m   38Mi   
1783198811
websocket-loadgen-p9xk5             96m    59Mi   
websocket-server-8585946c55-7f65h   82m    28Mi   
websocket-server-8585946c55-86tmp   30m    28Mi   
websocket-server-8585946c55-gmtdx   80m    27Mi   
websocket-server-8585946c55-j4mh2   74m    28Mi   
websocket-server-8585946c55-jwn2v   40m    28Mi   
websocket-server-8585946c55-jxhmk   74m    28Mi   
websocket-server-8585946c55-l5mxk   81m    28Mi   
websocket-server-8585946c55-ld7mh   80m    27Mi   
websocket-server-8585946c55-pdbl7   80m    30Mi   
websocket-server-8585946c55-q54gt   397m   42Mi   
websocket-server-8585946c55-w2ctd   86m    28Mi   
websocket-server-8585946c55-z2jjz   77m    30Mi   
websocket-server-8585946c55-zgv92   343m   39Mi   
websocket-server-8585946c55-zk65z   85m    28Mi   
1783198816
websocket-loadgen-p9xk5             96m    59Mi   
websocket-server-8585946c55-7f65h   82m    28Mi   
websocket-server-8585946c55-86tmp   30m    28Mi   
websocket-server-8585946c55-gmtdx   80m    27Mi   
websocket-server-8585946c55-j4mh2   74m    28Mi   
websocket-server-8585946c55-jwn2v   40m    28Mi   
websocket-server-8585946c55-jxhmk   74m    28Mi   
websocket-server-8585946c55-l5mxk   81m    28Mi   
websocket-server-8585946c55-ld7mh   80m    27Mi   
websocket-server-8585946c55-pdbl7   80m    30Mi   
websocket-server-8585946c55-q54gt   397m   42Mi   
websocket-server-8585946c55-w2ctd   86m    28Mi   
websocket-server-8585946c55-z2jjz   77m    30Mi   
websocket-server-8585946c55-zgv92   343m   39Mi   
websocket-server-8585946c55-zk65z   85m    28Mi   
1783198821
websocket-loadgen-p9xk5             96m    59Mi   
websocket-server-8585946c55-7f65h   82m    28Mi   
websocket-server-8585946c55-86tmp   30m    28Mi   
websocket-server-8585946c55-gmtdx   80m    27Mi   
websocket-server-8585946c55-j4mh2   74m    28Mi   
websocket-server-8585946c55-jwn2v   40m    28Mi   
websocket-server-8585946c55-jxhmk   74m    28Mi   
websocket-server-8585946c55-l5mxk   81m    28Mi   
websocket-server-8585946c55-ld7mh   80m    27Mi   
websocket-server-8585946c55-pdbl7   80m    30Mi   
websocket-server-8585946c55-q54gt   397m   42Mi   
websocket-server-8585946c55-w2ctd   86m    28Mi   
websocket-server-8585946c55-z2jjz   77m    30Mi   
websocket-server-8585946c55-zgv92   343m   39Mi   
websocket-server-8585946c55-zk65z   85m    28Mi   
1783198826
websocket-server-8585946c55-6cx94   78m    28Mi   
websocket-server-8585946c55-7f65h   17m    28Mi   
websocket-server-8585946c55-86tmp   33m    28Mi   
websocket-server-8585946c55-gmtdx   21m    28Mi   
websocket-server-8585946c55-j4mh2   50m    29Mi   
websocket-server-8585946c55-jwn2v   60m    29Mi   
websocket-server-8585946c55-jxhmk   26m    28Mi   
websocket-server-8585946c55-l5mxk   17m    28Mi   
websocket-server-8585946c55-ld7mh   15m    28Mi   
websocket-server-8585946c55-pdbl7   91m    30Mi   
websocket-server-8585946c55-q54gt   415m   42Mi   
websocket-server-8585946c55-w2ctd   86m    28Mi   
websocket-server-8585946c55-z2jjz   105m   30Mi   
websocket-server-8585946c55-zgv92   343m   39Mi   
websocket-server-8585946c55-zk65z   16m    28Mi   
1783198831
websocket-server-8585946c55-6cx94   78m    28Mi   
websocket-server-8585946c55-7f65h   17m    28Mi   
websocket-server-8585946c55-86tmp   33m    28Mi   
websocket-server-8585946c55-gmtdx   21m    28Mi   
websocket-server-8585946c55-j4mh2   50m    29Mi   
websocket-server-8585946c55-jwn2v   60m    29Mi   
websocket-server-8585946c55-jxhmk   26m    28Mi   
websocket-server-8585946c55-l5mxk   17m    28Mi   
websocket-server-8585946c55-ld7mh   15m    28Mi   
websocket-server-8585946c55-pdbl7   91m    30Mi   
websocket-server-8585946c55-q54gt   415m   42Mi   
websocket-server-8585946c55-w2ctd   86m    28Mi   
websocket-server-8585946c55-z2jjz   105m   30Mi   
websocket-server-8585946c55-zgv92   343m   39Mi   
websocket-server-8585946c55-zk65z   16m    28Mi   
1783198837
websocket-server-8585946c55-6cx94   78m    28Mi   
websocket-server-8585946c55-7f65h   17m    28Mi   
websocket-server-8585946c55-86tmp   33m    28Mi   
websocket-server-8585946c55-gmtdx   21m    28Mi   
websocket-server-8585946c55-j4mh2   50m    29Mi   
websocket-server-8585946c55-jwn2v   60m    29Mi   
websocket-server-8585946c55-jxhmk   26m    28Mi   
websocket-server-8585946c55-l5mxk   17m    28Mi   
websocket-server-8585946c55-ld7mh   15m    28Mi   
websocket-server-8585946c55-pdbl7   91m    30Mi   
websocket-server-8585946c55-q54gt   415m   42Mi   
websocket-server-8585946c55-w2ctd   86m    28Mi   
websocket-server-8585946c55-z2jjz   105m   30Mi   
websocket-server-8585946c55-zgv92   343m   39Mi   
websocket-server-8585946c55-zk65z   16m    28Mi   
1783198842
websocket-server-8585946c55-6cx94   78m    28Mi   
websocket-server-8585946c55-7f65h   11m    28Mi   
websocket-server-8585946c55-86tmp   14m    28Mi   
websocket-server-8585946c55-gmtdx   1m     28Mi   
websocket-server-8585946c55-j4mh2   20m    29Mi   
websocket-server-8585946c55-jwn2v   1m     29Mi   
websocket-server-8585946c55-jxhmk   18m    28Mi   
websocket-server-8585946c55-l5mxk   11m    28Mi   
websocket-server-8585946c55-ld7mh   4m     28Mi   
websocket-server-8585946c55-pdbl7   57m    30Mi   
websocket-server-8585946c55-q54gt   65m    41Mi   
websocket-server-8585946c55-w2ctd   20m    28Mi   
websocket-server-8585946c55-z2jjz   22m    30Mi   
websocket-server-8585946c55-zgv92   316m   39Mi   
websocket-server-8585946c55-zk65z   7m     28Mi   
1783198847
websocket-server-8585946c55-6cx94   78m    28Mi   
websocket-server-8585946c55-7f65h   11m    28Mi   
websocket-server-8585946c55-86tmp   14m    28Mi   
websocket-server-8585946c55-gmtdx   1m     28Mi   
websocket-server-8585946c55-j4mh2   20m    29Mi   
websocket-server-8585946c55-jwn2v   1m     29Mi   
websocket-server-8585946c55-jxhmk   18m    28Mi   
websocket-server-8585946c55-l5mxk   11m    28Mi   
websocket-server-8585946c55-ld7mh   4m     28Mi   
websocket-server-8585946c55-pdbl7   57m    30Mi   
websocket-server-8585946c55-q54gt   65m    41Mi   
websocket-server-8585946c55-w2ctd   20m    28Mi   
websocket-server-8585946c55-z2jjz   22m    30Mi   
websocket-server-8585946c55-zgv92   316m   39Mi   
websocket-server-8585946c55-zk65z   7m     28Mi   
1783198852
websocket-server-8585946c55-6cx94   78m    28Mi   
websocket-server-8585946c55-7f65h   11m    28Mi   
websocket-server-8585946c55-86tmp   14m    28Mi   
websocket-server-8585946c55-gmtdx   1m     28Mi   
websocket-server-8585946c55-j4mh2   20m    29Mi   
websocket-server-8585946c55-jwn2v   1m     29Mi   
websocket-server-8585946c55-jxhmk   18m    28Mi   
websocket-server-8585946c55-l5mxk   11m    28Mi   
websocket-server-8585946c55-ld7mh   4m     28Mi   
websocket-server-8585946c55-pdbl7   57m    30Mi   
websocket-server-8585946c55-q54gt   65m    41Mi   
websocket-server-8585946c55-w2ctd   20m    28Mi   
websocket-server-8585946c55-z2jjz   22m    30Mi   
websocket-server-8585946c55-zgv92   316m   39Mi   
websocket-server-8585946c55-zk65z   7m     28Mi   
1783198857
websocket-server-8585946c55-6cx94   1m    28Mi   
websocket-server-8585946c55-7f65h   0m    28Mi   
websocket-server-8585946c55-86tmp   1m    28Mi   
websocket-server-8585946c55-gmtdx   1m    28Mi   
websocket-server-8585946c55-j4mh2   20m   29Mi   
websocket-server-8585946c55-jwn2v   1m    29Mi   
websocket-server-8585946c55-jxhmk   1m    28Mi   
websocket-server-8585946c55-l5mxk   1m    28Mi   
websocket-server-8585946c55-ld7mh   1m    28Mi   
websocket-server-8585946c55-pdbl7   1m    30Mi   
websocket-server-8585946c55-q54gt   1m    41Mi   
websocket-server-8585946c55-w2ctd   1m    28Mi   
websocket-server-8585946c55-z2jjz   1m    30Mi   
websocket-server-8585946c55-zgv92   1m    39Mi   
websocket-server-8585946c55-zk65z   1m    28Mi   
1783198862
websocket-server-8585946c55-6cx94   1m    28Mi   
websocket-server-8585946c55-7f65h   0m    28Mi   
websocket-server-8585946c55-86tmp   1m    28Mi   
websocket-server-8585946c55-gmtdx   1m    28Mi   
websocket-server-8585946c55-j4mh2   20m   29Mi   
websocket-server-8585946c55-jwn2v   1m    29Mi   
websocket-server-8585946c55-jxhmk   1m    28Mi   
websocket-server-8585946c55-l5mxk   1m    28Mi   
websocket-server-8585946c55-ld7mh   1m    28Mi   
websocket-server-8585946c55-pdbl7   1m    30Mi   
websocket-server-8585946c55-q54gt   1m    41Mi   
websocket-server-8585946c55-w2ctd   1m    28Mi   
websocket-server-8585946c55-z2jjz   1m    30Mi   
websocket-server-8585946c55-zgv92   1m    39Mi   
websocket-server-8585946c55-zk65z   1m    28Mi   
1783198867
websocket-server-8585946c55-6cx94   1m    28Mi   
websocket-server-8585946c55-7f65h   0m    28Mi   
websocket-server-8585946c55-86tmp   1m    28Mi   
websocket-server-8585946c55-gmtdx   1m    28Mi   
websocket-server-8585946c55-j4mh2   20m   29Mi   
websocket-server-8585946c55-jwn2v   1m    29Mi   
websocket-server-8585946c55-jxhmk   1m    28Mi   
websocket-server-8585946c55-l5mxk   1m    28Mi   
websocket-server-8585946c55-ld7mh   1m    28Mi   
websocket-server-8585946c55-pdbl7   1m    30Mi   
websocket-server-8585946c55-q54gt   1m    41Mi   
websocket-server-8585946c55-w2ctd   1m    28Mi   
websocket-server-8585946c55-z2jjz   1m    30Mi   
websocket-server-8585946c55-zgv92   1m    39Mi   
websocket-server-8585946c55-zk65z   1m    28Mi   
1783198872
websocket-server-8585946c55-6cx94   1m    28Mi   
websocket-server-8585946c55-7f65h   1m    28Mi   
websocket-server-8585946c55-86tmp   1m    28Mi   
websocket-server-8585946c55-gmtdx   1m    28Mi   
websocket-server-8585946c55-j4mh2   1m    29Mi   
websocket-server-8585946c55-jwn2v   1m    29Mi   
websocket-server-8585946c55-jxhmk   1m    28Mi   
websocket-server-8585946c55-l5mxk   1m    28Mi   
websocket-server-8585946c55-ld7mh   1m    28Mi   
websocket-server-8585946c55-pdbl7   1m    30Mi   
websocket-server-8585946c55-q54gt   1m    41Mi   
websocket-server-8585946c55-w2ctd   1m    28Mi   
websocket-server-8585946c55-z2jjz   1m    30Mi   
websocket-server-8585946c55-zgv92   1m    39Mi   
websocket-server-8585946c55-zk65z   1m    28Mi   
1783198877
websocket-server-8585946c55-6cx94   1m    28Mi   
websocket-server-8585946c55-7f65h   1m    28Mi   
websocket-server-8585946c55-86tmp   1m    28Mi   
websocket-server-8585946c55-gmtdx   1m    28Mi   
websocket-server-8585946c55-j4mh2   1m    29Mi   
websocket-server-8585946c55-jwn2v   1m    29Mi   
websocket-server-8585946c55-jxhmk   1m    28Mi   
websocket-server-8585946c55-l5mxk   1m    28Mi   
websocket-server-8585946c55-ld7mh   1m    28Mi   
websocket-server-8585946c55-pdbl7   1m    30Mi   
websocket-server-8585946c55-q54gt   1m    41Mi   
websocket-server-8585946c55-w2ctd   1m    28Mi   
websocket-server-8585946c55-z2jjz   1m    30Mi   
websocket-server-8585946c55-zgv92   1m    39Mi   
websocket-server-8585946c55-zk65z   1m    28Mi   
1783198903
websocket-server-8585946c55-6cx94   1m    28Mi   
websocket-server-8585946c55-7f65h   1m    28Mi   
websocket-server-8585946c55-86tmp   1m    28Mi   
websocket-server-8585946c55-gmtdx   1m    28Mi   
websocket-server-8585946c55-j4mh2   1m    29Mi   
websocket-server-8585946c55-jwn2v   0m    29Mi   
websocket-server-8585946c55-jxhmk   1m    28Mi   
websocket-server-8585946c55-l5mxk   1m    28Mi   
websocket-server-8585946c55-ld7mh   1m    28Mi   
websocket-server-8585946c55-pdbl7   1m    30Mi   
websocket-server-8585946c55-q54gt   1m    41Mi   
websocket-server-8585946c55-w2ctd   1m    28Mi   
websocket-server-8585946c55-z2jjz   1m    30Mi   
websocket-server-8585946c55-zgv92   1m    39Mi   
websocket-server-8585946c55-zk65z   1m    28Mi   
1783198908
websocket-server-8585946c55-6cx94   1m    28Mi   
websocket-server-8585946c55-7f65h   1m    28Mi   
websocket-server-8585946c55-86tmp   1m    28Mi   
websocket-server-8585946c55-gmtdx   1m    28Mi   
websocket-server-8585946c55-j4mh2   1m    29Mi   
websocket-server-8585946c55-jwn2v   0m    29Mi   
websocket-server-8585946c55-jxhmk   1m    28Mi   
websocket-server-8585946c55-l5mxk   1m    28Mi   
websocket-server-8585946c55-ld7mh   1m    28Mi   
websocket-server-8585946c55-pdbl7   1m    30Mi   
websocket-server-8585946c55-q54gt   1m    41Mi   
websocket-server-8585946c55-w2ctd   1m    28Mi   
websocket-server-8585946c55-z2jjz   1m    30Mi   
websocket-server-8585946c55-zgv92   1m    39Mi   
websocket-server-8585946c55-zk65z   1m    28Mi   
1783198913
websocket-server-8585946c55-6cx94   1m    28Mi   
websocket-server-8585946c55-7f65h   1m    28Mi   
websocket-server-8585946c55-86tmp   1m    28Mi   
websocket-server-8585946c55-gmtdx   1m    28Mi   
websocket-server-8585946c55-j4mh2   1m    29Mi   
websocket-server-8585946c55-jwn2v   0m    29Mi   
websocket-server-8585946c55-jxhmk   1m    28Mi   
websocket-server-8585946c55-l5mxk   1m    28Mi   
websocket-server-8585946c55-ld7mh   1m    28Mi   
websocket-server-8585946c55-pdbl7   1m    30Mi   
websocket-server-8585946c55-q54gt   1m    41Mi   
websocket-server-8585946c55-w2ctd   1m    28Mi   
websocket-server-8585946c55-z2jjz   1m    30Mi   
websocket-server-8585946c55-zgv92   1m    39Mi   
websocket-server-8585946c55-zk65z   1m    28Mi   
1783198918
websocket-server-8585946c55-6cx94   1m    28Mi   
websocket-server-8585946c55-7f65h   1m    28Mi   
websocket-server-8585946c55-86tmp   1m    28Mi   
websocket-server-8585946c55-ckvfg   70m   28Mi   
websocket-server-8585946c55-j4mh2   1m    29Mi   
websocket-server-8585946c55-jwn2v   1m    29Mi   
websocket-server-8585946c55-jxhmk   1m    28Mi   
websocket-server-8585946c55-ld7mh   1m    28Mi   
websocket-server-8585946c55-q54gt   1m    41Mi   
websocket-server-8585946c55-w2ctd   1m    28Mi   
websocket-server-8585946c55-z6s5n   66m   29Mi   
websocket-server-8585946c55-zgv92   1m    39Mi   
websocket-server-8585946c55-zk65z   1m    28Mi   
1783198924
websocket-server-8585946c55-6cx94   1m    28Mi   
websocket-server-8585946c55-7f65h   1m    28Mi   
websocket-server-8585946c55-86tmp   1m    28Mi   
websocket-server-8585946c55-ckvfg   70m   28Mi   
websocket-server-8585946c55-j4mh2   1m    29Mi   
websocket-server-8585946c55-jwn2v   1m    29Mi   
websocket-server-8585946c55-jxhmk   1m    28Mi   
websocket-server-8585946c55-ld7mh   1m    28Mi   
websocket-server-8585946c55-q54gt   1m    41Mi   
websocket-server-8585946c55-w2ctd   1m    28Mi   
websocket-server-8585946c55-z6s5n   66m   29Mi   
websocket-server-8585946c55-zgv92   1m    39Mi   
websocket-server-8585946c55-zk65z   1m    28Mi   
1783198929
websocket-loadgen-d5zd7             44m   34Mi   
websocket-server-8585946c55-ckvfg   98m   31Mi   
websocket-server-8585946c55-z6s5n   69m   30Mi   
1783198934
websocket-loadgen-d5zd7             44m   34Mi   
websocket-server-8585946c55-ckvfg   98m   31Mi   
websocket-server-8585946c55-z6s5n   69m   30Mi   
1783198939
websocket-loadgen-d5zd7             44m   34Mi   
websocket-server-8585946c55-ckvfg   98m   31Mi   
websocket-server-8585946c55-z6s5n   69m   30Mi   
1783198944
websocket-loadgen-d5zd7             64m    44Mi   
websocket-server-8585946c55-ckvfg   209m   36Mi   
websocket-server-8585946c55-z6s5n   169m   36Mi   
1783198949
websocket-loadgen-d5zd7             64m    44Mi   
websocket-server-8585946c55-ckvfg   209m   36Mi   
websocket-server-8585946c55-z6s5n   169m   36Mi   
1783198954
websocket-loadgen-d5zd7             64m    44Mi   
websocket-server-8585946c55-ckvfg   209m   36Mi   
websocket-server-8585946c55-z6s5n   169m   36Mi   
1783198959
websocket-loadgen-d5zd7             78m    50Mi   
websocket-server-8585946c55-4sspd   88m    28Mi   
websocket-server-8585946c55-5qr6t   79m    28Mi   
websocket-server-8585946c55-ckvfg   295m   40Mi   
websocket-server-8585946c55-csr4r   82m    28Mi   
websocket-server-8585946c55-nf9cw   88m    28Mi   
websocket-server-8585946c55-z6s5n   282m   38Mi   
1783198965
websocket-loadgen-d5zd7             78m    50Mi   
websocket-server-8585946c55-4sspd   88m    28Mi   
websocket-server-8585946c55-5qr6t   79m    28Mi   
websocket-server-8585946c55-ckvfg   295m   40Mi   
websocket-server-8585946c55-csr4r   82m    28Mi   
websocket-server-8585946c55-nf9cw   88m    28Mi   
websocket-server-8585946c55-z6s5n   282m   38Mi   
1783198970
websocket-loadgen-d5zd7             78m    50Mi   
websocket-server-8585946c55-4sspd   88m    28Mi   
websocket-server-8585946c55-5qr6t   79m    28Mi   
websocket-server-8585946c55-ckvfg   295m   40Mi   
websocket-server-8585946c55-csr4r   82m    28Mi   
websocket-server-8585946c55-nf9cw   88m    28Mi   
websocket-server-8585946c55-z6s5n   282m   38Mi   
1783198975
websocket-loadgen-d5zd7             78m    50Mi   
websocket-server-8585946c55-4sspd   42m    28Mi   
websocket-server-8585946c55-5qr6t   32m    28Mi   
websocket-server-8585946c55-66bpz   75m    28Mi   
websocket-server-8585946c55-72z7m   69m    28Mi   
websocket-server-8585946c55-ckvfg   331m   41Mi   
websocket-server-8585946c55-csr4r   72m    28Mi   
websocket-server-8585946c55-nczcm   76m    28Mi   
websocket-server-8585946c55-nf9cw   41m    28Mi   
websocket-server-8585946c55-tx9f6   67m    28Mi   
websocket-server-8585946c55-z6s5n   304m   40Mi   
1783198980
websocket-loadgen-d5zd7             78m    50Mi   
websocket-server-8585946c55-4sspd   42m    28Mi   
websocket-server-8585946c55-5qr6t   32m    28Mi   
websocket-server-8585946c55-66bpz   75m    28Mi   
websocket-server-8585946c55-72z7m   69m    28Mi   
websocket-server-8585946c55-ckvfg   331m   41Mi   
websocket-server-8585946c55-csr4r   72m    28Mi   
websocket-server-8585946c55-nczcm   76m    28Mi   
websocket-server-8585946c55-nf9cw   41m    28Mi   
websocket-server-8585946c55-tx9f6   67m    28Mi   
websocket-server-8585946c55-z6s5n   304m   40Mi   
1783198985
websocket-loadgen-d5zd7             78m    50Mi   
websocket-server-8585946c55-4sspd   42m    28Mi   
websocket-server-8585946c55-5qr6t   32m    28Mi   
websocket-server-8585946c55-66bpz   75m    28Mi   
websocket-server-8585946c55-72z7m   69m    28Mi   
websocket-server-8585946c55-ckvfg   331m   41Mi   
websocket-server-8585946c55-csr4r   72m    28Mi   
websocket-server-8585946c55-nczcm   76m    28Mi   
websocket-server-8585946c55-nf9cw   41m    28Mi   
websocket-server-8585946c55-tx9f6   67m    28Mi   
websocket-server-8585946c55-z6s5n   304m   40Mi   
1783198990
websocket-loadgen-d5zd7             90m    68Mi   
websocket-server-8585946c55-4sspd   52m    29Mi   
websocket-server-8585946c55-5qr6t   48m    29Mi   
websocket-server-8585946c55-66bpz   59m    28Mi   
websocket-server-8585946c55-72z7m   64m    28Mi   
websocket-server-8585946c55-ckvfg   341m   42Mi   
websocket-server-8585946c55-csr4r   34m    28Mi   
websocket-server-8585946c55-nczcm   29m    28Mi   
websocket-server-8585946c55-nf9cw   58m    29Mi   
websocket-server-8585946c55-qcqzq   65m    28Mi   
websocket-server-8585946c55-tx9f6   15m    28Mi   
websocket-server-8585946c55-x5zwt   68m    28Mi   
websocket-server-8585946c55-z2v6w   64m    28Mi   
websocket-server-8585946c55-z6s5n   314m   40Mi   
1783198995
websocket-loadgen-d5zd7             90m    68Mi   
websocket-server-8585946c55-4sspd   52m    29Mi   
websocket-server-8585946c55-5qr6t   48m    29Mi   
websocket-server-8585946c55-66bpz   59m    28Mi   
websocket-server-8585946c55-72z7m   64m    28Mi   
websocket-server-8585946c55-ckvfg   341m   42Mi   
websocket-server-8585946c55-csr4r   34m    28Mi   
websocket-server-8585946c55-nczcm   29m    28Mi   
websocket-server-8585946c55-nf9cw   58m    29Mi   
websocket-server-8585946c55-qcqzq   65m    28Mi   
websocket-server-8585946c55-tx9f6   15m    28Mi   
websocket-server-8585946c55-x5zwt   68m    28Mi   
websocket-server-8585946c55-z2v6w   64m    28Mi   
websocket-server-8585946c55-z6s5n   314m   40Mi   
1783199000
websocket-server-8585946c55-4sspd   52m    29Mi   
websocket-server-8585946c55-5qr6t   48m    29Mi   
websocket-server-8585946c55-66bpz   59m    28Mi   
websocket-server-8585946c55-72z7m   64m    28Mi   
websocket-server-8585946c55-ckvfg   341m   42Mi   
websocket-server-8585946c55-csr4r   34m    28Mi   
websocket-server-8585946c55-nczcm   29m    28Mi   
websocket-server-8585946c55-nf9cw   58m    29Mi   
websocket-server-8585946c55-qcqzq   65m    28Mi   
websocket-server-8585946c55-tx9f6   15m    28Mi   
websocket-server-8585946c55-x5zwt   68m    28Mi   
websocket-server-8585946c55-z2v6w   64m    28Mi   
websocket-server-8585946c55-z6s5n   314m   40Mi   
1783199006
websocket-server-8585946c55-4sspd   52m    29Mi   
websocket-server-8585946c55-5qr6t   45m    29Mi   
websocket-server-8585946c55-66bpz   40m    28Mi   
websocket-server-8585946c55-72z7m   25m    28Mi   
websocket-server-8585946c55-87tv9   63m    27Mi   
websocket-server-8585946c55-ckvfg   366m   41Mi   
websocket-server-8585946c55-csr4r   55m    29Mi   
websocket-server-8585946c55-jcvfw   64m    27Mi   
websocket-server-8585946c55-nczcm   37m    28Mi   
websocket-server-8585946c55-nf9cw   69m    30Mi   
websocket-server-8585946c55-qcqzq   23m    28Mi   
websocket-server-8585946c55-tx9f6   19m    28Mi   
websocket-server-8585946c55-x5zwt   16m    28Mi   
websocket-server-8585946c55-z2v6w   11m    28Mi   
websocket-server-8585946c55-z6s5n   332m   41Mi   
1783199011
websocket-server-8585946c55-4sspd   52m    29Mi   
websocket-server-8585946c55-5qr6t   45m    29Mi   
websocket-server-8585946c55-66bpz   40m    28Mi   
websocket-server-8585946c55-72z7m   25m    28Mi   
websocket-server-8585946c55-87tv9   63m    27Mi   
websocket-server-8585946c55-ckvfg   366m   41Mi   
websocket-server-8585946c55-csr4r   55m    29Mi   
websocket-server-8585946c55-jcvfw   64m    27Mi   
websocket-server-8585946c55-nczcm   37m    28Mi   
websocket-server-8585946c55-nf9cw   69m    30Mi   
websocket-server-8585946c55-qcqzq   23m    28Mi   
websocket-server-8585946c55-tx9f6   19m    28Mi   
websocket-server-8585946c55-x5zwt   16m    28Mi   
websocket-server-8585946c55-z2v6w   11m    28Mi   
websocket-server-8585946c55-z6s5n   332m   41Mi   
1783199016
websocket-server-8585946c55-4sspd   52m    29Mi   
websocket-server-8585946c55-5qr6t   45m    29Mi   
websocket-server-8585946c55-66bpz   40m    28Mi   
websocket-server-8585946c55-72z7m   25m    28Mi   
websocket-server-8585946c55-87tv9   63m    27Mi   
websocket-server-8585946c55-ckvfg   366m   41Mi   
websocket-server-8585946c55-csr4r   55m    29Mi   
websocket-server-8585946c55-jcvfw   64m    27Mi   
websocket-server-8585946c55-nczcm   37m    28Mi   
websocket-server-8585946c55-nf9cw   69m    30Mi   
websocket-server-8585946c55-qcqzq   23m    28Mi   
websocket-server-8585946c55-tx9f6   19m    28Mi   
websocket-server-8585946c55-x5zwt   16m    28Mi   
websocket-server-8585946c55-z2v6w   11m    28Mi   
websocket-server-8585946c55-z6s5n   332m   41Mi   
1783199021
websocket-server-8585946c55-4sspd   19m   29Mi   
websocket-server-8585946c55-5qr6t   45m   29Mi   
websocket-server-8585946c55-66bpz   0m    28Mi   
websocket-server-8585946c55-72z7m   9m    28Mi   
websocket-server-8585946c55-87tv9   49m   27Mi   
websocket-server-8585946c55-ckvfg   1m    41Mi   
websocket-server-8585946c55-csr4r   16m   29Mi   
websocket-server-8585946c55-jcvfw   45m   27Mi   
websocket-server-8585946c55-nczcm   1m    28Mi   
websocket-server-8585946c55-nf9cw   26m   30Mi   
websocket-server-8585946c55-qcqzq   1m    28Mi   
websocket-server-8585946c55-tx9f6   1m    28Mi   
websocket-server-8585946c55-x5zwt   1m    28Mi   
websocket-server-8585946c55-z2v6w   1m    28Mi   
websocket-server-8585946c55-z6s5n   63m   40Mi   
1783199026
websocket-server-8585946c55-4sspd   19m   29Mi   
websocket-server-8585946c55-5qr6t   45m   29Mi   
websocket-server-8585946c55-66bpz   0m    28Mi   
websocket-server-8585946c55-72z7m   9m    28Mi   
websocket-server-8585946c55-87tv9   49m   27Mi   
websocket-server-8585946c55-ckvfg   1m    41Mi   
websocket-server-8585946c55-csr4r   16m   29Mi   
websocket-server-8585946c55-jcvfw   45m   27Mi   
websocket-server-8585946c55-nczcm   1m    28Mi   
websocket-server-8585946c55-nf9cw   26m   30Mi   
websocket-server-8585946c55-qcqzq   1m    28Mi   
websocket-server-8585946c55-tx9f6   1m    28Mi   
websocket-server-8585946c55-x5zwt   1m    28Mi   
websocket-server-8585946c55-z2v6w   1m    28Mi   
websocket-server-8585946c55-z6s5n   63m   40Mi   
1783199031
websocket-server-8585946c55-4sspd   19m   29Mi   
websocket-server-8585946c55-5qr6t   45m   29Mi   
websocket-server-8585946c55-66bpz   0m    28Mi   
websocket-server-8585946c55-72z7m   9m    28Mi   
websocket-server-8585946c55-87tv9   49m   27Mi   
websocket-server-8585946c55-ckvfg   1m    41Mi   
websocket-server-8585946c55-csr4r   16m   29Mi   
websocket-server-8585946c55-jcvfw   45m   27Mi   
websocket-server-8585946c55-nczcm   1m    28Mi   
websocket-server-8585946c55-nf9cw   26m   30Mi   
websocket-server-8585946c55-qcqzq   1m    28Mi   
websocket-server-8585946c55-tx9f6   1m    28Mi   
websocket-server-8585946c55-x5zwt   1m    28Mi   
websocket-server-8585946c55-z2v6w   1m    28Mi   
websocket-server-8585946c55-z6s5n   63m   40Mi   
1783199036
websocket-server-8585946c55-4sspd   19m   29Mi   
websocket-server-8585946c55-5qr6t   1m    29Mi   
websocket-server-8585946c55-66bpz   1m    28Mi   
websocket-server-8585946c55-72z7m   1m    28Mi   
websocket-server-8585946c55-87tv9   1m    27Mi   
websocket-server-8585946c55-ckvfg   0m    41Mi   
websocket-server-8585946c55-csr4r   1m    29Mi   
websocket-server-8585946c55-jcvfw   1m    27Mi   
websocket-server-8585946c55-nczcm   1m    28Mi   
websocket-server-8585946c55-nf9cw   1m    30Mi   
websocket-server-8585946c55-qcqzq   1m    28Mi   
websocket-server-8585946c55-tx9f6   1m    28Mi   
websocket-server-8585946c55-x5zwt   1m    28Mi   
websocket-server-8585946c55-z2v6w   1m    28Mi   
websocket-server-8585946c55-z6s5n   0m    40Mi   
1783199041
websocket-server-8585946c55-4sspd   19m   29Mi   
websocket-server-8585946c55-5qr6t   1m    29Mi   
websocket-server-8585946c55-66bpz   1m    28Mi   
websocket-server-8585946c55-72z7m   1m    28Mi   
websocket-server-8585946c55-87tv9   1m    27Mi   
websocket-server-8585946c55-ckvfg   0m    41Mi   
websocket-server-8585946c55-csr4r   1m    29Mi   
websocket-server-8585946c55-jcvfw   1m    27Mi   
websocket-server-8585946c55-nczcm   1m    28Mi   
websocket-server-8585946c55-nf9cw   1m    30Mi   
websocket-server-8585946c55-qcqzq   1m    28Mi   
websocket-server-8585946c55-tx9f6   1m    28Mi   
websocket-server-8585946c55-x5zwt   1m    28Mi   
websocket-server-8585946c55-z2v6w   1m    28Mi   
websocket-server-8585946c55-z6s5n   0m    40Mi   
1783199046
websocket-server-8585946c55-4sspd   19m   29Mi   
websocket-server-8585946c55-5qr6t   1m    29Mi   
websocket-server-8585946c55-66bpz   1m    28Mi   
websocket-server-8585946c55-72z7m   1m    28Mi   
websocket-server-8585946c55-87tv9   1m    27Mi   
websocket-server-8585946c55-ckvfg   0m    41Mi   
websocket-server-8585946c55-csr4r   1m    29Mi   
websocket-server-8585946c55-jcvfw   1m    27Mi   
websocket-server-8585946c55-nczcm   1m    28Mi   
websocket-server-8585946c55-nf9cw   1m    30Mi   
websocket-server-8585946c55-qcqzq   1m    28Mi   
websocket-server-8585946c55-tx9f6   1m    28Mi   
websocket-server-8585946c55-x5zwt   1m    28Mi   
websocket-server-8585946c55-z2v6w   1m    28Mi   
websocket-server-8585946c55-z6s5n   0m    40Mi   
1783199051
websocket-server-8585946c55-4sspd   1m    29Mi   
websocket-server-8585946c55-5qr6t   1m    29Mi   
websocket-server-8585946c55-66bpz   1m    28Mi   
websocket-server-8585946c55-72z7m   1m    28Mi   
websocket-server-8585946c55-87tv9   1m    27Mi   
websocket-server-8585946c55-ckvfg   1m    41Mi   
websocket-server-8585946c55-csr4r   1m    29Mi   
websocket-server-8585946c55-jcvfw   1m    27Mi   
websocket-server-8585946c55-nczcm   1m    28Mi   
websocket-server-8585946c55-nf9cw   1m    30Mi   
websocket-server-8585946c55-qcqzq   1m    28Mi   
websocket-server-8585946c55-tx9f6   1m    28Mi   
websocket-server-8585946c55-x5zwt   1m    28Mi   
websocket-server-8585946c55-z2v6w   1m    28Mi   
websocket-server-8585946c55-z6s5n   1m    40Mi   
1783199057
websocket-server-8585946c55-4sspd   1m    29Mi   
websocket-server-8585946c55-5qr6t   1m    29Mi   
websocket-server-8585946c55-66bpz   1m    28Mi   
websocket-server-8585946c55-72z7m   1m    28Mi   
websocket-server-8585946c55-87tv9   1m    27Mi   
websocket-server-8585946c55-ckvfg   1m    41Mi   
websocket-server-8585946c55-csr4r   1m    29Mi   
websocket-server-8585946c55-jcvfw   1m    27Mi   
websocket-server-8585946c55-nczcm   1m    28Mi   
websocket-server-8585946c55-nf9cw   1m    30Mi   
websocket-server-8585946c55-qcqzq   1m    28Mi   
websocket-server-8585946c55-tx9f6   1m    28Mi   
websocket-server-8585946c55-x5zwt   1m    28Mi   
websocket-server-8585946c55-z2v6w   1m    28Mi   
websocket-server-8585946c55-z6s5n   1m    40Mi   
1783199062
websocket-server-8585946c55-4sspd   1m    29Mi   
websocket-server-8585946c55-5qr6t   1m    29Mi   
websocket-server-8585946c55-66bpz   1m    28Mi   
websocket-server-8585946c55-72z7m   1m    28Mi   
websocket-server-8585946c55-87tv9   1m    27Mi   
websocket-server-8585946c55-ckvfg   1m    41Mi   
websocket-server-8585946c55-csr4r   1m    29Mi   
websocket-server-8585946c55-jcvfw   1m    27Mi   
websocket-server-8585946c55-nczcm   1m    28Mi   
websocket-server-8585946c55-nf9cw   1m    30Mi   
websocket-server-8585946c55-qcqzq   1m    28Mi   
websocket-server-8585946c55-tx9f6   1m    28Mi   
websocket-server-8585946c55-x5zwt   1m    28Mi   
websocket-server-8585946c55-z2v6w   1m    28Mi   
websocket-server-8585946c55-z6s5n   1m    40Mi   
1783199067
websocket-server-8585946c55-4sspd   2m    30Mi   
websocket-server-8585946c55-5qr6t   0m    29Mi   
websocket-server-8585946c55-66bpz   0m    28Mi   
websocket-server-8585946c55-72z7m   1m    28Mi   
websocket-server-8585946c55-87tv9   2m    27Mi   
websocket-server-8585946c55-ckvfg   2m    41Mi   
websocket-server-8585946c55-csr4r   1m    29Mi   
websocket-server-8585946c55-jcvfw   2m    28Mi   
websocket-server-8585946c55-nczcm   1m    28Mi   
websocket-server-8585946c55-nf9cw   4m    30Mi   
websocket-server-8585946c55-qcqzq   1m    28Mi   
websocket-server-8585946c55-tx9f6   3m    28Mi   
websocket-server-8585946c55-x5zwt   1m    28Mi   
websocket-server-8585946c55-z2v6w   1m    28Mi   
websocket-server-8585946c55-z6s5n   1m    40Mi   
1783199072
websocket-server-8585946c55-4sspd   2m    30Mi   
websocket-server-8585946c55-5qr6t   0m    29Mi   
websocket-server-8585946c55-66bpz   0m    28Mi   
websocket-server-8585946c55-72z7m   1m    28Mi   
websocket-server-8585946c55-87tv9   2m    27Mi   
websocket-server-8585946c55-ckvfg   2m    41Mi   
websocket-server-8585946c55-csr4r   1m    29Mi   
websocket-server-8585946c55-jcvfw   2m    28Mi   
websocket-server-8585946c55-nczcm   1m    28Mi   
websocket-server-8585946c55-nf9cw   4m    30Mi   
websocket-server-8585946c55-qcqzq   1m    28Mi   
websocket-server-8585946c55-tx9f6   3m    28Mi   
websocket-server-8585946c55-x5zwt   1m    28Mi   
websocket-server-8585946c55-z2v6w   1m    28Mi   
websocket-server-8585946c55-z6s5n   1m    40Mi   
1783199077
websocket-server-8585946c55-4sspd   2m    30Mi   
websocket-server-8585946c55-5qr6t   0m    29Mi   
websocket-server-8585946c55-66bpz   0m    28Mi   
websocket-server-8585946c55-72z7m   1m    28Mi   
websocket-server-8585946c55-87tv9   2m    27Mi   
websocket-server-8585946c55-ckvfg   2m    41Mi   
websocket-server-8585946c55-csr4r   1m    29Mi   
websocket-server-8585946c55-jcvfw   2m    28Mi   
websocket-server-8585946c55-nczcm   1m    28Mi   
websocket-server-8585946c55-nf9cw   4m    30Mi   
websocket-server-8585946c55-qcqzq   1m    28Mi   
websocket-server-8585946c55-tx9f6   3m    28Mi   
websocket-server-8585946c55-x5zwt   1m    28Mi   
websocket-server-8585946c55-z2v6w   1m    28Mi   
websocket-server-8585946c55-z6s5n   1m    40Mi   
1783199082
websocket-loadgen-dnjsg             43m   33Mi   
websocket-server-8585946c55-4sspd   11m   30Mi   
websocket-server-8585946c55-5qr6t   4m    29Mi   
websocket-server-8585946c55-66bpz   6m    29Mi   
websocket-server-8585946c55-72z7m   9m    28Mi   
websocket-server-8585946c55-87tv9   2m    27Mi   
websocket-server-8585946c55-ckvfg   24m   41Mi   
websocket-server-8585946c55-csr4r   8m    29Mi   
websocket-server-8585946c55-jcvfw   19m   28Mi   
websocket-server-8585946c55-nczcm   6m    29Mi   
websocket-server-8585946c55-nf9cw   4m    30Mi   
websocket-server-8585946c55-qcqzq   10m   28Mi   
websocket-server-8585946c55-tx9f6   3m    28Mi   
websocket-server-8585946c55-x5zwt   4m    28Mi   
websocket-server-8585946c55-z2v6w   7m    28Mi   
websocket-server-8585946c55-z6s5n   24m   42Mi   
1783199087
websocket-loadgen-dnjsg             43m   33Mi   
websocket-server-8585946c55-4sspd   11m   30Mi   
websocket-server-8585946c55-5qr6t   4m    29Mi   
websocket-server-8585946c55-66bpz   6m    29Mi   
websocket-server-8585946c55-72z7m   9m    28Mi   
websocket-server-8585946c55-87tv9   2m    27Mi   
websocket-server-8585946c55-ckvfg   24m   41Mi   
websocket-server-8585946c55-csr4r   8m    29Mi   
websocket-server-8585946c55-jcvfw   19m   28Mi   
websocket-server-8585946c55-nczcm   6m    29Mi   
websocket-server-8585946c55-nf9cw   4m    30Mi   
websocket-server-8585946c55-qcqzq   10m   28Mi   
websocket-server-8585946c55-tx9f6   3m    28Mi   
websocket-server-8585946c55-x5zwt   4m    28Mi   
websocket-server-8585946c55-z2v6w   7m    28Mi   
websocket-server-8585946c55-z6s5n   24m   42Mi   
1783199092
websocket-loadgen-dnjsg             43m   33Mi   
websocket-server-8585946c55-4sspd   11m   30Mi   
websocket-server-8585946c55-5qr6t   4m    29Mi   
websocket-server-8585946c55-66bpz   6m    29Mi   
websocket-server-8585946c55-72z7m   9m    28Mi   
websocket-server-8585946c55-87tv9   2m    27Mi   
websocket-server-8585946c55-ckvfg   24m   41Mi   
websocket-server-8585946c55-csr4r   8m    29Mi   
websocket-server-8585946c55-jcvfw   19m   28Mi   
websocket-server-8585946c55-nczcm   6m    29Mi   
websocket-server-8585946c55-nf9cw   4m    30Mi   
websocket-server-8585946c55-qcqzq   10m   28Mi   
websocket-server-8585946c55-tx9f6   3m    28Mi   
websocket-server-8585946c55-x5zwt   4m    28Mi   
websocket-server-8585946c55-z2v6w   7m    28Mi   
websocket-server-8585946c55-z6s5n   24m   42Mi   
1783199097
websocket-loadgen-dnjsg             55m   40Mi   
websocket-server-8585946c55-4sspd   11m   30Mi   
websocket-server-8585946c55-5qr6t   6m    29Mi   
websocket-server-8585946c55-66bpz   8m    29Mi   
websocket-server-8585946c55-72z7m   49m   31Mi   
websocket-server-8585946c55-87tv9   10m   28Mi   
websocket-server-8585946c55-ckvfg   24m   41Mi   
websocket-server-8585946c55-csr4r   11m   29Mi   
websocket-server-8585946c55-jcvfw   21m   28Mi   
websocket-server-8585946c55-nczcm   8m    29Mi   
websocket-server-8585946c55-nf9cw   36m   32Mi   
websocket-server-8585946c55-qcqzq   14m   28Mi   
websocket-server-8585946c55-tx9f6   18m   28Mi   
websocket-server-8585946c55-x5zwt   10m   28Mi   
websocket-server-8585946c55-z2v6w   10m   28Mi   
websocket-server-8585946c55-z6s5n   79m   42Mi   
1783199103
websocket-loadgen-dnjsg             55m   40Mi   
websocket-server-8585946c55-72z7m   49m   31Mi   
websocket-server-8585946c55-ckvfg   24m   41Mi   
websocket-server-8585946c55-nf9cw   36m   32Mi   
websocket-server-8585946c55-z6s5n   79m   42Mi   
1783199108
websocket-loadgen-dnjsg             55m   40Mi   
websocket-server-8585946c55-72z7m   49m   31Mi   
websocket-server-8585946c55-ckvfg   24m   41Mi   
websocket-server-8585946c55-nf9cw   36m   32Mi   
websocket-server-8585946c55-z6s5n   79m   42Mi   
1783199113
websocket-loadgen-dnjsg             75m    51Mi   
websocket-server-8585946c55-72z7m   62m    30Mi   
websocket-server-8585946c55-ckvfg   103m   42Mi   
websocket-server-8585946c55-nf9cw   75m    32Mi   
websocket-server-8585946c55-z6s5n   193m   44Mi   
1783199118
websocket-loadgen-dnjsg             75m    51Mi   
websocket-server-8585946c55-ckvfg   103m   42Mi   
websocket-server-8585946c55-z6s5n   193m   44Mi   
1783199123
websocket-loadgen-dnjsg             75m    51Mi   
websocket-server-8585946c55-ckvfg   103m   42Mi   
websocket-server-8585946c55-z6s5n   193m   44Mi   
1783199128
websocket-loadgen-dnjsg             86m    59Mi   
websocket-server-8585946c55-ckvfg   284m   44Mi   
websocket-server-8585946c55-d9tg4   98m    28Mi   
websocket-server-8585946c55-ksr2r   100m   28Mi   
websocket-server-8585946c55-rq9d4   87m    28Mi   
websocket-server-8585946c55-z6s5n   335m   44Mi   
1783199133
websocket-loadgen-dnjsg             86m    59Mi   
websocket-server-8585946c55-ckvfg   284m   44Mi   
websocket-server-8585946c55-d9tg4   98m    28Mi   
websocket-server-8585946c55-ksr2r   100m   28Mi   
websocket-server-8585946c55-rq9d4   87m    28Mi   
websocket-server-8585946c55-z6s5n   335m   44Mi   
1783199138
websocket-loadgen-dnjsg             86m    59Mi   
websocket-server-8585946c55-ckvfg   284m   44Mi   
websocket-server-8585946c55-d9tg4   98m    28Mi   
websocket-server-8585946c55-ksr2r   100m   28Mi   
websocket-server-8585946c55-rq9d4   87m    28Mi   
websocket-server-8585946c55-z6s5n   335m   44Mi   
1783199144
websocket-loadgen-dnjsg             96m    74Mi   
websocket-server-8585946c55-ckvfg   390m   47Mi   
websocket-server-8585946c55-d9tg4   63m    29Mi   
websocket-server-8585946c55-kndgd   70m    28Mi   
websocket-server-8585946c55-kqgc5   84m    28Mi   
websocket-server-8585946c55-ksr2r   99m    28Mi   
websocket-server-8585946c55-nrv6j   85m    28Mi   
websocket-server-8585946c55-r758c   79m    28Mi   
websocket-server-8585946c55-rq9d4   50m    28Mi   
websocket-server-8585946c55-vqzvm   79m    28Mi   
websocket-server-8585946c55-z6s5n   384m   45Mi   
1783199149
websocket-server-8585946c55-ckvfg   390m   47Mi   
websocket-server-8585946c55-d9tg4   63m    29Mi   
websocket-server-8585946c55-kndgd   70m    28Mi   
websocket-server-8585946c55-kqgc5   84m    28Mi   
websocket-server-8585946c55-ksr2r   99m    28Mi   
websocket-server-8585946c55-nrv6j   85m    28Mi   
websocket-server-8585946c55-r758c   79m    28Mi   
websocket-server-8585946c55-rq9d4   50m    28Mi   
websocket-server-8585946c55-vqzvm   79m    28Mi   
websocket-server-8585946c55-z6s5n   384m   45Mi   
1783199154
websocket-server-8585946c55-ckvfg   390m   47Mi   
websocket-server-8585946c55-d9tg4   59m    30Mi   
websocket-server-8585946c55-kndgd   7m     28Mi   
websocket-server-8585946c55-kqgc5   30m    28Mi   
websocket-server-8585946c55-ksr2r   64m    30Mi   
websocket-server-8585946c55-nrv6j   27m    28Mi   
websocket-server-8585946c55-r758c   16m    28Mi   
websocket-server-8585946c55-rq9d4   69m    30Mi   
websocket-server-8585946c55-vqzvm   18m    28Mi   
websocket-server-8585946c55-z6s5n   265m   44Mi   
1783199159
websocket-server-8585946c55-ckvfg   390m   47Mi   
websocket-server-8585946c55-d9tg4   59m    30Mi   
websocket-server-8585946c55-kndgd   7m     28Mi   
websocket-server-8585946c55-kqgc5   30m    28Mi   
websocket-server-8585946c55-ksr2r   64m    30Mi   
websocket-server-8585946c55-nrv6j   27m    28Mi   
websocket-server-8585946c55-r758c   16m    28Mi   
websocket-server-8585946c55-rq9d4   69m    30Mi   
websocket-server-8585946c55-vqzvm   18m    28Mi   
websocket-server-8585946c55-z6s5n   265m   44Mi   
1783199164
websocket-server-8585946c55-ckvfg   390m   47Mi   
websocket-server-8585946c55-d9tg4   59m    30Mi   
websocket-server-8585946c55-kndgd   7m     28Mi   
websocket-server-8585946c55-kqgc5   30m    28Mi   
websocket-server-8585946c55-ksr2r   64m    30Mi   
websocket-server-8585946c55-nrv6j   27m    28Mi   
websocket-server-8585946c55-r758c   16m    28Mi   
websocket-server-8585946c55-rq9d4   69m    30Mi   
websocket-server-8585946c55-vqzvm   18m    28Mi   
websocket-server-8585946c55-z6s5n   265m   44Mi   
1783199169
websocket-server-8585946c55-6nlh6   0m     27Mi   
websocket-server-8585946c55-ckvfg   248m   45Mi   
websocket-server-8585946c55-csvmz   1m     27Mi   
websocket-server-8585946c55-d9tg4   1m     30Mi   
websocket-server-8585946c55-dgs79   1m     27Mi   
websocket-server-8585946c55-gs9f9   0m     27Mi   
websocket-server-8585946c55-kndgd   7m     28Mi   
websocket-server-8585946c55-kqgc5   1m     28Mi   
websocket-server-8585946c55-ksr2r   1m     30Mi   
websocket-server-8585946c55-nrv6j   1m     28Mi   
websocket-server-8585946c55-r758c   0m     28Mi   
websocket-server-8585946c55-rq9d4   1m     30Mi   
websocket-server-8585946c55-snvqv   0m     27Mi   
websocket-server-8585946c55-vqzvm   4m     28Mi   
websocket-server-8585946c55-z6s5n   1m     44Mi   
1783199174
websocket-server-8585946c55-6nlh6   0m     27Mi   
websocket-server-8585946c55-ckvfg   248m   45Mi   
websocket-server-8585946c55-csvmz   1m     27Mi   
websocket-server-8585946c55-d9tg4   1m     30Mi   
websocket-server-8585946c55-dgs79   1m     27Mi   
websocket-server-8585946c55-gs9f9   0m     27Mi   
websocket-server-8585946c55-kndgd   7m     28Mi   
websocket-server-8585946c55-kqgc5   1m     28Mi   
websocket-server-8585946c55-ksr2r   1m     30Mi   
websocket-server-8585946c55-nrv6j   1m     28Mi   
websocket-server-8585946c55-r758c   0m     28Mi   
websocket-server-8585946c55-rq9d4   1m     30Mi   
websocket-server-8585946c55-snvqv   0m     27Mi   
websocket-server-8585946c55-vqzvm   4m     28Mi   
websocket-server-8585946c55-z6s5n   1m     44Mi   
1783199179
websocket-server-8585946c55-6nlh6   0m     27Mi   
websocket-server-8585946c55-ckvfg   248m   45Mi   
websocket-server-8585946c55-csvmz   1m     27Mi   
websocket-server-8585946c55-d9tg4   1m     30Mi   
websocket-server-8585946c55-dgs79   1m     27Mi   
websocket-server-8585946c55-gs9f9   0m     27Mi   
websocket-server-8585946c55-kndgd   7m     28Mi   
websocket-server-8585946c55-kqgc5   1m     28Mi   
websocket-server-8585946c55-ksr2r   1m     30Mi   
websocket-server-8585946c55-nrv6j   1m     28Mi   
websocket-server-8585946c55-r758c   0m     28Mi   
websocket-server-8585946c55-rq9d4   1m     30Mi   
websocket-server-8585946c55-snvqv   0m     27Mi   
websocket-server-8585946c55-vqzvm   4m     28Mi   
websocket-server-8585946c55-z6s5n   1m     44Mi   
1783199184
websocket-server-8585946c55-6nlh6   1m    27Mi   
websocket-server-8585946c55-ckvfg   1m    45Mi   
websocket-server-8585946c55-csvmz   0m    27Mi   
websocket-server-8585946c55-d9tg4   0m    30Mi   
websocket-server-8585946c55-dgs79   1m    27Mi   
websocket-server-8585946c55-gs9f9   1m    27Mi   
websocket-server-8585946c55-kndgd   1m    28Mi   
websocket-server-8585946c55-kqgc5   1m    28Mi   
websocket-server-8585946c55-ksr2r   0m    30Mi   
websocket-server-8585946c55-nrv6j   1m    28Mi   
websocket-server-8585946c55-r758c   0m    28Mi   
websocket-server-8585946c55-rq9d4   1m    30Mi   
websocket-server-8585946c55-snvqv   1m    27Mi   
websocket-server-8585946c55-vqzvm   1m    28Mi   
websocket-server-8585946c55-z6s5n   1m    44Mi   
1783199189
websocket-server-8585946c55-6nlh6   1m    27Mi   
websocket-server-8585946c55-ckvfg   1m    45Mi   
websocket-server-8585946c55-csvmz   0m    27Mi   
websocket-server-8585946c55-d9tg4   0m    30Mi   
websocket-server-8585946c55-dgs79   1m    27Mi   
websocket-server-8585946c55-gs9f9   1m    27Mi   
websocket-server-8585946c55-kndgd   1m    28Mi   
websocket-server-8585946c55-kqgc5   1m    28Mi   
websocket-server-8585946c55-ksr2r   0m    30Mi   
websocket-server-8585946c55-nrv6j   1m    28Mi   
websocket-server-8585946c55-r758c   0m    28Mi   
websocket-server-8585946c55-rq9d4   1m    30Mi   
websocket-server-8585946c55-snvqv   1m    27Mi   
websocket-server-8585946c55-vqzvm   1m    28Mi   
websocket-server-8585946c55-z6s5n   1m    44Mi   
1783199195
websocket-server-8585946c55-6nlh6   1m    27Mi   
websocket-server-8585946c55-ckvfg   1m    45Mi   
websocket-server-8585946c55-csvmz   0m    27Mi   
websocket-server-8585946c55-d9tg4   0m    30Mi   
websocket-server-8585946c55-dgs79   1m    27Mi   
websocket-server-8585946c55-gs9f9   1m    27Mi   
websocket-server-8585946c55-kndgd   1m    28Mi   
websocket-server-8585946c55-kqgc5   1m    28Mi   
websocket-server-8585946c55-ksr2r   0m    30Mi   
websocket-server-8585946c55-nrv6j   1m    28Mi   
websocket-server-8585946c55-r758c   0m    28Mi   
websocket-server-8585946c55-rq9d4   1m    30Mi   
websocket-server-8585946c55-snvqv   1m    27Mi   
websocket-server-8585946c55-vqzvm   1m    28Mi   
websocket-server-8585946c55-z6s5n   1m    44Mi   
1783199200
websocket-server-8585946c55-6nlh6   1m    27Mi   
websocket-server-8585946c55-ckvfg   1m    45Mi   
websocket-server-8585946c55-csvmz   1m    27Mi   
websocket-server-8585946c55-d9tg4   0m    30Mi   
websocket-server-8585946c55-dgs79   1m    27Mi   
websocket-server-8585946c55-gs9f9   1m    27Mi   
websocket-server-8585946c55-kndgd   1m    28Mi   
websocket-server-8585946c55-kqgc5   1m    28Mi   
websocket-server-8585946c55-ksr2r   0m    30Mi   
websocket-server-8585946c55-nrv6j   1m    28Mi   
websocket-server-8585946c55-r758c   1m    28Mi   
websocket-server-8585946c55-rq9d4   1m    30Mi   
websocket-server-8585946c55-snvqv   1m    27Mi   
websocket-server-8585946c55-vqzvm   1m    28Mi   
websocket-server-8585946c55-z6s5n   1m    44Mi   
1783199205
websocket-server-8585946c55-6nlh6   1m    27Mi   
websocket-server-8585946c55-ckvfg   1m    45Mi   
websocket-server-8585946c55-csvmz   1m    27Mi   
websocket-server-8585946c55-d9tg4   0m    30Mi   
websocket-server-8585946c55-dgs79   1m    27Mi   
websocket-server-8585946c55-gs9f9   1m    27Mi   
websocket-server-8585946c55-kndgd   1m    28Mi   
websocket-server-8585946c55-kqgc5   1m    28Mi   
websocket-server-8585946c55-ksr2r   0m    30Mi   
websocket-server-8585946c55-nrv6j   1m    28Mi   
websocket-server-8585946c55-r758c   1m    28Mi   
websocket-server-8585946c55-rq9d4   1m    30Mi   
websocket-server-8585946c55-snvqv   1m    27Mi   
websocket-server-8585946c55-vqzvm   1m    28Mi   
websocket-server-8585946c55-z6s5n   1m    44Mi   
1783199210
websocket-server-8585946c55-6nlh6   1m    27Mi   
websocket-server-8585946c55-ckvfg   1m    45Mi   
websocket-server-8585946c55-csvmz   1m    27Mi   
websocket-server-8585946c55-d9tg4   0m    30Mi   
websocket-server-8585946c55-dgs79   1m    27Mi   
websocket-server-8585946c55-gs9f9   1m    27Mi   
websocket-server-8585946c55-kndgd   1m    28Mi   
websocket-server-8585946c55-kqgc5   1m    28Mi   
websocket-server-8585946c55-ksr2r   0m    30Mi   
websocket-server-8585946c55-nrv6j   1m    28Mi   
websocket-server-8585946c55-r758c   1m    28Mi   
websocket-server-8585946c55-rq9d4   1m    30Mi   
websocket-server-8585946c55-snvqv   1m    27Mi   
websocket-server-8585946c55-vqzvm   1m    28Mi   
websocket-server-8585946c55-z6s5n   1m    44Mi   
1783199215
websocket-server-8585946c55-6nlh6   1m    27Mi   
websocket-server-8585946c55-ckvfg   1m    45Mi   
websocket-server-8585946c55-csvmz   2m    27Mi   
websocket-server-8585946c55-d9tg4   1m    30Mi   
websocket-server-8585946c55-dgs79   1m    28Mi   
websocket-server-8585946c55-gs9f9   1m    27Mi   
websocket-server-8585946c55-kndgd   1m    28Mi   
websocket-server-8585946c55-kqgc5   1m    28Mi   
websocket-server-8585946c55-ksr2r   2m    30Mi   
websocket-server-8585946c55-nrv6j   0m    28Mi   
websocket-server-8585946c55-r758c   1m    28Mi   
websocket-server-8585946c55-rq9d4   1m    30Mi   
websocket-server-8585946c55-snvqv   3m    28Mi   
websocket-server-8585946c55-vqzvm   1m    28Mi   
websocket-server-8585946c55-z6s5n   1m    44Mi   
1783199220
websocket-server-8585946c55-6nlh6   1m    27Mi   
websocket-server-8585946c55-ckvfg   1m    45Mi   
websocket-server-8585946c55-csvmz   2m    27Mi   
websocket-server-8585946c55-d9tg4   1m    30Mi   
websocket-server-8585946c55-dgs79   1m    28Mi   
websocket-server-8585946c55-gs9f9   1m    27Mi   
websocket-server-8585946c55-kndgd   1m    28Mi   
websocket-server-8585946c55-kqgc5   1m    28Mi   
websocket-server-8585946c55-ksr2r   2m    30Mi   
websocket-server-8585946c55-nrv6j   0m    28Mi   
websocket-server-8585946c55-r758c   1m    28Mi   
websocket-server-8585946c55-rq9d4   1m    30Mi   
websocket-server-8585946c55-snvqv   3m    28Mi   
websocket-server-8585946c55-vqzvm   1m    28Mi   
websocket-server-8585946c55-z6s5n   1m    44Mi   
1783199225
websocket-server-8585946c55-6nlh6   1m    27Mi   
websocket-server-8585946c55-ckvfg   1m    45Mi   
websocket-server-8585946c55-csvmz   2m    27Mi   
websocket-server-8585946c55-d9tg4   1m    30Mi   
websocket-server-8585946c55-dgs79   1m    28Mi   
websocket-server-8585946c55-gs9f9   1m    27Mi   
websocket-server-8585946c55-kndgd   1m    28Mi   
websocket-server-8585946c55-kqgc5   1m    28Mi   
websocket-server-8585946c55-ksr2r   2m    30Mi   
websocket-server-8585946c55-nrv6j   0m    28Mi   
websocket-server-8585946c55-r758c   1m    28Mi   
websocket-server-8585946c55-rq9d4   1m    30Mi   
websocket-server-8585946c55-snvqv   3m    28Mi   
websocket-server-8585946c55-vqzvm   1m    28Mi   
websocket-server-8585946c55-z6s5n   1m    44Mi   
1783199230
websocket-loadgen-t98p5             42m   33Mi   
websocket-server-8585946c55-6nlh6   13m   28Mi   
websocket-server-8585946c55-ckvfg   6m    45Mi   
websocket-server-8585946c55-csvmz   12m   28Mi   
websocket-server-8585946c55-d9tg4   4m    30Mi   
websocket-server-8585946c55-dgs79   9m    28Mi   
websocket-server-8585946c55-gs9f9   9m    28Mi   
websocket-server-8585946c55-kndgd   14m   28Mi   
websocket-server-8585946c55-kqgc5   9m    28Mi   
websocket-server-8585946c55-ksr2r   12m   30Mi   
websocket-server-8585946c55-nrv6j   0m    28Mi   
websocket-server-8585946c55-r758c   7m    28Mi   
websocket-server-8585946c55-rq9d4   5m    30Mi   
websocket-server-8585946c55-snvqv   13m   28Mi   
websocket-server-8585946c55-vqzvm   7m    29Mi   
websocket-server-8585946c55-z6s5n   16m   45Mi   
1783199235
websocket-loadgen-t98p5             42m   33Mi   
websocket-server-8585946c55-6nlh6   13m   28Mi   
websocket-server-8585946c55-ckvfg   6m    45Mi   
websocket-server-8585946c55-csvmz   12m   28Mi   
websocket-server-8585946c55-d9tg4   4m    30Mi   
websocket-server-8585946c55-dgs79   9m    28Mi   
websocket-server-8585946c55-gs9f9   9m    28Mi   
websocket-server-8585946c55-kndgd   14m   28Mi   
websocket-server-8585946c55-kqgc5   9m    28Mi   
websocket-server-8585946c55-ksr2r   12m   30Mi   
websocket-server-8585946c55-nrv6j   0m    28Mi   
websocket-server-8585946c55-r758c   7m    28Mi   
websocket-server-8585946c55-rq9d4   5m    30Mi   
websocket-server-8585946c55-snvqv   13m   28Mi   
websocket-server-8585946c55-vqzvm   7m    29Mi   
websocket-server-8585946c55-z6s5n   16m   45Mi   
1783199241
websocket-loadgen-t98p5             42m   33Mi   
websocket-server-8585946c55-6nlh6   13m   28Mi   
websocket-server-8585946c55-ckvfg   6m    45Mi   
websocket-server-8585946c55-csvmz   12m   28Mi   
websocket-server-8585946c55-d9tg4   4m    30Mi   
websocket-server-8585946c55-dgs79   9m    28Mi   
websocket-server-8585946c55-gs9f9   9m    28Mi   
websocket-server-8585946c55-kndgd   14m   28Mi   
websocket-server-8585946c55-kqgc5   9m    28Mi   
websocket-server-8585946c55-ksr2r   12m   30Mi   
websocket-server-8585946c55-nrv6j   0m    28Mi   
websocket-server-8585946c55-r758c   7m    28Mi   
websocket-server-8585946c55-rq9d4   5m    30Mi   
websocket-server-8585946c55-snvqv   13m   28Mi   
websocket-server-8585946c55-vqzvm   7m    29Mi   
websocket-server-8585946c55-z6s5n   16m   45Mi   
1783199246
websocket-loadgen-t98p5             61m   42Mi   
websocket-server-8585946c55-6nlh6   17m   28Mi   
websocket-server-8585946c55-ckvfg   67m   48Mi   
websocket-server-8585946c55-csvmz   15m   28Mi   
websocket-server-8585946c55-d9tg4   17m   30Mi   
websocket-server-8585946c55-dgs79   15m   28Mi   
websocket-server-8585946c55-gs9f9   8m    28Mi   
websocket-server-8585946c55-kndgd   14m   28Mi   
websocket-server-8585946c55-kqgc5   45m   30Mi   
websocket-server-8585946c55-ksr2r   12m   30Mi   
websocket-server-8585946c55-nrv6j   9m    29Mi   
websocket-server-8585946c55-r758c   9m    28Mi   
websocket-server-8585946c55-rq9d4   15m   30Mi   
websocket-server-8585946c55-snvqv   13m   28Mi   
websocket-server-8585946c55-vqzvm   41m   29Mi   
websocket-server-8585946c55-z6s5n   91m   46Mi   
1783199251
websocket-loadgen-t98p5             61m   42Mi   
websocket-server-8585946c55-ckvfg   67m   48Mi   
websocket-server-8585946c55-kndgd   14m   28Mi   
websocket-server-8585946c55-kqgc5   45m   30Mi   
websocket-server-8585946c55-vqzvm   41m   29Mi   
websocket-server-8585946c55-z6s5n   91m   46Mi   
1783199256
websocket-loadgen-t98p5             61m   42Mi   
websocket-server-8585946c55-ckvfg   67m   48Mi   
websocket-server-8585946c55-kndgd   14m   28Mi   
websocket-server-8585946c55-kqgc5   45m   30Mi   
websocket-server-8585946c55-vqzvm   41m   29Mi   
websocket-server-8585946c55-z6s5n   91m   46Mi   
1783199261
websocket-loadgen-t98p5             96m    54Mi   
websocket-server-8585946c55-ckvfg   200m   52Mi   
websocket-server-8585946c55-kndgd   50m    29Mi   
websocket-server-8585946c55-kqgc5   54m    29Mi   
websocket-server-8585946c55-vqzvm   51m    29Mi   
websocket-server-8585946c55-z6s5n   263m   51Mi   
1783199266
websocket-loadgen-t98p5             96m    54Mi   
websocket-server-8585946c55-ckvfg   200m   52Mi   
websocket-server-8585946c55-z6s5n   263m   51Mi   
1783199271
websocket-loadgen-t98p5             96m    54Mi   
websocket-server-8585946c55-ckvfg   200m   52Mi   
websocket-server-8585946c55-z6s5n   263m   51Mi   
1783199276
websocket-loadgen-t98p5             94m    63Mi   
websocket-server-8585946c55-8wvjc   127m   32Mi   
websocket-server-8585946c55-ckvfg   272m   55Mi   
websocket-server-8585946c55-z6s5n   301m   53Mi   
1783199282
websocket-loadgen-t98p5             94m    63Mi   
websocket-server-8585946c55-8wvjc   127m   32Mi   
websocket-server-8585946c55-ckvfg   272m   55Mi   
websocket-server-8585946c55-z6s5n   301m   53Mi   
1783199287
websocket-loadgen-t98p5             94m    63Mi   
websocket-server-8585946c55-8wvjc   127m   32Mi   
websocket-server-8585946c55-ckvfg   272m   55Mi   
websocket-server-8585946c55-z6s5n   301m   53Mi   
1783199292
websocket-loadgen-t98p5             100m   73Mi   
websocket-server-8585946c55-8wvjc   155m   33Mi   
websocket-server-8585946c55-ckvfg   316m   55Mi   
websocket-server-8585946c55-hz6j9   68m    28Mi   
websocket-server-8585946c55-k954b   96m    29Mi   
websocket-server-8585946c55-ltplk   54m    28Mi   
websocket-server-8585946c55-vgw7f   33m    28Mi   
websocket-server-8585946c55-z6s5n   380m   55Mi   
1783199297
websocket-server-8585946c55-8wvjc   155m   33Mi   
websocket-server-8585946c55-ckvfg   316m   55Mi   
websocket-server-8585946c55-hz6j9   68m    28Mi   
websocket-server-8585946c55-k954b   96m    29Mi   
websocket-server-8585946c55-ltplk   54m    28Mi   
websocket-server-8585946c55-vgw7f   33m    28Mi   
websocket-server-8585946c55-z6s5n   380m   55Mi   
1783199302
websocket-server-8585946c55-8wvjc   155m   33Mi   
websocket-server-8585946c55-ckvfg   316m   55Mi   
websocket-server-8585946c55-hz6j9   68m    28Mi   
websocket-server-8585946c55-k954b   96m    29Mi   
websocket-server-8585946c55-ltplk   54m    28Mi   
websocket-server-8585946c55-vgw7f   33m    28Mi   
websocket-server-8585946c55-z6s5n   380m   55Mi   
1783199307
websocket-server-8585946c55-8wvjc   155m   33Mi   
websocket-server-8585946c55-c2nhc   61m    28Mi   
websocket-server-8585946c55-ckvfg   341m   55Mi   
websocket-server-8585946c55-fh8ff   59m    28Mi   
websocket-server-8585946c55-hz6j9   47m    28Mi   
websocket-server-8585946c55-k954b   64m    29Mi   
websocket-server-8585946c55-kmvv5   60m    28Mi   
websocket-server-8585946c55-ltplk   68m    29Mi   
websocket-server-8585946c55-vgw7f   49m    28Mi   
websocket-server-8585946c55-wgvnc   64m    28Mi   
websocket-server-8585946c55-xrq94   15m    28Mi   
websocket-server-8585946c55-z6s5n   421m   56Mi   
1783199312
websocket-server-8585946c55-8wvjc   155m   33Mi   
websocket-server-8585946c55-c2nhc   61m    28Mi   
websocket-server-8585946c55-ckvfg   341m   55Mi   
websocket-server-8585946c55-fh8ff   59m    28Mi   
websocket-server-8585946c55-hz6j9   47m    28Mi   
websocket-server-8585946c55-k954b   64m    29Mi   
websocket-server-8585946c55-kmvv5   60m    28Mi   
websocket-server-8585946c55-ltplk   68m    29Mi   
websocket-server-8585946c55-vgw7f   49m    28Mi   
websocket-server-8585946c55-wgvnc   64m    28Mi   
websocket-server-8585946c55-xrq94   15m    28Mi   
websocket-server-8585946c55-z6s5n   421m   56Mi   
1783199318
websocket-server-8585946c55-8wvjc   155m   33Mi   
websocket-server-8585946c55-c2nhc   61m    28Mi   
websocket-server-8585946c55-ckvfg   341m   55Mi   
websocket-server-8585946c55-fh8ff   59m    28Mi   
websocket-server-8585946c55-hz6j9   47m    28Mi   
websocket-server-8585946c55-k954b   64m    29Mi   
websocket-server-8585946c55-kmvv5   60m    28Mi   
websocket-server-8585946c55-ltplk   68m    29Mi   
websocket-server-8585946c55-vgw7f   49m    28Mi   
websocket-server-8585946c55-wgvnc   64m    28Mi   
websocket-server-8585946c55-xrq94   15m    28Mi   
websocket-server-8585946c55-z6s5n   421m   56Mi   
1783199323
websocket-server-8585946c55-8bcm5   58m    27Mi   
websocket-server-8585946c55-8wvjc   114m   33Mi   
websocket-server-8585946c55-c2nhc   7m     28Mi   
websocket-server-8585946c55-ckvfg   176m   55Mi   
websocket-server-8585946c55-fh8ff   5m     28Mi   
websocket-server-8585946c55-hz6j9   1m     28Mi   
websocket-server-8585946c55-k954b   30m    29Mi   
websocket-server-8585946c55-kmvv5   5m     28Mi   
websocket-server-8585946c55-l9gb5   1m     27Mi   
websocket-server-8585946c55-ltplk   1m     29Mi   
websocket-server-8585946c55-sjkhn   54m    28Mi   
websocket-server-8585946c55-vgw7f   14m    28Mi   
websocket-server-8585946c55-wgvnc   6m     28Mi   
websocket-server-8585946c55-xrq94   1m     28Mi   
websocket-server-8585946c55-z6s5n   145m   57Mi   
1783199328
websocket-server-8585946c55-8bcm5   58m    27Mi   
websocket-server-8585946c55-8wvjc   114m   33Mi   
websocket-server-8585946c55-c2nhc   7m     28Mi   
websocket-server-8585946c55-ckvfg   176m   55Mi   
websocket-server-8585946c55-fh8ff   5m     28Mi   
websocket-server-8585946c55-hz6j9   1m     28Mi   
websocket-server-8585946c55-k954b   30m    29Mi   
websocket-server-8585946c55-kmvv5   5m     28Mi   
websocket-server-8585946c55-l9gb5   1m     27Mi   
websocket-server-8585946c55-ltplk   1m     29Mi   
websocket-server-8585946c55-sjkhn   54m    28Mi   
websocket-server-8585946c55-vgw7f   14m    28Mi   
websocket-server-8585946c55-wgvnc   6m     28Mi   
websocket-server-8585946c55-xrq94   1m     28Mi   
websocket-server-8585946c55-z6s5n   145m   57Mi   
1783199333
websocket-server-8585946c55-8bcm5   58m    27Mi   
websocket-server-8585946c55-8wvjc   114m   33Mi   
websocket-server-8585946c55-c2nhc   7m     28Mi   
websocket-server-8585946c55-ckvfg   176m   55Mi   
websocket-server-8585946c55-fh8ff   5m     28Mi   
websocket-server-8585946c55-hz6j9   1m     28Mi   
websocket-server-8585946c55-k954b   30m    29Mi   
websocket-server-8585946c55-kmvv5   5m     28Mi   
websocket-server-8585946c55-l9gb5   1m     27Mi   
websocket-server-8585946c55-ltplk   1m     29Mi   
websocket-server-8585946c55-sjkhn   54m    28Mi   
websocket-server-8585946c55-vgw7f   14m    28Mi   
websocket-server-8585946c55-wgvnc   6m     28Mi   
websocket-server-8585946c55-xrq94   1m     28Mi   
websocket-server-8585946c55-z6s5n   145m   57Mi   
1783199338
websocket-server-8585946c55-8bcm5   1m    27Mi   
websocket-server-8585946c55-8wvjc   1m    33Mi   
websocket-server-8585946c55-c2nhc   1m    28Mi   
websocket-server-8585946c55-ckvfg   1m    55Mi   
websocket-server-8585946c55-fh8ff   1m    28Mi   
websocket-server-8585946c55-hz6j9   1m    28Mi   
websocket-server-8585946c55-k954b   1m    29Mi   
websocket-server-8585946c55-kmvv5   1m    28Mi   
websocket-server-8585946c55-l9gb5   1m    27Mi   
websocket-server-8585946c55-ltplk   1m    29Mi   
websocket-server-8585946c55-sjkhn   1m    28Mi   
websocket-server-8585946c55-vgw7f   0m    28Mi   
websocket-server-8585946c55-wgvnc   1m    28Mi   
websocket-server-8585946c55-xrq94   1m    28Mi   
websocket-server-8585946c55-z6s5n   1m    57Mi   
1783199343
websocket-server-8585946c55-8bcm5   1m    27Mi   
websocket-server-8585946c55-8wvjc   1m    33Mi   
websocket-server-8585946c55-c2nhc   1m    28Mi   
websocket-server-8585946c55-ckvfg   1m    55Mi   
websocket-server-8585946c55-fh8ff   1m    28Mi   
websocket-server-8585946c55-hz6j9   1m    28Mi   
websocket-server-8585946c55-k954b   1m    29Mi   
websocket-server-8585946c55-kmvv5   1m    28Mi   
websocket-server-8585946c55-l9gb5   1m    27Mi   
websocket-server-8585946c55-ltplk   1m    29Mi   
websocket-server-8585946c55-sjkhn   1m    28Mi   
websocket-server-8585946c55-vgw7f   0m    28Mi   
websocket-server-8585946c55-wgvnc   1m    28Mi   
websocket-server-8585946c55-xrq94   1m    28Mi   
websocket-server-8585946c55-z6s5n   1m    57Mi   
1783199348
websocket-server-8585946c55-8bcm5   1m    27Mi   
websocket-server-8585946c55-8wvjc   1m    33Mi   
websocket-server-8585946c55-c2nhc   1m    28Mi   
websocket-server-8585946c55-ckvfg   1m    55Mi   
websocket-server-8585946c55-fh8ff   1m    28Mi   
websocket-server-8585946c55-hz6j9   1m    28Mi   
websocket-server-8585946c55-k954b   1m    29Mi   
websocket-server-8585946c55-kmvv5   1m    28Mi   
websocket-server-8585946c55-l9gb5   1m    27Mi   
websocket-server-8585946c55-ltplk   1m    29Mi   
websocket-server-8585946c55-sjkhn   1m    28Mi   
websocket-server-8585946c55-vgw7f   0m    28Mi   
websocket-server-8585946c55-wgvnc   1m    28Mi   
websocket-server-8585946c55-xrq94   1m    28Mi   
websocket-server-8585946c55-z6s5n   1m    57Mi   
1783199353
websocket-server-8585946c55-8bcm5   1m    27Mi   
websocket-server-8585946c55-8wvjc   1m    33Mi   
websocket-server-8585946c55-c2nhc   1m    28Mi   
websocket-server-8585946c55-ckvfg   1m    55Mi   
websocket-server-8585946c55-fh8ff   1m    28Mi   
websocket-server-8585946c55-hz6j9   1m    28Mi   
websocket-server-8585946c55-k954b   1m    29Mi   
websocket-server-8585946c55-kmvv5   1m    28Mi   
websocket-server-8585946c55-l9gb5   1m    27Mi   
websocket-server-8585946c55-ltplk   1m    29Mi   
websocket-server-8585946c55-sjkhn   1m    28Mi   
websocket-server-8585946c55-vgw7f   1m    28Mi   
websocket-server-8585946c55-wgvnc   1m    28Mi   
websocket-server-8585946c55-xrq94   1m    28Mi   
websocket-server-8585946c55-z6s5n   1m    57Mi   
1783199358
websocket-server-8585946c55-8bcm5   1m    27Mi   
websocket-server-8585946c55-8wvjc   1m    33Mi   
websocket-server-8585946c55-c2nhc   1m    28Mi   
websocket-server-8585946c55-ckvfg   1m    55Mi   
websocket-server-8585946c55-fh8ff   1m    28Mi   
websocket-server-8585946c55-hz6j9   1m    28Mi   
websocket-server-8585946c55-k954b   1m    29Mi   
websocket-server-8585946c55-kmvv5   1m    28Mi   
websocket-server-8585946c55-l9gb5   1m    27Mi   
websocket-server-8585946c55-ltplk   1m    29Mi   
websocket-server-8585946c55-sjkhn   1m    28Mi   
websocket-server-8585946c55-vgw7f   1m    28Mi   
websocket-server-8585946c55-wgvnc   1m    28Mi   
websocket-server-8585946c55-xrq94   1m    28Mi   
websocket-server-8585946c55-z6s5n   1m    57Mi   
1783199363
websocket-server-8585946c55-8bcm5   1m    27Mi   
websocket-server-8585946c55-8wvjc   1m    33Mi   
websocket-server-8585946c55-c2nhc   1m    28Mi   
websocket-server-8585946c55-ckvfg   1m    55Mi   
websocket-server-8585946c55-fh8ff   1m    28Mi   
websocket-server-8585946c55-hz6j9   1m    28Mi   
websocket-server-8585946c55-k954b   1m    29Mi   
websocket-server-8585946c55-kmvv5   1m    28Mi   
websocket-server-8585946c55-l9gb5   1m    27Mi   
websocket-server-8585946c55-ltplk   1m    29Mi   
websocket-server-8585946c55-sjkhn   1m    28Mi   
websocket-server-8585946c55-vgw7f   1m    28Mi   
websocket-server-8585946c55-wgvnc   1m    28Mi   
websocket-server-8585946c55-xrq94   1m    28Mi   
websocket-server-8585946c55-z6s5n   1m    57Mi   
1783199369
websocket-server-8585946c55-8bcm5   1m    27Mi   
websocket-server-8585946c55-8wvjc   1m    33Mi   
websocket-server-8585946c55-c2nhc   1m    28Mi   
websocket-server-8585946c55-ckvfg   1m    55Mi   
websocket-server-8585946c55-fh8ff   2m    28Mi   
websocket-server-8585946c55-hz6j9   1m    28Mi   
websocket-server-8585946c55-k954b   2m    30Mi   
websocket-server-8585946c55-kmvv5   1m    28Mi   
websocket-server-8585946c55-l9gb5   1m    27Mi   
websocket-server-8585946c55-ltplk   4m    30Mi   
websocket-server-8585946c55-sjkhn   1m    28Mi   
websocket-server-8585946c55-vgw7f   1m    28Mi   
websocket-server-8585946c55-wgvnc   1m    28Mi   
websocket-server-8585946c55-xrq94   3m    28Mi   
websocket-server-8585946c55-z6s5n   1m    57Mi   
1783199374
websocket-server-8585946c55-8bcm5   1m    27Mi   
websocket-server-8585946c55-8wvjc   1m    33Mi   
websocket-server-8585946c55-c2nhc   1m    28Mi   
websocket-server-8585946c55-ckvfg   1m    55Mi   
websocket-server-8585946c55-fh8ff   2m    28Mi   
websocket-server-8585946c55-hz6j9   1m    28Mi   
websocket-server-8585946c55-k954b   2m    30Mi   
websocket-server-8585946c55-kmvv5   1m    28Mi   
websocket-server-8585946c55-l9gb5   1m    27Mi   
websocket-server-8585946c55-ltplk   4m    30Mi   
websocket-server-8585946c55-sjkhn   1m    28Mi   
websocket-server-8585946c55-vgw7f   1m    28Mi   
websocket-server-8585946c55-wgvnc   1m    28Mi   
websocket-server-8585946c55-xrq94   3m    28Mi   
websocket-server-8585946c55-z6s5n   1m    57Mi   
1783199379
websocket-loadgen-zs64w             113m   31Mi   
websocket-server-8585946c55-8bcm5   6m     28Mi   
websocket-server-8585946c55-8wvjc   9m     34Mi   
websocket-server-8585946c55-c2nhc   7m     28Mi   
websocket-server-8585946c55-ckvfg   9m     56Mi   
websocket-server-8585946c55-fh8ff   10m    28Mi   
websocket-server-8585946c55-hz6j9   5m     29Mi   
websocket-server-8585946c55-k954b   25m    30Mi   
websocket-server-8585946c55-kmvv5   8m     28Mi   
websocket-server-8585946c55-l9gb5   18m    28Mi   
websocket-server-8585946c55-ltplk   10m    30Mi   
websocket-server-8585946c55-sjkhn   9m     28Mi   
websocket-server-8585946c55-vgw7f   10m    29Mi   
websocket-server-8585946c55-wgvnc   9m     28Mi   
websocket-server-8585946c55-xrq94   18m    28Mi   
websocket-server-8585946c55-z6s5n   3m     57Mi   
1783199384
websocket-loadgen-zs64w             113m   31Mi   
websocket-server-8585946c55-8bcm5   6m     28Mi   
websocket-server-8585946c55-8wvjc   9m     34Mi   
websocket-server-8585946c55-c2nhc   7m     28Mi   
websocket-server-8585946c55-ckvfg   9m     56Mi   
websocket-server-8585946c55-fh8ff   10m    28Mi   
websocket-server-8585946c55-hz6j9   5m     29Mi   
websocket-server-8585946c55-k954b   25m    30Mi   
websocket-server-8585946c55-kmvv5   8m     28Mi   
websocket-server-8585946c55-l9gb5   18m    28Mi   
websocket-server-8585946c55-ltplk   10m    30Mi   
websocket-server-8585946c55-sjkhn   9m     28Mi   
websocket-server-8585946c55-vgw7f   10m    29Mi   
websocket-server-8585946c55-wgvnc   9m     28Mi   
websocket-server-8585946c55-xrq94   18m    28Mi   
websocket-server-8585946c55-z6s5n   3m     57Mi   
1783199389
websocket-loadgen-zs64w             113m   31Mi   
websocket-server-8585946c55-8bcm5   6m     28Mi   
websocket-server-8585946c55-8wvjc   9m     34Mi   
websocket-server-8585946c55-c2nhc   7m     28Mi   
websocket-server-8585946c55-ckvfg   9m     56Mi   
websocket-server-8585946c55-fh8ff   10m    28Mi   
websocket-server-8585946c55-hz6j9   5m     29Mi   
websocket-server-8585946c55-k954b   25m    30Mi   
websocket-server-8585946c55-kmvv5   8m     28Mi   
websocket-server-8585946c55-l9gb5   18m    28Mi   
websocket-server-8585946c55-ltplk   10m    30Mi   
websocket-server-8585946c55-sjkhn   9m     28Mi   
websocket-server-8585946c55-vgw7f   10m    29Mi   
websocket-server-8585946c55-wgvnc   9m     28Mi   
websocket-server-8585946c55-xrq94   18m    28Mi   
websocket-server-8585946c55-z6s5n   3m     57Mi   
1783199394
websocket-loadgen-zs64w             51m   42Mi   
websocket-server-8585946c55-8bcm5   25m   28Mi   
websocket-server-8585946c55-8wvjc   22m   34Mi   
websocket-server-8585946c55-c2nhc   7m    28Mi   
websocket-server-8585946c55-ckvfg   66m   58Mi   
websocket-server-8585946c55-fh8ff   12m   28Mi   
websocket-server-8585946c55-hz6j9   5m    29Mi   
websocket-server-8585946c55-k954b   43m   31Mi   
websocket-server-8585946c55-kmvv5   13m   28Mi   
websocket-server-8585946c55-l9gb5   43m   28Mi   
websocket-server-8585946c55-ltplk   12m   30Mi   
websocket-server-8585946c55-sjkhn   36m   29Mi   
websocket-server-8585946c55-vgw7f   12m   29Mi   
websocket-server-8585946c55-wgvnc   9m    28Mi   
websocket-server-8585946c55-xrq94   39m   29Mi   
websocket-server-8585946c55-z6s5n   41m   59Mi   
1783199399
websocket-loadgen-zs64w             51m   42Mi   
websocket-server-8585946c55-8bcm5   25m   28Mi   
websocket-server-8585946c55-8wvjc   22m   34Mi   
websocket-server-8585946c55-ckvfg   66m   58Mi   
websocket-server-8585946c55-k954b   43m   31Mi   
websocket-server-8585946c55-l9gb5   43m   28Mi   
websocket-server-8585946c55-sjkhn   36m   29Mi   
websocket-server-8585946c55-wgvnc   9m    28Mi   
websocket-server-8585946c55-xrq94   39m   29Mi   
websocket-server-8585946c55-z6s5n   41m   59Mi   
1783199404
websocket-loadgen-zs64w             51m   42Mi   
websocket-server-8585946c55-8bcm5   25m   28Mi   
websocket-server-8585946c55-8wvjc   22m   34Mi   
websocket-server-8585946c55-ckvfg   66m   58Mi   
websocket-server-8585946c55-k954b   43m   31Mi   
websocket-server-8585946c55-l9gb5   43m   28Mi   
websocket-server-8585946c55-sjkhn   36m   29Mi   
websocket-server-8585946c55-wgvnc   9m    28Mi   
websocket-server-8585946c55-xrq94   39m   29Mi   
websocket-server-8585946c55-z6s5n   41m   59Mi   
1783199409
websocket-loadgen-zs64w             71m    47Mi   
websocket-server-8585946c55-8bcm5   31m    28Mi   
websocket-server-8585946c55-8wvjc   22m    34Mi   
websocket-server-8585946c55-ckvfg   207m   63Mi   
websocket-server-8585946c55-k954b   48m    31Mi   
websocket-server-8585946c55-l9gb5   44m    28Mi   
websocket-server-8585946c55-sjkhn   36m    29Mi   
websocket-server-8585946c55-wgvnc   20m    28Mi   
websocket-server-8585946c55-xrq94   39m    29Mi   
websocket-server-8585946c55-z6s5n   166m   61Mi   
1783199415
websocket-loadgen-zs64w             71m    47Mi   
websocket-server-8585946c55-ckvfg   207m   63Mi   
websocket-server-8585946c55-z6s5n   166m   61Mi   
1783199420
websocket-loadgen-zs64w             71m    47Mi   
websocket-server-8585946c55-ckvfg   207m   63Mi   
websocket-server-8585946c55-z6s5n   166m   61Mi   
1783199425
websocket-loadgen-zs64w             79m    56Mi   
websocket-server-8585946c55-ckvfg   356m   68Mi   
websocket-server-8585946c55-z6s5n   166m   61Mi   
1783199430
websocket-loadgen-zs64w             79m    56Mi   
websocket-server-8585946c55-ckvfg   356m   68Mi   
websocket-server-8585946c55-z6s5n   166m   61Mi   
1783199435
websocket-loadgen-zs64w             79m    56Mi   
websocket-server-8585946c55-ckvfg   356m   68Mi   
websocket-server-8585946c55-z6s5n   166m   61Mi   
1783199440
websocket-loadgen-zs64w             105m   76Mi   
websocket-server-8585946c55-bqxvs   100m   29Mi   
websocket-server-8585946c55-ckvfg   394m   69Mi   
websocket-server-8585946c55-jcvhg   59m    29Mi   
websocket-server-8585946c55-kgzn7   66m    29Mi   
websocket-server-8585946c55-tslrc   63m    29Mi   
websocket-server-8585946c55-z6s5n   349m   67Mi   
1783199446
websocket-loadgen-zs64w             105m   76Mi   
websocket-server-8585946c55-bqxvs   100m   29Mi   
websocket-server-8585946c55-ckvfg   394m   69Mi   
websocket-server-8585946c55-jcvhg   59m    29Mi   
websocket-server-8585946c55-kgzn7   66m    29Mi   
websocket-server-8585946c55-tslrc   63m    29Mi   
websocket-server-8585946c55-z6s5n   349m   67Mi   
1783199451
websocket-server-8585946c55-bqxvs   100m   29Mi   
websocket-server-8585946c55-ckvfg   394m   69Mi   
websocket-server-8585946c55-jcvhg   59m    29Mi   
websocket-server-8585946c55-kgzn7   66m    29Mi   
websocket-server-8585946c55-tslrc   63m    29Mi   
websocket-server-8585946c55-z6s5n   349m   67Mi   
1783199456
websocket-server-8585946c55-2qzqr   59m    28Mi   
websocket-server-8585946c55-bqxvs   78m    30Mi   
websocket-server-8585946c55-ckvfg   394m   69Mi   
websocket-server-8585946c55-jcvhg   71m    30Mi   
websocket-server-8585946c55-kgzn7   80m    30Mi   
websocket-server-8585946c55-kp2h8   24m    28Mi   
websocket-server-8585946c55-smmdb   16m    28Mi   
websocket-server-8585946c55-tslrc   86m    30Mi   
websocket-server-8585946c55-z6s5n   266m   67Mi   
1783199461
websocket-server-8585946c55-2qzqr   59m    28Mi   
websocket-server-8585946c55-bqxvs   78m    30Mi   
websocket-server-8585946c55-ckvfg   394m   69Mi   
websocket-server-8585946c55-jcvhg   71m    30Mi   
websocket-server-8585946c55-kgzn7   80m    30Mi   
websocket-server-8585946c55-kp2h8   24m    28Mi   
websocket-server-8585946c55-smmdb   16m    28Mi   
websocket-server-8585946c55-tslrc   86m    30Mi   
websocket-server-8585946c55-z6s5n   266m   67Mi   
1783199466
websocket-server-8585946c55-2qzqr   59m    28Mi   
websocket-server-8585946c55-bqxvs   78m    30Mi   
websocket-server-8585946c55-ckvfg   394m   69Mi   
websocket-server-8585946c55-jcvhg   71m    30Mi   
websocket-server-8585946c55-kgzn7   80m    30Mi   
websocket-server-8585946c55-kp2h8   24m    28Mi   
websocket-server-8585946c55-smmdb   16m    28Mi   
websocket-server-8585946c55-tslrc   86m    30Mi   
websocket-server-8585946c55-z6s5n   266m   67Mi   
1783199471
websocket-server-8585946c55-2qzqr   4m     28Mi   
websocket-server-8585946c55-4k8xv   0m     27Mi   
websocket-server-8585946c55-bqxvs   1m     30Mi   
websocket-server-8585946c55-ckvfg   151m   68Mi   
websocket-server-8585946c55-gt7lq   58m    27Mi   
websocket-server-8585946c55-j7gmc   56m    27Mi   
websocket-server-8585946c55-jcvhg   1m     30Mi   
websocket-server-8585946c55-kgzn7   13m    30Mi   
websocket-server-8585946c55-kp2h8   0m     28Mi   
websocket-server-8585946c55-pll88   54m    27Mi   
websocket-server-8585946c55-prrjn   0m     27Mi   
websocket-server-8585946c55-smmdb   1m     28Mi   
websocket-server-8585946c55-tslrc   9m     30Mi   
websocket-server-8585946c55-z67jd   1m     27Mi   
websocket-server-8585946c55-z6s5n   1m     67Mi   
1783199476
websocket-server-8585946c55-2qzqr   4m     28Mi   
websocket-server-8585946c55-4k8xv   0m     27Mi   
websocket-server-8585946c55-bqxvs   1m     30Mi   
websocket-server-8585946c55-ckvfg   151m   68Mi   
websocket-server-8585946c55-gt7lq   58m    27Mi   
websocket-server-8585946c55-j7gmc   56m    27Mi   
websocket-server-8585946c55-jcvhg   1m     30Mi   
websocket-server-8585946c55-kgzn7   13m    30Mi   
websocket-server-8585946c55-kp2h8   0m     28Mi   
websocket-server-8585946c55-pll88   54m    27Mi   
websocket-server-8585946c55-prrjn   0m     27Mi   
websocket-server-8585946c55-smmdb   1m     28Mi   
websocket-server-8585946c55-tslrc   9m     30Mi   
websocket-server-8585946c55-z67jd   1m     27Mi   
websocket-server-8585946c55-z6s5n   1m     67Mi   
1783199481
websocket-server-8585946c55-2qzqr   4m     28Mi   
websocket-server-8585946c55-4k8xv   0m     27Mi   
websocket-server-8585946c55-bqxvs   1m     30Mi   
websocket-server-8585946c55-ckvfg   151m   68Mi   
websocket-server-8585946c55-gt7lq   58m    27Mi   
websocket-server-8585946c55-j7gmc   56m    27Mi   
websocket-server-8585946c55-jcvhg   1m     30Mi   
websocket-server-8585946c55-kgzn7   13m    30Mi   
websocket-server-8585946c55-kp2h8   0m     28Mi   
websocket-server-8585946c55-pll88   54m    27Mi   
websocket-server-8585946c55-prrjn   0m     27Mi   
websocket-server-8585946c55-smmdb   1m     28Mi   
websocket-server-8585946c55-tslrc   9m     30Mi   
websocket-server-8585946c55-z67jd   1m     27Mi   
websocket-server-8585946c55-z6s5n   1m     67Mi   
1783199486
websocket-server-8585946c55-2qzqr   1m    28Mi   
websocket-server-8585946c55-4k8xv   1m    27Mi   
websocket-server-8585946c55-bqxvs   1m    30Mi   
websocket-server-8585946c55-ckvfg   1m    68Mi   
websocket-server-8585946c55-gt7lq   1m    27Mi   
websocket-server-8585946c55-j7gmc   1m    27Mi   
websocket-server-8585946c55-jcvhg   1m    30Mi   
websocket-server-8585946c55-kgzn7   13m   30Mi   
websocket-server-8585946c55-kp2h8   1m    28Mi   
websocket-server-8585946c55-pll88   1m    27Mi   
websocket-server-8585946c55-prrjn   1m    27Mi   
websocket-server-8585946c55-smmdb   1m    28Mi   
websocket-server-8585946c55-tslrc   1m    30Mi   
websocket-server-8585946c55-z67jd   1m    27Mi   
websocket-server-8585946c55-z6s5n   1m    67Mi   
1783199492
websocket-server-8585946c55-2qzqr   1m    28Mi   
websocket-server-8585946c55-4k8xv   1m    27Mi   
websocket-server-8585946c55-bqxvs   1m    30Mi   
websocket-server-8585946c55-ckvfg   1m    68Mi   
websocket-server-8585946c55-gt7lq   1m    27Mi   
websocket-server-8585946c55-j7gmc   1m    27Mi   
websocket-server-8585946c55-jcvhg   1m    30Mi   
websocket-server-8585946c55-kgzn7   13m   30Mi   
websocket-server-8585946c55-kp2h8   1m    28Mi   
websocket-server-8585946c55-pll88   1m    27Mi   
websocket-server-8585946c55-prrjn   1m    27Mi   
websocket-server-8585946c55-smmdb   1m    28Mi   
websocket-server-8585946c55-tslrc   1m    30Mi   
websocket-server-8585946c55-z67jd   1m    27Mi   
websocket-server-8585946c55-z6s5n   1m    67Mi   
1783199497
websocket-server-8585946c55-2qzqr   1m    28Mi   
websocket-server-8585946c55-4k8xv   1m    27Mi   
websocket-server-8585946c55-bqxvs   1m    30Mi   
websocket-server-8585946c55-ckvfg   1m    68Mi   
websocket-server-8585946c55-gt7lq   1m    27Mi   
websocket-server-8585946c55-j7gmc   1m    27Mi   
websocket-server-8585946c55-jcvhg   1m    30Mi   
websocket-server-8585946c55-kgzn7   13m   30Mi   
websocket-server-8585946c55-kp2h8   1m    28Mi   
websocket-server-8585946c55-pll88   1m    27Mi   
websocket-server-8585946c55-prrjn   1m    27Mi   
websocket-server-8585946c55-smmdb   1m    28Mi   
websocket-server-8585946c55-tslrc   1m    30Mi   
websocket-server-8585946c55-z67jd   1m    27Mi   
websocket-server-8585946c55-z6s5n   1m    67Mi   
1783199502
websocket-server-8585946c55-2qzqr   1m    28Mi   
websocket-server-8585946c55-4k8xv   1m    27Mi   
websocket-server-8585946c55-bqxvs   1m    30Mi   
websocket-server-8585946c55-ckvfg   1m    68Mi   
websocket-server-8585946c55-gt7lq   1m    27Mi   
websocket-server-8585946c55-j7gmc   1m    27Mi   
websocket-server-8585946c55-jcvhg   1m    30Mi   
websocket-server-8585946c55-kgzn7   1m    30Mi   
websocket-server-8585946c55-kp2h8   1m    28Mi   
websocket-server-8585946c55-pll88   1m    27Mi   
websocket-server-8585946c55-prrjn   1m    27Mi   
websocket-server-8585946c55-smmdb   1m    28Mi   
websocket-server-8585946c55-tslrc   1m    30Mi   
websocket-server-8585946c55-z67jd   1m    27Mi   
websocket-server-8585946c55-z6s5n   1m    67Mi   
1783199507
websocket-server-8585946c55-2qzqr   1m    28Mi   
websocket-server-8585946c55-4k8xv   1m    27Mi   
websocket-server-8585946c55-bqxvs   1m    30Mi   
websocket-server-8585946c55-ckvfg   1m    68Mi   
websocket-server-8585946c55-gt7lq   1m    27Mi   
websocket-server-8585946c55-j7gmc   1m    27Mi   
websocket-server-8585946c55-jcvhg   1m    30Mi   
websocket-server-8585946c55-kgzn7   1m    30Mi   
websocket-server-8585946c55-kp2h8   1m    28Mi   
websocket-server-8585946c55-pll88   1m    27Mi   
websocket-server-8585946c55-prrjn   1m    27Mi   
websocket-server-8585946c55-smmdb   1m    28Mi   
websocket-server-8585946c55-tslrc   1m    30Mi   
websocket-server-8585946c55-z67jd   1m    27Mi   
websocket-server-8585946c55-z6s5n   1m    67Mi   
1783199512
websocket-server-8585946c55-2qzqr   1m    28Mi   
websocket-server-8585946c55-4k8xv   1m    27Mi   
websocket-server-8585946c55-bqxvs   1m    30Mi   
websocket-server-8585946c55-ckvfg   1m    68Mi   
websocket-server-8585946c55-gt7lq   1m    27Mi   
websocket-server-8585946c55-j7gmc   1m    27Mi   
websocket-server-8585946c55-jcvhg   1m    30Mi   
websocket-server-8585946c55-kgzn7   1m    30Mi   
websocket-server-8585946c55-kp2h8   1m    28Mi   
websocket-server-8585946c55-pll88   1m    27Mi   
websocket-server-8585946c55-prrjn   1m    27Mi   
websocket-server-8585946c55-smmdb   1m    28Mi   
websocket-server-8585946c55-tslrc   1m    30Mi   
websocket-server-8585946c55-z67jd   1m    27Mi   
websocket-server-8585946c55-z6s5n   1m    67Mi   
1783199517
websocket-server-8585946c55-2qzqr   0m    28Mi   
websocket-server-8585946c55-4k8xv   1m    27Mi   
websocket-server-8585946c55-bqxvs   1m    30Mi   
websocket-server-8585946c55-ckvfg   2m    68Mi   
websocket-server-8585946c55-gt7lq   1m    27Mi   
websocket-server-8585946c55-j7gmc   3m    28Mi   
websocket-server-8585946c55-jcvhg   0m    30Mi   
websocket-server-8585946c55-kgzn7   1m    30Mi   
websocket-server-8585946c55-kp2h8   1m    28Mi   
websocket-server-8585946c55-pll88   1m    27Mi   
websocket-server-8585946c55-prrjn   1m    27Mi   
websocket-server-8585946c55-smmdb   1m    28Mi   
websocket-server-8585946c55-tslrc   2m    30Mi   
websocket-server-8585946c55-z67jd   1m    27Mi   
websocket-server-8585946c55-z6s5n   1m    67Mi   
1783199522
websocket-server-8585946c55-2qzqr   0m    28Mi   
websocket-server-8585946c55-4k8xv   1m    27Mi   
websocket-server-8585946c55-bqxvs   1m    30Mi   
websocket-server-8585946c55-ckvfg   2m    68Mi   
websocket-server-8585946c55-gt7lq   1m    27Mi   
websocket-server-8585946c55-j7gmc   3m    28Mi   
websocket-server-8585946c55-jcvhg   0m    30Mi   
websocket-server-8585946c55-kgzn7   1m    30Mi   
websocket-server-8585946c55-kp2h8   1m    28Mi   
websocket-server-8585946c55-pll88   1m    27Mi   
websocket-server-8585946c55-prrjn   1m    27Mi   
websocket-server-8585946c55-smmdb   1m    28Mi   
websocket-server-8585946c55-tslrc   2m    30Mi   
websocket-server-8585946c55-z67jd   1m    27Mi   
websocket-server-8585946c55-z6s5n   1m    67Mi   
1783199527
websocket-server-8585946c55-2qzqr   0m    28Mi   
websocket-server-8585946c55-4k8xv   1m    27Mi   
websocket-server-8585946c55-bqxvs   1m    30Mi   
websocket-server-8585946c55-ckvfg   2m    68Mi   
websocket-server-8585946c55-gt7lq   1m    27Mi   
websocket-server-8585946c55-j7gmc   3m    28Mi   
websocket-server-8585946c55-jcvhg   0m    30Mi   
websocket-server-8585946c55-kgzn7   1m    30Mi   
websocket-server-8585946c55-kp2h8   1m    28Mi   
websocket-server-8585946c55-pll88   1m    27Mi   
websocket-server-8585946c55-prrjn   1m    27Mi   
websocket-server-8585946c55-smmdb   1m    28Mi   
websocket-server-8585946c55-tslrc   2m    30Mi   
websocket-server-8585946c55-z67jd   1m    27Mi   
websocket-server-8585946c55-z6s5n   1m    67Mi   
1783199533
websocket-loadgen-vjh68             39m   34Mi   
websocket-server-8585946c55-2qzqr   11m   28Mi   
websocket-server-8585946c55-4k8xv   1m    27Mi   
websocket-server-8585946c55-bqxvs   5m    30Mi   
websocket-server-8585946c55-ckvfg   17m   69Mi   
websocket-server-8585946c55-gt7lq   6m    28Mi   
websocket-server-8585946c55-j7gmc   3m    28Mi   
websocket-server-8585946c55-jcvhg   9m    30Mi   
websocket-server-8585946c55-kgzn7   7m    30Mi   
websocket-server-8585946c55-kp2h8   2m    28Mi   
websocket-server-8585946c55-pll88   9m    28Mi   
websocket-server-8585946c55-prrjn   11m   28Mi   
websocket-server-8585946c55-smmdb   7m    28Mi   
websocket-server-8585946c55-tslrc   10m   30Mi   
websocket-server-8585946c55-z67jd   26m   29Mi   
websocket-server-8585946c55-z6s5n   26m   69Mi   
1783199538
websocket-loadgen-vjh68             39m   34Mi   
websocket-server-8585946c55-2qzqr   11m   28Mi   
websocket-server-8585946c55-4k8xv   1m    27Mi   
websocket-server-8585946c55-bqxvs   5m    30Mi   
websocket-server-8585946c55-ckvfg   17m   69Mi   
websocket-server-8585946c55-gt7lq   6m    28Mi   
websocket-server-8585946c55-j7gmc   3m    28Mi   
websocket-server-8585946c55-jcvhg   9m    30Mi   
websocket-server-8585946c55-kgzn7   7m    30Mi   
websocket-server-8585946c55-kp2h8   2m    28Mi   
websocket-server-8585946c55-pll88   9m    28Mi   
websocket-server-8585946c55-prrjn   11m   28Mi   
websocket-server-8585946c55-smmdb   7m    28Mi   
websocket-server-8585946c55-tslrc   10m   30Mi   
websocket-server-8585946c55-z67jd   26m   29Mi   
websocket-server-8585946c55-z6s5n   26m   69Mi   
1783199543
websocket-loadgen-vjh68             39m   34Mi   
websocket-server-8585946c55-2qzqr   11m   28Mi   
websocket-server-8585946c55-4k8xv   1m    27Mi   
websocket-server-8585946c55-bqxvs   5m    30Mi   
websocket-server-8585946c55-ckvfg   17m   69Mi   
websocket-server-8585946c55-gt7lq   6m    28Mi   
websocket-server-8585946c55-j7gmc   3m    28Mi   
websocket-server-8585946c55-jcvhg   9m    30Mi   
websocket-server-8585946c55-kgzn7   7m    30Mi   
websocket-server-8585946c55-kp2h8   2m    28Mi   
websocket-server-8585946c55-pll88   9m    28Mi   
websocket-server-8585946c55-prrjn   11m   28Mi   
websocket-server-8585946c55-smmdb   7m    28Mi   
websocket-server-8585946c55-tslrc   10m   30Mi   
websocket-server-8585946c55-z67jd   26m   29Mi   
websocket-server-8585946c55-z6s5n   26m   69Mi   
1783199548
websocket-loadgen-vjh68             56m   43Mi   
websocket-server-8585946c55-2qzqr   12m   28Mi   
websocket-server-8585946c55-4k8xv   9m    28Mi   
websocket-server-8585946c55-bqxvs   9m    30Mi   
websocket-server-8585946c55-ckvfg   68m   71Mi   
websocket-server-8585946c55-gt7lq   9m    28Mi   
websocket-server-8585946c55-j7gmc   15m   28Mi   
websocket-server-8585946c55-jcvhg   17m   30Mi   
websocket-server-8585946c55-kgzn7   8m    30Mi   
websocket-server-8585946c55-kp2h8   3m    28Mi   
websocket-server-8585946c55-pll88   12m   28Mi   
websocket-server-8585946c55-prrjn   11m   28Mi   
websocket-server-8585946c55-smmdb   17m   28Mi   
websocket-server-8585946c55-tslrc   11m   30Mi   
websocket-server-8585946c55-z67jd   64m   29Mi   
websocket-server-8585946c55-z6s5n   91m   70Mi   
1783199553
websocket-loadgen-vjh68             56m   43Mi   
websocket-server-8585946c55-ckvfg   68m   71Mi   
websocket-server-8585946c55-z67jd   64m   29Mi   
websocket-server-8585946c55-z6s5n   91m   70Mi   
1783199558
websocket-loadgen-vjh68             56m   43Mi   
websocket-server-8585946c55-ckvfg   68m   71Mi   
websocket-server-8585946c55-z67jd   64m   29Mi   
websocket-server-8585946c55-z6s5n   91m   70Mi   
1783199563
websocket-loadgen-vjh68             56m    43Mi   
websocket-server-8585946c55-ckvfg   146m   72Mi   
websocket-server-8585946c55-z67jd   65m    29Mi   
websocket-server-8585946c55-z6s5n   160m   72Mi   
1783199568
websocket-loadgen-vjh68             56m    43Mi   
websocket-server-8585946c55-ckvfg   146m   72Mi   
websocket-server-8585946c55-z6s5n   160m   72Mi   
1783199573
websocket-loadgen-vjh68             56m    43Mi   
websocket-server-8585946c55-ckvfg   146m   72Mi   
websocket-server-8585946c55-z6s5n   160m   72Mi   
1783199579
websocket-loadgen-vjh68             86m    65Mi   
websocket-server-8585946c55-ckvfg   263m   77Mi   
websocket-server-8585946c55-fsssr   98m    31Mi   
websocket-server-8585946c55-z6s5n   293m   79Mi   
1783199584
websocket-loadgen-vjh68             86m    65Mi   
websocket-server-8585946c55-ckvfg   263m   77Mi   
websocket-server-8585946c55-fsssr   98m    31Mi   
websocket-server-8585946c55-z6s5n   293m   79Mi   
1783199589
websocket-loadgen-vjh68             91m    73Mi   
websocket-server-8585946c55-7c9ls   72m    28Mi   
websocket-server-8585946c55-ckvfg   326m   79Mi   
websocket-server-8585946c55-fsssr   149m   33Mi   
websocket-server-8585946c55-gc56b   50m    28Mi   
websocket-server-8585946c55-njpz6   84m    28Mi   
websocket-server-8585946c55-z6s5n   363m   81Mi   
1783199594
websocket-loadgen-vjh68             91m    73Mi   
websocket-server-8585946c55-7c9ls   72m    28Mi   
websocket-server-8585946c55-ckvfg   326m   79Mi   
websocket-server-8585946c55-fsssr   149m   33Mi   
websocket-server-8585946c55-gc56b   50m    28Mi   
websocket-server-8585946c55-njpz6   84m    28Mi   
websocket-server-8585946c55-z6s5n   363m   81Mi   
1783199599
websocket-server-8585946c55-7c9ls   72m    28Mi   
websocket-server-8585946c55-ckvfg   326m   79Mi   
websocket-server-8585946c55-fsssr   149m   33Mi   
websocket-server-8585946c55-gc56b   50m    28Mi   
websocket-server-8585946c55-njpz6   84m    28Mi   
websocket-server-8585946c55-z6s5n   363m   81Mi   
1783199604
websocket-server-8585946c55-7c9ls   43m    28Mi   
websocket-server-8585946c55-cj72b   11m    28Mi   
websocket-server-8585946c55-ckvfg   358m   79Mi   
websocket-server-8585946c55-dr8xr   25m    28Mi   
websocket-server-8585946c55-fsssr   101m   32Mi   
websocket-server-8585946c55-gc56b   67m    29Mi   
websocket-server-8585946c55-hf25x   65m    28Mi   
websocket-server-8585946c55-lcm2z   17m    28Mi   
websocket-server-8585946c55-njpz6   67m    29Mi   
websocket-server-8585946c55-pgvbw   10m    28Mi   
websocket-server-8585946c55-z6s5n   417m   79Mi   
1783199609
websocket-server-8585946c55-7c9ls   43m    28Mi   
websocket-server-8585946c55-cj72b   11m    28Mi   
websocket-server-8585946c55-ckvfg   358m   79Mi   
websocket-server-8585946c55-dr8xr   25m    28Mi   
websocket-server-8585946c55-fsssr   101m   32Mi   
websocket-server-8585946c55-gc56b   67m    29Mi   
websocket-server-8585946c55-hf25x   65m    28Mi   
websocket-server-8585946c55-lcm2z   17m    28Mi   
websocket-server-8585946c55-njpz6   67m    29Mi   
websocket-server-8585946c55-pgvbw   10m    28Mi   
websocket-server-8585946c55-z6s5n   417m   79Mi   
1783199614
websocket-server-8585946c55-7c9ls   43m    28Mi   
websocket-server-8585946c55-cj72b   11m    28Mi   
websocket-server-8585946c55-ckvfg   358m   79Mi   
websocket-server-8585946c55-dr8xr   25m    28Mi   
websocket-server-8585946c55-fsssr   101m   32Mi   
websocket-server-8585946c55-gc56b   67m    29Mi   
websocket-server-8585946c55-hf25x   65m    28Mi   
websocket-server-8585946c55-lcm2z   17m    28Mi   
websocket-server-8585946c55-njpz6   67m    29Mi   
websocket-server-8585946c55-pgvbw   10m    28Mi   
websocket-server-8585946c55-z6s5n   417m   79Mi   
1783199619
websocket-server-8585946c55-6mp4k   0m     28Mi   
websocket-server-8585946c55-7c9ls   20m    29Mi   
websocket-server-8585946c55-cj72b   4m     28Mi   
websocket-server-8585946c55-ckvfg   0m     79Mi   
websocket-server-8585946c55-dr8xr   3m     28Mi   
websocket-server-8585946c55-fsssr   101m   32Mi   
websocket-server-8585946c55-gc56b   12m    29Mi   
websocket-server-8585946c55-hf25x   5m     28Mi   
websocket-server-8585946c55-jqnr4   1m     27Mi   
websocket-server-8585946c55-lcm2z   5m     28Mi   
websocket-server-8585946c55-lhft4   64m    28Mi   
websocket-server-8585946c55-njpz6   1m     29Mi   
websocket-server-8585946c55-pgvbw   1m     28Mi   
websocket-server-8585946c55-xldfh   1m     27Mi   
websocket-server-8585946c55-z6s5n   1m     79Mi   
1783199625
websocket-server-8585946c55-6mp4k   0m     28Mi   
websocket-server-8585946c55-7c9ls   20m    29Mi   
websocket-server-8585946c55-cj72b   4m     28Mi   
websocket-server-8585946c55-ckvfg   0m     79Mi   
websocket-server-8585946c55-dr8xr   3m     28Mi   
websocket-server-8585946c55-fsssr   101m   32Mi   
websocket-server-8585946c55-gc56b   12m    29Mi   
websocket-server-8585946c55-hf25x   5m     28Mi   
websocket-server-8585946c55-jqnr4   1m     27Mi   
websocket-server-8585946c55-lcm2z   5m     28Mi   
websocket-server-8585946c55-lhft4   64m    28Mi   
websocket-server-8585946c55-njpz6   1m     29Mi   
websocket-server-8585946c55-pgvbw   1m     28Mi   
websocket-server-8585946c55-xldfh   1m     27Mi   
websocket-server-8585946c55-z6s5n   1m     79Mi   
1783199630
websocket-server-8585946c55-6mp4k   0m     28Mi   
websocket-server-8585946c55-7c9ls   20m    29Mi   
websocket-server-8585946c55-cj72b   4m     28Mi   
websocket-server-8585946c55-ckvfg   0m     79Mi   
websocket-server-8585946c55-dr8xr   3m     28Mi   
websocket-server-8585946c55-fsssr   101m   32Mi   
websocket-server-8585946c55-gc56b   12m    29Mi   
websocket-server-8585946c55-hf25x   5m     28Mi   
websocket-server-8585946c55-jqnr4   1m     27Mi   
websocket-server-8585946c55-lcm2z   5m     28Mi   
websocket-server-8585946c55-lhft4   64m    28Mi   
websocket-server-8585946c55-njpz6   1m     29Mi   
websocket-server-8585946c55-pgvbw   1m     28Mi   
websocket-server-8585946c55-xldfh   1m     27Mi   
websocket-server-8585946c55-z6s5n   1m     79Mi   
1783199635
websocket-server-8585946c55-6mp4k   1m    28Mi   
websocket-server-8585946c55-7c9ls   1m    29Mi   
websocket-server-8585946c55-cj72b   1m    28Mi   
websocket-server-8585946c55-ckvfg   1m    79Mi   
websocket-server-8585946c55-dr8xr   1m    28Mi   
websocket-server-8585946c55-fsssr   1m    32Mi   
websocket-server-8585946c55-gc56b   1m    29Mi   
websocket-server-8585946c55-hf25x   0m    28Mi   
websocket-server-8585946c55-jqnr4   1m    27Mi   
websocket-server-8585946c55-lcm2z   1m    28Mi   
websocket-server-8585946c55-lhft4   1m    28Mi   
websocket-server-8585946c55-njpz6   1m    29Mi   
websocket-server-8585946c55-pgvbw   1m    28Mi   
websocket-server-8585946c55-xldfh   0m    27Mi   
websocket-server-8585946c55-z6s5n   1m    79Mi   
1783199640
websocket-server-8585946c55-6mp4k   1m    28Mi   
websocket-server-8585946c55-7c9ls   1m    29Mi   
websocket-server-8585946c55-cj72b   1m    28Mi   
websocket-server-8585946c55-ckvfg   1m    79Mi   
websocket-server-8585946c55-dr8xr   1m    28Mi   
websocket-server-8585946c55-fsssr   1m    32Mi   
websocket-server-8585946c55-gc56b   1m    29Mi   
websocket-server-8585946c55-hf25x   0m    28Mi   
websocket-server-8585946c55-jqnr4   1m    27Mi   
websocket-server-8585946c55-lcm2z   1m    28Mi   
websocket-server-8585946c55-lhft4   1m    28Mi   
websocket-server-8585946c55-njpz6   1m    29Mi   
websocket-server-8585946c55-pgvbw   1m    28Mi   
websocket-server-8585946c55-xldfh   0m    27Mi   
websocket-server-8585946c55-z6s5n   1m    79Mi   
1783199645
websocket-server-8585946c55-6mp4k   1m    28Mi   
websocket-server-8585946c55-7c9ls   1m    29Mi   
websocket-server-8585946c55-cj72b   1m    28Mi   
websocket-server-8585946c55-ckvfg   1m    79Mi   
websocket-server-8585946c55-dr8xr   1m    28Mi   
websocket-server-8585946c55-fsssr   1m    32Mi   
websocket-server-8585946c55-gc56b   1m    29Mi   
websocket-server-8585946c55-hf25x   0m    28Mi   
websocket-server-8585946c55-jqnr4   1m    27Mi   
websocket-server-8585946c55-lcm2z   1m    28Mi   
websocket-server-8585946c55-lhft4   1m    28Mi   
websocket-server-8585946c55-njpz6   1m    29Mi   
websocket-server-8585946c55-pgvbw   1m    28Mi   
websocket-server-8585946c55-xldfh   0m    27Mi   
websocket-server-8585946c55-z6s5n   1m    79Mi   
1783199650
websocket-server-8585946c55-6mp4k   1m    28Mi   
websocket-server-8585946c55-7c9ls   0m    29Mi   
websocket-server-8585946c55-cj72b   1m    28Mi   
websocket-server-8585946c55-ckvfg   1m    79Mi   
websocket-server-8585946c55-dr8xr   1m    28Mi   
websocket-server-8585946c55-fsssr   1m    32Mi   
websocket-server-8585946c55-gc56b   0m    29Mi   
websocket-server-8585946c55-hf25x   1m    28Mi   
websocket-server-8585946c55-jqnr4   1m    27Mi   
websocket-server-8585946c55-lcm2z   1m    28Mi   
websocket-server-8585946c55-lhft4   1m    28Mi   
websocket-server-8585946c55-njpz6   1m    29Mi   
websocket-server-8585946c55-pgvbw   1m    28Mi   
websocket-server-8585946c55-xldfh   0m    27Mi   
websocket-server-8585946c55-z6s5n   1m    79Mi   
1783199655
websocket-server-8585946c55-6mp4k   1m    28Mi   
websocket-server-8585946c55-7c9ls   0m    29Mi   
websocket-server-8585946c55-cj72b   1m    28Mi   
websocket-server-8585946c55-ckvfg   1m    79Mi   
websocket-server-8585946c55-dr8xr   1m    28Mi   
websocket-server-8585946c55-fsssr   1m    32Mi   
websocket-server-8585946c55-gc56b   0m    29Mi   
websocket-server-8585946c55-hf25x   1m    28Mi   
websocket-server-8585946c55-jqnr4   1m    27Mi   
websocket-server-8585946c55-lcm2z   1m    28Mi   
websocket-server-8585946c55-lhft4   1m    28Mi   
websocket-server-8585946c55-njpz6   1m    29Mi   
websocket-server-8585946c55-pgvbw   1m    28Mi   
websocket-server-8585946c55-xldfh   0m    27Mi   
websocket-server-8585946c55-z6s5n   1m    79Mi   
1783199660
websocket-server-8585946c55-6mp4k   1m    28Mi   
websocket-server-8585946c55-7c9ls   0m    29Mi   
websocket-server-8585946c55-cj72b   1m    28Mi   
websocket-server-8585946c55-ckvfg   1m    79Mi   
websocket-server-8585946c55-dr8xr   1m    28Mi   
websocket-server-8585946c55-fsssr   1m    32Mi   
websocket-server-8585946c55-gc56b   0m    29Mi   
websocket-server-8585946c55-hf25x   1m    28Mi   
websocket-server-8585946c55-jqnr4   1m    27Mi   
websocket-server-8585946c55-lcm2z   1m    28Mi   
websocket-server-8585946c55-lhft4   1m    28Mi   
websocket-server-8585946c55-njpz6   1m    29Mi   
websocket-server-8585946c55-pgvbw   1m    28Mi   
websocket-server-8585946c55-xldfh   0m    27Mi   
websocket-server-8585946c55-z6s5n   1m    79Mi   
1783199665
websocket-server-8585946c55-6mp4k   1m    28Mi   
websocket-server-8585946c55-7c9ls   1m    29Mi   
websocket-server-8585946c55-cj72b   1m    28Mi   
websocket-server-8585946c55-ckvfg   1m    79Mi   
websocket-server-8585946c55-dr8xr   1m    28Mi   
websocket-server-8585946c55-fsssr   1m    32Mi   
websocket-server-8585946c55-gc56b   1m    29Mi   
websocket-server-8585946c55-hf25x   1m    28Mi   
websocket-server-8585946c55-jqnr4   1m    27Mi   
websocket-server-8585946c55-lcm2z   1m    28Mi   
websocket-server-8585946c55-lhft4   1m    28Mi   
websocket-server-8585946c55-njpz6   1m    29Mi   
websocket-server-8585946c55-pgvbw   1m    28Mi   
websocket-server-8585946c55-xldfh   1m    27Mi   
websocket-server-8585946c55-z6s5n   1m    79Mi   
1783199670
websocket-server-8585946c55-6mp4k   1m    28Mi   
websocket-server-8585946c55-7c9ls   1m    29Mi   
websocket-server-8585946c55-cj72b   1m    28Mi   
websocket-server-8585946c55-ckvfg   1m    79Mi   
websocket-server-8585946c55-dr8xr   1m    28Mi   
websocket-server-8585946c55-fsssr   1m    32Mi   
websocket-server-8585946c55-gc56b   1m    29Mi   
websocket-server-8585946c55-hf25x   1m    28Mi   
websocket-server-8585946c55-jqnr4   1m    27Mi   
websocket-server-8585946c55-lcm2z   1m    28Mi   
websocket-server-8585946c55-lhft4   1m    28Mi   
websocket-server-8585946c55-njpz6   1m    29Mi   
websocket-server-8585946c55-pgvbw   1m    28Mi   
websocket-server-8585946c55-xldfh   1m    27Mi   
websocket-server-8585946c55-z6s5n   1m    79Mi   
1783199676
websocket-server-8585946c55-6mp4k   1m    28Mi   
websocket-server-8585946c55-7c9ls   1m    29Mi   
websocket-server-8585946c55-cj72b   1m    28Mi   
websocket-server-8585946c55-ckvfg   1m    79Mi   
websocket-server-8585946c55-dr8xr   1m    28Mi   
websocket-server-8585946c55-fsssr   1m    32Mi   
websocket-server-8585946c55-gc56b   1m    29Mi   
websocket-server-8585946c55-hf25x   1m    28Mi   
websocket-server-8585946c55-jqnr4   1m    27Mi   
websocket-server-8585946c55-lcm2z   1m    28Mi   
websocket-server-8585946c55-lhft4   1m    28Mi   
websocket-server-8585946c55-njpz6   1m    29Mi   
websocket-server-8585946c55-pgvbw   1m    28Mi   
websocket-server-8585946c55-xldfh   1m    27Mi   
websocket-server-8585946c55-z6s5n   1m    79Mi   
1783199681
websocket-server-8585946c55-6mp4k   1m    28Mi   
websocket-server-8585946c55-7c9ls   1m    29Mi   
websocket-server-8585946c55-cj72b   1m    28Mi   
websocket-server-8585946c55-ckvfg   1m    79Mi   
websocket-server-8585946c55-dr8xr   1m    28Mi   
websocket-server-8585946c55-fsssr   1m    32Mi   
websocket-server-8585946c55-gc56b   1m    29Mi   
websocket-server-8585946c55-hf25x   1m    28Mi   
websocket-server-8585946c55-jqnr4   1m    27Mi   
websocket-server-8585946c55-lcm2z   1m    28Mi   
websocket-server-8585946c55-lhft4   1m    28Mi   
websocket-server-8585946c55-njpz6   1m    29Mi   
websocket-server-8585946c55-pgvbw   0m    28Mi   
websocket-server-8585946c55-xldfh   1m    27Mi   
websocket-server-8585946c55-z6s5n   1m    79Mi   
1783199686
websocket-server-8585946c55-6mp4k   1m    28Mi   
websocket-server-8585946c55-7c9ls   1m    29Mi   
websocket-server-8585946c55-cj72b   1m    28Mi   
websocket-server-8585946c55-ckvfg   1m    79Mi   
websocket-server-8585946c55-dr8xr   1m    28Mi   
websocket-server-8585946c55-fsssr   1m    32Mi   
websocket-server-8585946c55-gc56b   1m    29Mi   
websocket-server-8585946c55-hf25x   1m    28Mi   
websocket-server-8585946c55-jqnr4   1m    27Mi   
websocket-server-8585946c55-lcm2z   1m    28Mi   
websocket-server-8585946c55-lhft4   1m    28Mi   
websocket-server-8585946c55-njpz6   1m    29Mi   
websocket-server-8585946c55-pgvbw   0m    28Mi   
websocket-server-8585946c55-xldfh   1m    27Mi   
websocket-server-8585946c55-z6s5n   1m    79Mi   
1783199691
websocket-server-8585946c55-6mp4k   1m    28Mi   
websocket-server-8585946c55-7c9ls   1m    29Mi   
websocket-server-8585946c55-cj72b   1m    28Mi   
websocket-server-8585946c55-ckvfg   1m    79Mi   
websocket-server-8585946c55-dr8xr   1m    28Mi   
websocket-server-8585946c55-fsssr   1m    32Mi   
websocket-server-8585946c55-gc56b   1m    29Mi   
websocket-server-8585946c55-hf25x   1m    28Mi   
websocket-server-8585946c55-jqnr4   1m    27Mi   
websocket-server-8585946c55-lcm2z   1m    28Mi   
websocket-server-8585946c55-lhft4   1m    28Mi   
websocket-server-8585946c55-njpz6   1m    29Mi   
websocket-server-8585946c55-pgvbw   0m    28Mi   
websocket-server-8585946c55-xldfh   1m    27Mi   
websocket-server-8585946c55-z6s5n   1m    79Mi   
1783199696
websocket-server-8585946c55-6mp4k   1m    28Mi   
websocket-server-8585946c55-7c9ls   1m    29Mi   
websocket-server-8585946c55-cj72b   1m    28Mi   
websocket-server-8585946c55-ckvfg   1m    79Mi   
websocket-server-8585946c55-dr8xr   1m    28Mi   
websocket-server-8585946c55-fsssr   1m    32Mi   
websocket-server-8585946c55-gc56b   1m    29Mi   
websocket-server-8585946c55-hf25x   1m    28Mi   
websocket-server-8585946c55-jqnr4   0m    27Mi   
websocket-server-8585946c55-lcm2z   1m    28Mi   
websocket-server-8585946c55-lhft4   1m    28Mi   
websocket-server-8585946c55-njpz6   1m    29Mi   
websocket-server-8585946c55-pgvbw   1m    28Mi   
websocket-server-8585946c55-xldfh   1m    27Mi   
websocket-server-8585946c55-z6s5n   1m    79Mi   
1783199701
websocket-server-8585946c55-ckvfg   1m    79Mi   
websocket-server-8585946c55-njpz6   1m    29Mi   
websocket-server-8585946c55-z6s5n   1m    79Mi   
1783199706
websocket-server-8585946c55-ckvfg   1m    79Mi   
websocket-server-8585946c55-njpz6   1m    29Mi   
websocket-server-8585946c55-z6s5n   1m    79Mi   
1783199711
websocket-server-8585946c55-ckvfg   1m    79Mi   
websocket-server-8585946c55-njpz6   1m    29Mi   
websocket-server-8585946c55-z6s5n   1m    79Mi   
1783199716
websocket-server-8585946c55-ckvfg   1m    79Mi   
websocket-server-8585946c55-z6s5n   1m    79Mi   
